line,accident_year,actual_payment_cents,predicted_payment_cents,training_cutoff,evaluation_year,error_cents
Auto,2015,5403573,5672571.12897849,2023,2024,268998.12897849
Auto,2016,11898647,12673295.31838083,2023,2024,774648.31838083
Auto,2017,18644555,19621640.52963829,2023,2024,977085.52963829
Auto,2018,38321763,37605633.16360068,2023,2024,-716129.83639932
Auto,2019,54753542,57185706.61790586,2023,2024,2432164.61790586
Auto,2020,90770069,90879695.68882895,2023,2024,109626.68882895
Auto,2021,161509597,163736591.09758878,2023,2024,2226994.09758878
Auto,2022,329045685,325761645.30271459,2023,2024,-3284039.69728541
Auto,2023,570807705,576694826.04911327,2023,2024,5887121.04911327
Liability,2015,35865479,37661774.49191451,2023,2024,1796295.49191451
Liability,2016,52242362,56723716.81807566,2023,2024,4481354.81807566
Liability,2017,91353253,91536279.72959685,2023,2024,183026.72959685
Liability,2018,135641342,138925059.50621438,2023,2024,3283717.50621438
Liability,2019,218553167,210023955.56829548,2023,2024,-8529211.43170452
Liability,2020,358057040,353148259.93382764,2023,2024,-4908780.06617236
Liability,2021,489260837,494108940.75239182,2023,2024,4848103.75239182
Liability,2022,561014698,576991803.59292865,2023,2024,15977105.59292865
Liability,2023,489952973,474961298.07258701,2023,2024,-14991674.92741299
Auto,2016,6097416,6178466.75473213,2024,2025,81050.75473213
Auto,2017,13399105,13307211.42420650,2024,2025,-91893.57579350
Auto,2018,21955912,21602505.36806083,2024,2025,-353406.63193917
Auto,2019,39135832,40147069.47949028,2024,2025,1011237.47949028
Auto,2020,60866370,63467438.20493555,2024,2025,2601068.20493555
Auto,2021,90827077,92146431.22541213,2024,2025,1319354.22541213
Auto,2022,182423195,183093135.76905823,2024,2025,669940.76905823
Auto,2023,339412787,339978399.94527864,2024,2025,565612.94527864
Auto,2024,613194993,607575573.37724948,2024,2025,-5619419.62275052
Liability,2016,39491643,36060074.53753686,2024,2025,-3431568.46246314
Liability,2017,59466853,59618656.68424845,2024,2025,151803.68424845
Liability,2018,93686798,95542161.80839896,2024,2025,1855363.80839896
Liability,2019,152052091,152853097.67800832,2024,2025,801006.67800832
Liability,2020,242718172,247169731.12839222,2024,2025,4451559.12839222
Liability,2021,373080346,377045611.43778610,2024,2025,3965265.43778610
Liability,2022,504501566,509280112.51122451,2024,2025,4778546.51122451
Liability,2023,595335612,570751646.00064039,2024,2025,-24583965.99935961
Liability,2024,593846403,580720126.37168610,2024,2025,-13126276.62831390
