accident_year,development_age,payment_year,predicted_payment_cents,line
2017,9,2026,6604428.22420597,Auto
2018,8,2026,14895785.06054354,Auto
2018,9,2027,7378348.42254210,Auto
2019,7,2026,23024287.44801664,Auto
2019,8,2027,15812096.26294971,Auto
2019,9,2028,7832226.03203702,Auto
2020,6,2026,44702907.22684526,Auto
2020,7,2027,25780794.89100695,Auto
2020,8,2028,17705147.72595406,Auto
2020,9,2029,8769913.65434623,Auto
2021,5,2026,63834321.56297231,Auto
2021,6,2027,45359199.39132261,Auto
2021,7,2028,26159287.80635810,Auto
2021,8,2029,17965080.47852635,Auto
2021,9,2030,8898666.47986794,Auto
2022,4,2026,103112627.33339477,Auto
2022,5,2027,71640247.05620909,Auto
2022,6,2028,50905910.34887910,Auto
2022,7,2029,29358153.97384953,Auto
2022,8,2030,20161925.00137496,Auto
2022,9,2031,9986832.31025887,Auto
2023,3,2026,190286737.80893636,Auto
2023,4,2027,107257438.72445369,Auto
2023,5,2028,74519965.28021240,Auto
2023,6,2029,52952171.82570148,Auto
2023,7,2030,30538261.72745991,Auto
2023,8,2031,20972372.55345988,Auto
2023,9,2032,10388272.34132624,Auto
2024,2,2026,361482458.13766980,Auto
2024,3,2027,202428584.80494714,Auto
2024,4,2028,114101338.75223160,Auto
2024,5,2029,79274947.29839659,Auto
2024,6,2030,56330952.58476686,Auto
2024,7,2031,32486852.07951736,Auto
2024,8,2032,22310581.09925508,Auto
2024,9,2033,11051128.90597010,Auto
2025,1,2026,678613369.26887798,Auto
2025,2,2027,401841401.85667205,Auto
2025,3,2028,225029415.57098317,Auto
2025,4,2029,126840572.44198990,Auto
2025,5,2030,88125869.56119776,Auto
2025,6,2031,62620214.19020987,Auto
2025,7,2032,36113957.64209318,Auto
2025,8,2033,24801522.13014793,Auto
2025,9,2034,12284969.93893528,Auto
2017,9,2026,40316254.24664950,Liability
2018,8,2026,62165401.78598213,Liability
2018,9,2027,42070018.55250978,Liability
2019,7,2026,105320813.65414619,Liability
2019,8,2027,68873791.62884045,Liability
2019,9,2028,46609876.36792517,Liability
2020,6,2026,177314090.83755732,Liability
2020,7,2027,122338666.77962399,Liability
2020,8,2028,80002494.77372217,Liability
2020,9,2029,54141151.55186701,Liability
2021,5,2026,261339997.21625376,Liability
2021,6,2027,188409338.07692671,Liability
2021,7,2028,129993883.28522205,Liability
2021,8,2029,85008568.76980400,Liability
2021,9,2030,57528978.53986692,Liability
2022,4,2026,388452068.55826759,Liability
2022,5,2027,270126714.44448614,Liability
2022,6,2028,194743996.35531664,Liability
2022,7,2029,134364509.69523859,Liability
2022,8,2030,87866708.60187435,Liability
2022,9,2031,59463205.49419165,Liability
2023,3,2026,519494953.97479820,Liability
2023,4,2027,397660310.86507654,Liability
2023,5,2028,276530058.48994064,Liability
2023,6,2029,199360395.78109837,Liability
2023,7,2030,137549615.56248617,Liability
2023,8,2031,89949585.76741743,Liability
2023,9,2032,60872778.64066076,Liability
2024,2,2026,696836626.40229607,Liability
2024,3,2027,620980284.34656334,Liability
2024,4,2028,475344776.73928976,Liability
2024,5,2029,330551265.29638147,Liability
2024,6,2030,238306213.20259333,Liability
2024,7,2031,164420460.16080618,Liability
2024,8,2032,107521582.10456085,Liability
2024,9,2033,72764509.26042414,Liability
2025,1,2026,573736703.20178282,Liability
2025,2,2027,678193588.26728642,Liability
2025,3,2028,604366692.74772191,Liability
2025,4,2029,462627490.55733156,Liability
2025,5,2030,321707757.92175865,Liability
2025,6,2031,231930612.87933969,Liability
2025,7,2032,160021585.59995031,Liability
2025,8,2033,104644969.59660292,Liability
2025,9,2034,70817781.04663754,Liability
