payment_year,line,predicted_payment_cents
2026,Auto,1486556922.07146263
2026,Liability,2824976909.87773371
2027,Auto,877498111.41010332
2027,Liability,2388652712.96131325
2028,Auto,516253291.51665545
2028,Liability,1807591778.75913835
2029,Auto,315160839.67281008
2029,Liability,1266053381.65172100
2030,Auto,204055675.35466743
2030,Liability,842959273.82857943
2031,Auto,126066271.13344598
2031,Liability,545763864.30175495
2032,Auto,68812811.08267450
2032,Liability,328415946.34517193
2033,Auto,35852651.03611803
2033,Liability,177409478.85702705
2034,Auto,12284969.93893528
2034,Liability,70817781.04663754
