accident_year,latest_age,paid_cents,ultimate_estimate_cents,outstanding_estimate_cents,age_to_ultimate_factor,line
2014,9,1133052758.00000000,1133052758.00000000,0.00000000,1.00000000,Auto
2015,9,1125739004.00000000,1125739004.00000000,0.00000000,1.00000000,Auto
2016,9,1255888126.00000000,1255888126.00000000,0.00000000,1.00000000,Auto
2017,8,1342246964.00000000,1348851392.22420597,6604428.22420597,1.00492043,Auto
2018,7,1484638381.00000000,1506912514.48308563,22274133.48308563,1.01500307,Auto
2019,6,1552941323.00000000,1599609932.74300337,46668609.74300337,1.03005175,Auto
2020,5,1694159232.00000000,1791117995.49815249,96958763.49815249,1.05723120,Auto
2021,4,1655197195.00000000,1817413750.71904731,162216555.71904731,1.09800437,Auto
2022,3,1754488943.00000000,2039654639.02396631,285165696.02396631,1.16253491,Auto
2023,2,1634727280.00000000,2121642500.26154995,486915220.26154995,1.29785716,Auto
2024,1,1377553765.00000000,2257020608.66275454,879466843.66275454,1.63842651,Auto
2025,0,852742091.00000000,2509013383.60110712,1656271292.60110712,2.94228866,Auto
2014,9,1623657732.00000000,1623657732.00000000,0.00000000,1.00000000,Liability
2015,9,1904040204.00000000,1904040204.00000000,0.00000000,1.00000000,Liability
2016,9,1875500817.00000000,1875500817.00000000,0.00000000,1.00000000,Liability
2017,8,1987153003.00000000,2027469257.24664950,40316254.24664950,1.02028845,Liability
2018,7,2011429114.00000000,2115664534.33849192,104235420.33849192,1.05182157,Liability
2019,6,2123165542.00000000,2343970023.65091181,220804481.65091181,1.10399777,Liability
2020,5,2288914879.00000000,2722711282.94277048,433796403.94277048,1.18952055,Liability
2021,4,2170801381.00000000,2893082146.88807344,722280765.88807344,1.33272540,Liability
2022,3,1855335530.00000000,2990352733.14937496,1135017203.14937496,1.61175846,Liability
2023,2,1379821238.00000000,3061238937.08147812,1681417699.08147812,2.21857647,Liability
2024,1,952537979.00000000,3659263696.51291513,2706725717.51291513,3.84159349,Liability
2025,0,353317251.00000000,3561364432.81841183,3208047181.81841183,10.07979209,Liability
