from_age,to_age,factor,paired_cohorts,denominator_cents,numerator_cents,line
0,1,1.79580142,11,6116634126.00000000,10984260266.00000000,Auto
1,2,1.26240897,10,9606706501.00000000,12127592414.00000000,Auto
2,3,1.11640274,9,10492865134.00000000,11714263407.00000000,Auto
3,4,1.05877075,8,9959774464.00000000,10545117858.00000000,Auto
4,5,1.03856599,7,8889920663.00000000,9232769271.00000000,Auto
5,6,1.02638649,6,7538610039.00000000,7737527460.00000000,Auto
6,7,1.01482624,5,6184586137.00000000,6276280322.00000000,Auto
7,8,1.01003327,4,4791641941.00000000,4839717802.00000000,Auto
8,9,1.00492043,3,3497470838.00000000,3514679888.00000000,Auto
0,1,2.62385703,11,2700150074.00000000,7084807764.00000000,Liability
1,2,1.73155784,10,6132269785.00000000,10618379823.00000000,Liability
2,3,1.37649439,9,9238558585.00000000,12716824055.00000000,Liability
3,4,1.20937025,8,10861488525.00000000,13135561121.00000000,Liability
4,5,1.12038872,7,10964759740.00000000,12284793118.00000000,Liability
5,6,1.07746644,6,9995878239.00000000,10770223357.00000000,Liability
6,7,1.04960556,5,8647057815.00000000,9075999952.00000000,Liability
7,8,1.03090609,4,7064570838.00000000,7282909074.00000000,Liability
8,9,1.02028845,3,5295756071.00000000,5403198753.00000000,Liability
