accident_year,0,1,2,3,4,5,6,7,8,9
2014,157757447,270101012,300761735,280660502,207394300,143381149,106191156,73715986,51608885,32085560
2015,184724361,303265836,372707322,314709305,245748130,176453961,129687094,85858580,55020136,35865479
2016,189062692,308362075,357380267,321252813,239678465,163251204,120451776,84327520,52242362,39491643
2017,196534341,324495955,392180134,342834638,268379227,181586943,130321659,91353253,59466853,
2018,211190230,331116004,398473956,369159572,278072430,194088782,135641342,93686798,,
2019,235379420,371801859,442374069,399342278,303662658,218553167,152052091,,,
2020,277388454,437861883,516345371,456543959,358057040,242718172,,,,
2021,290329233,468594091,549536874,489260837,373080346,,,,,
2022,304559667,485259599,561014698,504501566,,,,,,
2023,294532653,489952973,595335612,,,,,,,
2024,358691576,593846403,,,,,,,,
2025,353317251,,,,,,,,,
