account_id,customer_id,collector_id,portfolio,placed_date,original_balance_cents,days_past_due
1,1,4,Medical,2026-02-15,2303425,186
2,2,1,Auto,2026-02-18,523304,157
3,3,4,Medical,2026-01-12,1737223,138
4,4,5,Personal Loan,2026-05-28,1387579,60
5,5,3,Auto,2026-04-08,2249757,104
6,6,1,Auto,2026-02-06,1992068,106
7,7,1,Medical,2026-03-27,1321662,239
8,8,6,Auto,2026-04-30,463592,194
9,9,6,Medical,2026-05-25,978090,4
10,10,4,Auto,2026-03-28,1129306,117
11,11,5,Credit Card,2026-05-19,296340,214
12,12,2,Medical,2026-01-02,1779698,17
13,13,6,Auto,2026-01-05,2156446,206
14,14,4,Auto,2026-01-09,442169,96
15,15,5,Credit Card,2026-03-13,2327635,45
16,16,6,Personal Loan,2026-01-21,2150477,13
17,17,2,Personal Loan,2026-04-26,2107740,141
18,18,6,Auto,2026-04-08,697084,81
19,19,1,Personal Loan,2026-03-25,1665804,105
20,20,4,Credit Card,2026-05-07,870188,34
21,21,3,Medical,2026-02-21,2059112,101
22,22,4,Personal Loan,2026-04-29,929329,212
23,23,5,Auto,2026-04-13,2291299,139
24,24,4,Credit Card,2026-04-13,1440817,2
25,25,3,Credit Card,2026-05-09,682270,123
26,26,4,Personal Loan,2026-02-22,2235714,121
27,27,2,Auto,2026-04-20,1987995,161
28,28,4,Credit Card,2026-03-25,876589,67
29,29,1,Medical,2026-02-04,1363596,78
30,30,4,Auto,2026-02-05,2460911,47
31,31,4,Medical,2026-04-02,90195,49
32,32,1,Personal Loan,2026-01-29,2452136,198
33,33,1,Medical,2026-01-23,1891592,53
34,34,5,Medical,2026-05-17,1228956,82
35,35,3,Medical,2026-04-16,298663,179
36,36,5,Personal Loan,2026-01-24,1739678,177
37,37,6,Personal Loan,2026-01-24,1972875,217
38,38,4,Credit Card,2026-02-10,1900887,109
39,39,4,Personal Loan,2026-02-12,267211,185
40,40,5,Medical,2026-01-20,606583,132
41,41,5,Medical,2026-05-25,85545,112
42,42,2,Medical,2026-04-20,1369123,70
43,43,5,Medical,2026-03-19,911701,191
44,44,1,Credit Card,2026-05-01,356149,3
45,45,5,Medical,2026-03-21,381440,206
46,46,5,Credit Card,2026-01-30,1951579,79
47,47,3,Medical,2026-03-08,750293,191
48,48,3,Credit Card,2026-04-05,709805,228
49,49,6,Credit Card,2026-01-31,2155712,45
50,50,1,Auto,2026-03-21,1422799,2
51,51,2,Credit Card,2026-05-20,1078136,238
52,52,1,Medical,2026-04-07,1339793,135
53,53,1,Credit Card,2026-02-06,1223672,235
54,54,3,Personal Loan,2026-02-03,1043092,217
55,55,1,Personal Loan,2026-03-22,1755037,197
56,56,5,Credit Card,2026-04-02,1711969,173
57,57,5,Personal Loan,2026-01-22,2492443,234
58,58,6,Auto,2026-01-17,879425,207
59,59,5,Auto,2026-01-13,754597,210
60,60,4,Auto,2026-03-04,1287760,225
61,61,5,Medical,2026-01-07,1387469,7
62,62,5,Auto,2026-01-15,970278,90
63,63,3,Medical,2026-05-07,2323835,125
64,64,5,Auto,2026-02-26,133584,0
65,65,1,Medical,2026-03-24,299795,150
66,66,6,Personal Loan,2026-04-22,2093464,44
67,67,2,Personal Loan,2026-05-26,185823,235
68,68,1,Auto,2026-01-28,55373,112
69,69,3,Medical,2026-01-27,361219,227
70,70,2,Credit Card,2026-03-14,1297388,12
71,71,3,Auto,2026-04-20,417539,51
72,72,6,Personal Loan,2026-02-22,766522,20
73,73,2,Auto,2026-04-08,1599382,11
74,74,1,Auto,2026-02-28,2371974,209
75,75,2,Medical,2026-02-14,751139,32
76,76,4,Credit Card,2026-03-12,2229730,201
77,77,5,Personal Loan,2026-01-26,1249960,224
78,78,4,Personal Loan,2026-04-13,212665,176
79,79,3,Auto,2026-02-28,613653,198
80,80,5,Personal Loan,2026-04-15,2081973,210
81,81,4,Credit Card,2026-04-29,2168653,174
82,82,3,Medical,2026-05-22,1516999,214
83,83,2,Medical,2026-01-03,2038507,153
84,84,4,Personal Loan,2026-04-07,1512592,55
85,85,5,Personal Loan,2026-05-11,1619633,76
86,86,6,Medical,2026-04-14,1390439,184
87,87,3,Medical,2026-04-02,2177832,215
88,88,1,Credit Card,2026-01-31,2023573,120
89,89,4,Personal Loan,2026-02-16,388947,161
90,90,2,Medical,2026-04-26,1197259,147
91,91,1,Credit Card,2026-05-03,1657745,136
92,92,2,Credit Card,2026-03-24,2277317,173
93,93,1,Credit Card,2026-03-20,750533,76
94,94,2,Credit Card,2026-01-06,2166586,93
95,95,5,Personal Loan,2026-04-08,568395,121
96,96,6,Credit Card,2026-03-19,1815262,169
97,97,3,Medical,2026-02-23,2066050,0
98,98,1,Credit Card,2026-05-07,675557,185
99,99,6,Personal Loan,2026-03-16,1560849,109
100,100,6,Medical,2026-01-03,630468,84
101,101,2,Credit Card,2026-02-12,524193,216
102,102,6,Medical,2026-03-22,101842,171
103,103,3,Auto,2026-03-05,2071359,38
104,104,4,Auto,2026-01-21,1975582,22
105,105,1,Credit Card,2026-05-23,2353087,202
106,106,1,Medical,2026-04-06,495947,126
107,107,4,Medical,2026-02-18,556444,117
108,108,5,Medical,2026-04-21,2075563,177
109,109,2,Medical,2026-05-22,961600,159
110,110,4,Auto,2026-04-01,2408374,172
111,111,3,Medical,2026-01-15,888451,73
112,112,2,Personal Loan,2026-05-24,1681108,177
113,113,6,Medical,2026-05-20,874051,75
114,114,3,Medical,2026-03-13,2384543,41
115,115,5,Personal Loan,2026-03-19,2107519,18
116,116,6,Personal Loan,2026-01-03,531178,114
117,117,1,Personal Loan,2026-05-19,1236270,131
118,118,1,Credit Card,2026-05-18,2286427,53
119,119,4,Personal Loan,2026-02-09,149627,9
120,120,1,Medical,2026-03-06,2390774,233
121,121,5,Credit Card,2026-01-19,1550303,74
122,122,5,Medical,2026-04-06,96767,31
123,123,5,Credit Card,2026-05-27,1702898,78
124,124,1,Medical,2026-03-06,865063,171
125,125,3,Credit Card,2026-03-02,469619,230
126,126,3,Medical,2026-04-22,1210479,173
127,127,6,Credit Card,2026-02-20,1154086,186
128,128,5,Auto,2026-05-10,180838,196
129,129,4,Credit Card,2026-03-16,611538,101
130,130,6,Medical,2026-05-25,2423189,188
131,131,1,Personal Loan,2026-01-11,1409252,213
132,132,4,Credit Card,2026-03-30,2092045,128
133,133,4,Personal Loan,2026-01-31,1016142,184
134,134,2,Auto,2026-02-12,1133219,153
135,135,5,Credit Card,2026-03-29,1951991,58
136,136,5,Auto,2026-01-01,1859828,94
137,137,6,Credit Card,2026-02-18,72940,147
138,138,3,Auto,2026-05-30,1113812,144
139,139,2,Auto,2026-05-21,268325,162
140,140,1,Personal Loan,2026-04-22,419688,56
141,141,6,Medical,2026-05-11,2213479,157
142,142,4,Medical,2026-04-01,1707350,132
143,143,3,Personal Loan,2026-05-24,2494995,208
144,144,4,Credit Card,2026-03-08,784149,143
145,145,5,Credit Card,2026-04-28,1982401,123
146,146,1,Personal Loan,2026-05-13,2296686,63
147,147,2,Credit Card,2026-03-05,1543287,30
148,148,3,Auto,2026-02-16,2193849,56
149,149,6,Medical,2026-01-03,99576,97
150,150,6,Personal Loan,2026-02-23,1807803,93
151,151,4,Medical,2026-05-23,1862856,37
152,152,3,Personal Loan,2026-03-22,2091033,143
153,153,5,Medical,2026-02-20,2469500,199
154,154,6,Personal Loan,2026-03-23,1272037,154
155,155,1,Credit Card,2026-05-02,2350297,197
156,156,6,Personal Loan,2026-02-28,1087656,113
157,157,4,Personal Loan,2026-03-25,2047137,140
158,158,1,Credit Card,2026-02-09,1323277,133
159,159,2,Medical,2026-04-22,1705710,183
160,160,1,Credit Card,2026-01-05,688160,47
161,161,3,Auto,2026-03-29,1812627,95
162,162,1,Auto,2026-03-10,1695936,46
163,163,4,Auto,2026-05-14,924290,174
164,164,1,Personal Loan,2026-05-21,2234923,123
165,165,2,Personal Loan,2026-03-25,113198,149
166,166,1,Personal Loan,2026-03-28,301877,165
167,167,6,Medical,2026-03-30,1890120,5
168,168,4,Personal Loan,2026-05-16,700223,209
169,169,3,Auto,2026-02-09,1237529,164
170,170,1,Medical,2026-02-03,799265,27
171,171,6,Credit Card,2026-04-17,1597986,210
172,172,2,Medical,2026-05-17,1666195,134
173,173,6,Auto,2026-05-28,1551407,179
174,174,4,Auto,2026-03-25,1609104,211
175,175,6,Credit Card,2026-04-12,50820,72
176,176,3,Personal Loan,2026-02-09,630526,227
177,177,6,Credit Card,2026-02-14,2097979,152
178,178,3,Credit Card,2026-04-08,277029,81
179,179,2,Auto,2026-05-04,2395858,101
180,180,3,Auto,2026-03-20,759908,159
181,181,5,Medical,2026-01-14,1069418,222
182,182,3,Medical,2026-05-15,232376,15
183,183,1,Auto,2026-04-30,84956,169
184,184,5,Credit Card,2026-03-22,2082820,47
185,185,4,Credit Card,2026-01-16,1130785,142
186,186,2,Medical,2026-02-28,1800422,109
187,187,3,Medical,2026-02-21,629273,110
188,188,6,Personal Loan,2026-03-19,1908095,38
189,189,5,Medical,2026-05-26,1018512,59
190,190,2,Medical,2026-02-05,736969,8
191,191,4,Auto,2026-04-28,1085086,198
192,192,4,Credit Card,2026-01-11,2389167,48
193,193,4,Auto,2026-05-20,617517,82
194,194,1,Credit Card,2026-02-11,568182,180
195,195,6,Medical,2026-04-25,1261233,30
196,196,4,Auto,2026-05-02,1953117,20
197,197,6,Personal Loan,2026-02-15,726688,156
198,198,2,Medical,2026-04-16,2250525,156
199,199,4,Personal Loan,2026-05-16,417713,109
200,200,4,Credit Card,2026-02-23,1789093,85
201,201,6,Credit Card,2026-03-29,1711151,213
202,202,6,Credit Card,2026-04-29,1786244,213
203,203,1,Personal Loan,2026-02-08,1226334,96
204,204,1,Auto,2026-04-24,2172295,231
205,205,2,Medical,2026-02-23,1395869,73
206,206,6,Personal Loan,2026-03-11,643732,146
207,207,1,Auto,2026-04-09,275653,100
208,208,4,Personal Loan,2026-04-30,457950,175
209,209,4,Auto,2026-01-29,1524049,216
210,210,5,Auto,2026-01-19,1317175,102
211,211,5,Personal Loan,2026-04-21,1876005,139
212,212,2,Medical,2026-01-16,429722,227
213,213,1,Credit Card,2026-04-22,1493950,156
214,214,6,Auto,2026-03-02,1860746,160
215,215,1,Credit Card,2026-02-02,613200,165
216,216,6,Auto,2026-04-17,1962722,159
217,217,3,Credit Card,2026-05-20,2467396,9
218,218,5,Personal Loan,2026-01-20,2311557,156
219,219,6,Personal Loan,2026-01-10,1325365,15
220,220,1,Medical,2026-03-15,2083231,129
221,221,3,Medical,2026-02-08,1923399,66
222,222,2,Auto,2026-01-30,270298,102
223,223,5,Personal Loan,2026-01-11,458375,216
224,224,6,Medical,2026-05-14,1465185,80
225,225,3,Medical,2026-02-26,1238233,8
226,226,6,Credit Card,2026-02-25,560824,22
227,227,2,Credit Card,2026-03-24,1129347,70
228,228,5,Auto,2026-01-28,653445,55
229,229,5,Credit Card,2026-03-26,1691358,131
230,230,1,Auto,2026-05-17,1476326,194
231,231,3,Auto,2026-04-09,851125,229
232,232,5,Personal Loan,2026-04-10,314210,127
233,233,6,Medical,2026-05-14,1972544,189
234,234,4,Medical,2026-01-28,528904,16
235,235,2,Personal Loan,2026-02-06,1791283,141
236,236,6,Auto,2026-02-04,469295,199
237,237,4,Auto,2026-01-23,1240056,177
238,238,6,Personal Loan,2026-05-08,419187,89
239,239,2,Auto,2026-05-19,2178780,197
240,240,6,Personal Loan,2026-01-12,276608,72
241,241,2,Auto,2026-01-30,347206,151
242,242,2,Credit Card,2026-02-21,1625096,120
243,243,4,Auto,2026-01-29,2002592,43
244,244,2,Auto,2026-05-14,2101909,214
245,245,4,Credit Card,2026-05-27,71296,10
246,246,6,Auto,2026-03-20,728650,219
247,247,5,Medical,2026-03-11,2325137,201
248,248,3,Medical,2026-01-11,1583316,165
249,249,6,Medical,2026-05-29,929939,82
250,250,3,Auto,2026-05-17,2284957,158
251,251,1,Medical,2026-03-15,372740,70
252,252,4,Medical,2026-01-06,1279641,121
253,253,3,Personal Loan,2026-04-16,2477263,124
254,254,3,Personal Loan,2026-01-13,672176,116
255,255,3,Auto,2026-03-30,670523,138
256,256,4,Personal Loan,2026-05-08,659784,39
257,257,6,Credit Card,2026-01-11,634783,78
258,258,4,Credit Card,2026-01-22,2308264,131
259,259,6,Auto,2026-01-23,954691,189
260,260,4,Personal Loan,2026-01-23,77761,106
261,261,3,Personal Loan,2026-05-06,227137,126
262,262,1,Personal Loan,2026-03-04,169296,126
263,263,3,Medical,2026-05-28,123589,148
264,264,3,Auto,2026-01-14,1193662,162
265,265,5,Medical,2026-02-16,446398,139
266,266,5,Personal Loan,2026-01-04,624407,95
267,267,4,Personal Loan,2026-04-03,633066,44
268,268,6,Credit Card,2026-01-21,1831761,19
269,269,2,Personal Loan,2026-02-22,888963,7
270,270,5,Credit Card,2026-05-09,1064277,25
271,271,4,Credit Card,2026-05-12,1004431,194
272,272,3,Auto,2026-01-11,394972,29
273,273,2,Credit Card,2026-05-02,1591160,172
274,274,6,Medical,2026-04-13,476653,16
275,275,3,Medical,2026-05-05,2195027,196
276,276,2,Auto,2026-05-08,162192,154
277,277,2,Personal Loan,2026-05-07,2004637,169
278,278,4,Auto,2026-03-19,738470,34
279,279,1,Credit Card,2026-03-14,1394202,151
280,280,4,Credit Card,2026-01-07,1481333,109
281,281,2,Credit Card,2026-01-30,1465972,137
282,282,5,Personal Loan,2026-03-28,748885,93
283,283,5,Personal Loan,2026-05-29,447341,69
284,284,5,Auto,2026-05-13,832401,54
285,285,3,Auto,2026-05-14,891578,37
286,286,4,Medical,2026-03-07,1040400,29
287,287,2,Personal Loan,2026-01-10,897209,34
288,288,3,Personal Loan,2026-01-15,402026,221
289,289,4,Credit Card,2026-05-15,1106159,60
290,290,4,Personal Loan,2026-03-07,284568,179
291,291,6,Credit Card,2026-03-20,138391,215
292,292,2,Auto,2026-02-01,2293578,99
293,293,6,Auto,2026-05-06,2025900,237
294,294,1,Personal Loan,2026-03-08,2173720,107
295,295,3,Auto,2026-02-03,1770990,122
296,296,4,Medical,2026-02-28,423194,67
297,297,2,Medical,2026-05-07,547076,48
298,298,4,Medical,2026-03-14,844246,104
299,299,6,Auto,2026-02-04,1405791,175
300,300,3,Auto,2026-01-12,72485,77
301,301,1,Personal Loan,2026-04-30,603310,181
302,302,3,Auto,2026-03-09,2218340,228
303,303,1,Auto,2026-04-30,1880519,10
304,304,3,Credit Card,2026-02-07,568643,52
305,305,3,Credit Card,2026-05-08,445544,72
306,306,1,Auto,2026-01-02,1431716,83
307,307,6,Medical,2026-04-21,1350659,91
308,308,6,Auto,2026-02-17,1870772,23
309,309,3,Credit Card,2026-05-14,1844037,141
310,310,5,Auto,2026-05-12,501442,105
311,311,3,Auto,2026-04-17,1298424,193
312,312,3,Personal Loan,2026-04-14,2091462,176
313,313,4,Medical,2026-02-07,1064099,22
314,314,2,Auto,2026-01-30,746696,124
315,315,5,Auto,2026-05-05,2203169,59
316,316,3,Auto,2026-02-19,2018137,59
317,317,4,Personal Loan,2026-01-26,1794764,60
318,318,3,Medical,2026-04-02,1143908,44
319,319,5,Credit Card,2026-01-29,494142,210
320,320,2,Auto,2026-02-05,565830,106
321,321,6,Medical,2026-04-17,1562648,38
322,322,1,Auto,2026-02-12,1870631,194
323,323,6,Personal Loan,2026-04-18,1736122,184
324,324,6,Auto,2026-04-24,1498086,198
325,325,4,Medical,2026-05-18,1452965,133
326,326,6,Auto,2026-03-03,1324825,129
327,327,6,Personal Loan,2026-04-06,1139497,31
328,328,3,Medical,2026-01-02,1950636,206
329,329,2,Personal Loan,2026-05-13,2492632,116
330,330,2,Auto,2026-01-16,1832104,54
331,331,5,Credit Card,2026-02-03,2202455,177
332,332,3,Credit Card,2026-02-10,2394727,154
333,333,2,Medical,2026-05-05,167347,200
334,334,5,Auto,2026-02-03,631004,194
335,335,6,Credit Card,2026-01-23,744638,146
336,336,1,Medical,2026-05-19,2469507,192
337,337,2,Auto,2026-03-12,913208,21
338,338,2,Personal Loan,2026-03-15,654123,196
339,339,1,Credit Card,2026-03-25,811089,76
340,340,4,Credit Card,2026-04-29,2369957,123
341,341,4,Credit Card,2026-05-26,1756016,216
342,342,1,Medical,2026-05-11,1229905,189
343,343,6,Medical,2026-03-26,116582,165
344,344,3,Auto,2026-04-24,567642,211
345,345,2,Auto,2026-02-23,79928,28
346,346,5,Personal Loan,2026-05-26,1006155,49
347,347,1,Personal Loan,2026-01-12,991823,235
348,348,1,Credit Card,2026-03-26,1353614,7
349,349,5,Auto,2026-03-02,355810,195
350,350,1,Credit Card,2026-04-21,325944,143
351,351,6,Credit Card,2026-01-26,1474454,116
352,352,2,Medical,2026-04-24,829819,204
353,353,5,Auto,2026-02-02,1357225,131
354,354,1,Personal Loan,2026-02-21,894150,48
355,355,5,Medical,2026-02-28,2006796,61
356,356,1,Credit Card,2026-05-30,1559568,50
357,357,3,Credit Card,2026-01-06,788522,5
358,358,2,Personal Loan,2026-03-20,1963456,207
359,359,5,Medical,2026-03-04,243756,218
360,360,2,Auto,2026-05-01,322097,192
361,361,4,Auto,2026-02-25,1333452,146
362,362,1,Medical,2026-03-11,1653779,113
363,363,5,Credit Card,2026-03-17,2154554,201
364,364,6,Personal Loan,2026-02-18,628248,2
365,365,2,Auto,2026-05-01,2200197,58
366,366,3,Medical,2026-03-29,410189,109
367,367,6,Personal Loan,2026-01-03,2146314,86
368,368,4,Medical,2026-05-27,1689494,100
369,369,2,Medical,2026-04-09,1240417,74
370,370,5,Personal Loan,2026-05-02,715976,150
371,371,6,Auto,2026-01-24,1257589,88
372,372,6,Credit Card,2026-01-25,1700673,61
373,373,1,Personal Loan,2026-04-05,371005,104
374,374,4,Personal Loan,2026-01-19,1987365,190
375,375,4,Credit Card,2026-04-29,2083227,21
376,376,1,Credit Card,2026-04-11,756544,173
377,377,4,Personal Loan,2026-05-14,481146,113
378,378,2,Medical,2026-01-13,1632911,95
379,379,1,Personal Loan,2026-04-18,167206,210
380,380,5,Credit Card,2026-01-12,1793488,208
381,381,1,Auto,2026-03-24,778221,167
382,382,3,Auto,2026-02-25,1774265,26
383,383,1,Personal Loan,2026-03-23,2072201,4
384,384,2,Credit Card,2026-02-08,1626001,60
385,385,5,Personal Loan,2026-02-26,1650067,46
386,386,2,Credit Card,2026-05-21,907203,109
387,387,4,Credit Card,2026-02-21,1190266,92
388,388,4,Auto,2026-02-14,1129159,78
389,389,1,Credit Card,2026-01-19,1764579,98
390,390,5,Auto,2026-02-07,1146100,174
391,391,6,Credit Card,2026-04-09,1717935,132
392,392,3,Medical,2026-03-30,648583,238
393,393,6,Auto,2026-04-17,1259386,43
394,394,2,Medical,2026-04-26,2428556,51
395,395,1,Personal Loan,2026-01-28,746783,21
396,396,1,Credit Card,2026-01-02,2492953,54
397,397,4,Auto,2026-01-26,62938,185
398,398,4,Auto,2026-03-05,1595306,131
399,399,4,Auto,2026-01-21,1511018,168
400,400,2,Auto,2026-05-21,2007913,29
401,401,3,Auto,2026-01-08,722075,196
402,402,1,Personal Loan,2026-05-17,2113424,223
403,403,1,Credit Card,2026-03-16,417758,87
404,404,5,Medical,2026-03-21,309564,216
405,405,4,Auto,2026-03-17,968150,37
406,406,5,Credit Card,2026-03-23,1345584,70
407,407,3,Medical,2026-05-05,1693361,5
408,408,4,Medical,2026-01-14,1325378,147
409,409,4,Medical,2026-02-07,1629389,237
410,410,1,Personal Loan,2026-02-15,270084,151
411,411,6,Auto,2026-03-19,773462,198
412,412,3,Credit Card,2026-05-27,2061161,203
413,413,5,Auto,2026-01-06,1701702,16
414,414,1,Medical,2026-03-22,566089,147
415,415,4,Medical,2026-03-17,2290187,147
416,416,2,Medical,2026-03-18,952668,151
417,417,6,Personal Loan,2026-02-22,345941,162
418,418,2,Medical,2026-03-27,1196106,70
419,419,1,Credit Card,2026-02-26,1638099,44
420,420,5,Auto,2026-03-30,2280036,122
421,421,6,Auto,2026-04-05,1094849,180
422,422,1,Medical,2026-01-24,383341,23
423,423,4,Medical,2026-05-07,94856,122
424,424,6,Auto,2026-02-18,80577,179
425,425,4,Auto,2026-01-14,1823025,43
426,426,1,Auto,2026-01-15,1542098,84
427,427,5,Medical,2026-02-20,405441,105
428,428,2,Personal Loan,2026-04-23,728782,191
429,429,4,Personal Loan,2026-02-04,1704845,230
430,430,4,Medical,2026-05-06,2357385,83
431,431,3,Credit Card,2026-02-02,702390,196
432,432,6,Auto,2026-03-09,1087479,50
433,433,4,Credit Card,2026-02-19,663245,157
434,434,2,Personal Loan,2026-03-31,1803530,229
435,435,4,Personal Loan,2026-02-24,1246706,232
436,436,3,Personal Loan,2026-05-22,596551,189
437,437,6,Auto,2026-02-18,859196,236
438,438,5,Medical,2026-05-02,897245,11
439,439,2,Personal Loan,2026-05-09,141749,178
440,440,4,Credit Card,2026-02-18,1717209,42
441,441,5,Personal Loan,2026-05-12,1960257,77
442,442,3,Credit Card,2026-03-13,607722,164
443,443,1,Personal Loan,2026-04-05,1411311,184
444,444,6,Credit Card,2026-01-05,2303971,184
445,445,4,Medical,2026-05-03,442968,117
446,446,3,Medical,2026-03-14,138278,226
447,447,2,Credit Card,2026-01-26,2259469,154
448,448,6,Personal Loan,2026-01-28,2324865,218
449,449,2,Credit Card,2026-05-03,698075,139
450,450,3,Credit Card,2026-01-27,2334394,130
451,451,3,Credit Card,2026-03-27,546399,229
452,452,6,Personal Loan,2026-04-19,680068,159
453,453,1,Auto,2026-05-03,332333,186
454,454,5,Personal Loan,2026-05-04,1786208,35
455,455,1,Personal Loan,2026-01-01,902616,142
456,456,6,Medical,2026-02-05,541722,96
457,457,2,Medical,2026-05-26,1796906,120
458,458,5,Medical,2026-01-09,778048,2
459,459,2,Auto,2026-04-13,284867,47
460,460,2,Credit Card,2026-01-28,323968,193
461,461,1,Personal Loan,2026-05-04,241598,23
462,462,1,Auto,2026-05-09,679928,122
463,463,6,Personal Loan,2026-05-09,2215522,114
464,464,6,Auto,2026-02-09,2427754,24
465,465,2,Personal Loan,2026-04-27,1365831,41
466,466,1,Auto,2026-04-24,639078,10
467,467,2,Credit Card,2026-05-24,83315,74
468,468,6,Auto,2026-05-05,941856,29
469,469,3,Medical,2026-04-19,1181825,21
470,470,2,Personal Loan,2026-03-18,740102,107
471,471,2,Auto,2026-03-23,109503,239
472,472,4,Medical,2026-05-14,65421,162
473,473,1,Personal Loan,2026-02-18,2469427,208
474,474,4,Personal Loan,2026-04-27,1786667,90
475,475,1,Personal Loan,2026-05-09,2487870,218
476,476,3,Medical,2026-04-12,81898,129
477,477,6,Personal Loan,2026-04-06,2226689,85
478,478,1,Auto,2026-02-02,2165007,215
479,479,5,Credit Card,2026-02-09,166678,146
480,480,1,Medical,2026-01-14,1203286,160
481,481,2,Personal Loan,2026-02-01,499112,67
482,482,2,Personal Loan,2026-04-26,725717,2
483,483,1,Medical,2026-05-04,2342114,133
484,484,2,Medical,2026-05-13,2196412,221
485,485,4,Medical,2026-03-10,1197840,23
486,486,2,Auto,2026-03-21,744799,110
487,487,3,Auto,2026-03-17,2275070,7
488,488,2,Personal Loan,2026-03-04,354675,95
489,489,6,Personal Loan,2026-03-23,95722,54
490,490,3,Personal Loan,2026-04-18,1875384,50
491,491,2,Auto,2026-04-29,1242716,9
492,492,6,Credit Card,2026-04-27,2119203,215
493,493,3,Auto,2026-02-05,490971,57
494,494,6,Medical,2026-04-08,1182093,236
495,495,6,Credit Card,2026-04-16,1923930,133
496,496,6,Credit Card,2026-03-04,913570,19
497,497,1,Medical,2026-02-09,2166074,56
498,498,3,Credit Card,2026-04-28,834459,121
499,499,1,Auto,2026-04-05,460256,187
500,500,5,Personal Loan,2026-01-14,199686,61
501,501,2,Auto,2026-01-01,445281,189
502,502,1,Auto,2026-04-27,644893,109
503,503,4,Credit Card,2026-05-06,1088133,11
504,504,4,Personal Loan,2026-03-27,1948410,139
505,505,3,Auto,2026-02-26,644052,7
506,506,2,Personal Loan,2026-04-26,2260007,233
507,507,1,Credit Card,2026-03-30,1259673,127
508,508,4,Personal Loan,2026-02-11,1323581,16
509,509,3,Medical,2026-02-05,1518921,22
510,510,2,Auto,2026-03-19,1353320,173
511,511,6,Auto,2026-03-18,2426765,139
512,512,5,Credit Card,2026-04-29,166068,196
513,513,4,Medical,2026-03-17,274546,103
514,514,1,Credit Card,2026-03-26,305285,179
515,515,5,Credit Card,2026-02-09,557655,63
516,516,4,Credit Card,2026-05-10,1911498,237
517,517,2,Credit Card,2026-02-01,1863422,47
518,518,3,Credit Card,2026-05-03,1266499,150
519,519,1,Personal Loan,2026-04-19,671455,117
520,520,5,Medical,2026-02-10,1550502,89
521,521,2,Personal Loan,2026-05-15,1137272,150
522,522,2,Medical,2026-05-02,1407525,26
523,523,1,Auto,2026-02-14,1397039,96
524,524,1,Credit Card,2026-05-16,856547,161
525,525,2,Auto,2026-01-19,1479046,48
526,526,1,Medical,2026-05-19,1437978,210
527,527,3,Auto,2026-05-13,2147349,158
528,528,4,Credit Card,2026-01-16,1038250,206
529,529,6,Credit Card,2026-02-03,1184594,26
530,530,4,Credit Card,2026-01-05,2367336,99
531,531,1,Credit Card,2026-01-04,1098250,14
532,532,6,Credit Card,2026-05-03,563283,19
533,533,3,Personal Loan,2026-03-04,2259744,178
534,534,3,Medical,2026-05-14,1016937,31
535,535,1,Medical,2026-04-09,1912353,52
536,536,1,Personal Loan,2026-05-19,1508797,236
537,537,2,Auto,2026-05-13,1140941,119
538,538,3,Personal Loan,2026-03-12,1567058,200
539,539,4,Medical,2026-01-10,1554596,104
540,540,1,Auto,2026-05-22,1367122,46
541,541,6,Auto,2026-01-10,822823,148
542,542,1,Personal Loan,2026-03-08,1129802,138
543,543,5,Personal Loan,2026-02-22,1416458,212
544,544,5,Medical,2026-01-07,495569,206
545,545,5,Auto,2026-02-27,2421469,137
546,546,6,Medical,2026-03-22,534093,113
547,547,3,Personal Loan,2026-03-08,1253283,30
548,548,6,Auto,2026-03-09,2376071,190
549,549,2,Auto,2026-02-12,356245,231
550,550,4,Medical,2026-04-22,1263374,187
551,551,4,Personal Loan,2026-04-05,1952230,112
552,552,3,Auto,2026-04-20,1246455,81
553,553,4,Auto,2026-03-15,1198603,57
554,554,2,Medical,2026-02-06,452552,7
555,555,4,Auto,2026-01-31,1913969,67
556,556,6,Credit Card,2026-01-21,982988,83
557,557,1,Personal Loan,2026-01-10,1867717,48
558,558,4,Credit Card,2026-02-24,63412,125
559,559,5,Personal Loan,2026-05-06,1695048,139
560,560,6,Auto,2026-01-30,1507850,180
561,561,3,Auto,2026-03-08,279148,186
562,562,4,Medical,2026-03-20,1927522,146
563,563,1,Credit Card,2026-02-03,2313948,205
564,564,1,Auto,2026-01-06,2258533,202
565,565,1,Credit Card,2026-02-03,1182456,18
566,566,4,Personal Loan,2026-05-28,2027196,109
567,567,6,Auto,2026-01-05,2134715,95
568,568,1,Medical,2026-05-06,1098446,103
569,569,4,Personal Loan,2026-05-06,2338365,166
570,570,1,Credit Card,2026-02-20,1885432,226
571,571,5,Personal Loan,2026-04-06,2228436,120
572,572,2,Medical,2026-03-23,1796101,120
573,573,2,Credit Card,2026-03-21,837163,137
574,574,2,Personal Loan,2026-03-30,109263,72
575,575,1,Medical,2026-03-09,2414160,204
576,576,1,Credit Card,2026-01-01,1406177,35
577,577,5,Credit Card,2026-05-14,1379476,226
578,578,4,Personal Loan,2026-05-24,851045,45
579,579,5,Credit Card,2026-04-05,1114347,155
580,580,1,Personal Loan,2026-05-20,485734,7
581,581,1,Personal Loan,2026-01-16,1368003,218
582,582,2,Medical,2026-01-16,322440,186
583,583,1,Personal Loan,2026-05-24,1520878,119
584,584,1,Medical,2026-01-06,760245,163
585,585,4,Medical,2026-05-25,1373474,213
586,586,5,Personal Loan,2026-05-06,1539620,89
587,587,3,Personal Loan,2026-03-15,920095,23
588,588,3,Credit Card,2026-05-02,1453885,47
589,589,6,Auto,2026-05-28,1874390,121
590,590,5,Credit Card,2026-05-28,1730867,41
591,591,2,Personal Loan,2026-01-24,1347187,117
592,592,1,Auto,2026-05-23,1619751,40
593,593,4,Personal Loan,2026-03-23,610049,229
594,594,5,Medical,2026-01-07,979852,196
595,595,4,Credit Card,2026-02-24,1316419,86
596,596,2,Personal Loan,2026-04-14,101273,32
597,597,4,Auto,2026-01-29,800107,222
598,598,4,Credit Card,2026-05-12,1958363,118
599,599,6,Credit Card,2026-03-25,1298574,152
600,600,3,Auto,2026-04-21,1202159,176
601,601,4,Credit Card,2026-02-07,474139,86
602,602,6,Credit Card,2026-05-19,1072371,95
603,603,6,Personal Loan,2026-04-13,810261,69
604,604,1,Personal Loan,2026-03-25,977183,186
605,605,4,Credit Card,2026-04-10,1122452,169
606,606,1,Personal Loan,2026-04-21,1792284,142
607,607,3,Medical,2026-01-29,2443878,221
608,608,4,Personal Loan,2026-04-14,2125480,211
609,609,1,Auto,2026-02-05,2161250,5
610,610,2,Personal Loan,2026-02-21,1403603,16
611,611,5,Personal Loan,2026-05-09,516227,223
612,612,4,Auto,2026-04-15,2230062,18
613,613,6,Medical,2026-05-29,518854,93
614,614,3,Auto,2026-03-08,1486309,84
615,615,3,Personal Loan,2026-04-05,2413655,78
616,616,1,Medical,2026-03-07,1005957,149
617,617,5,Personal Loan,2026-05-09,1368253,96
618,618,4,Credit Card,2026-04-02,2142077,215
619,619,2,Credit Card,2026-02-28,1962879,155
620,620,2,Medical,2026-01-16,921291,149
621,621,4,Medical,2026-04-24,399747,25
622,622,1,Personal Loan,2026-02-19,1963669,193
623,623,4,Medical,2026-05-11,2023446,45
624,624,5,Auto,2026-03-20,1392243,26
625,625,5,Medical,2026-02-13,712461,83
626,626,3,Auto,2026-03-22,1936211,144
627,627,4,Auto,2026-01-07,1399919,83
628,628,1,Auto,2026-05-03,2020784,176
629,629,3,Auto,2026-03-12,2306098,236
630,630,2,Personal Loan,2026-04-16,686580,146
631,631,6,Medical,2026-04-03,1919990,47
632,632,1,Personal Loan,2026-01-13,2266259,4
633,633,5,Medical,2026-05-23,521166,204
634,634,3,Credit Card,2026-04-13,2460625,159
635,635,2,Medical,2026-05-28,690070,52
636,636,2,Personal Loan,2026-02-28,925801,41
637,637,4,Medical,2026-04-07,156635,97
638,638,6,Personal Loan,2026-05-06,1553198,106
639,639,6,Credit Card,2026-03-18,1012000,166
640,640,6,Personal Loan,2026-01-16,930072,95
641,641,3,Credit Card,2026-01-08,158339,227
642,642,4,Auto,2026-01-01,1356235,230
643,643,2,Medical,2026-05-27,873287,131
644,644,6,Personal Loan,2026-03-06,824380,84
645,645,6,Credit Card,2026-01-09,1664932,203
646,646,5,Auto,2026-03-24,99125,123
647,647,6,Personal Loan,2026-04-27,454764,195
648,648,5,Personal Loan,2026-01-29,554481,32
649,649,2,Medical,2026-05-11,867377,198
650,650,1,Personal Loan,2026-05-16,2252199,138
651,651,1,Auto,2026-02-21,1217783,75
652,652,2,Auto,2026-05-04,722149,201
653,653,4,Medical,2026-02-08,913318,172
654,654,5,Medical,2026-04-30,1836398,224
655,655,3,Personal Loan,2026-03-13,1207064,107
656,656,5,Credit Card,2026-04-08,226585,151
657,657,5,Auto,2026-03-03,1562888,208
658,658,3,Auto,2026-03-26,464414,205
659,659,6,Auto,2026-05-21,1400067,192
660,660,2,Personal Loan,2026-02-17,1655144,219
661,661,3,Medical,2026-05-10,2400845,101
662,662,3,Medical,2026-05-26,394820,113
663,663,2,Auto,2026-02-26,1079079,165
664,664,4,Medical,2026-05-26,856309,217
665,665,5,Medical,2026-03-05,2307690,24
666,666,1,Personal Loan,2026-05-03,670254,16
667,667,5,Personal Loan,2026-04-15,654957,220
668,668,1,Credit Card,2026-04-02,551988,135
669,669,3,Credit Card,2026-05-07,551219,24
670,670,6,Credit Card,2026-02-28,1523042,86
671,671,5,Medical,2026-05-08,812468,88
672,672,2,Auto,2026-02-15,2177890,7
673,673,6,Auto,2026-03-28,1957011,200
674,674,1,Personal Loan,2026-01-26,2230382,233
675,675,4,Personal Loan,2026-04-10,1333027,197
676,676,6,Medical,2026-01-14,1869506,130
677,677,6,Personal Loan,2026-01-02,1058257,45
678,678,6,Credit Card,2026-03-11,1766323,106
679,679,6,Credit Card,2026-02-27,345800,29
680,680,5,Personal Loan,2026-04-12,1244566,72
681,681,2,Credit Card,2026-01-10,1677657,195
682,682,2,Medical,2026-01-11,2162332,185
683,683,6,Medical,2026-02-27,821597,85
684,684,1,Auto,2026-01-27,1030049,0
685,685,2,Personal Loan,2026-04-03,988852,163
686,686,4,Auto,2026-02-06,228488,181
687,687,5,Auto,2026-04-04,1993539,95
688,688,1,Medical,2026-03-18,1778547,55
689,689,4,Medical,2026-04-16,1377458,222
690,690,5,Auto,2026-04-03,1373303,121
691,691,1,Credit Card,2026-02-07,1916062,34
692,692,2,Personal Loan,2026-01-18,793379,173
693,693,5,Personal Loan,2026-03-06,855403,133
694,694,5,Credit Card,2026-01-21,1446362,33
695,695,5,Medical,2026-03-30,1147179,125
696,696,1,Medical,2026-05-11,526159,206
697,697,6,Credit Card,2026-01-20,90455,188
698,698,3,Medical,2026-01-21,1672780,121
699,699,2,Credit Card,2026-01-16,1906048,20
700,700,2,Personal Loan,2026-01-20,839361,193
701,701,2,Credit Card,2026-03-06,1230483,15
702,702,5,Personal Loan,2026-04-03,326315,186
703,703,2,Medical,2026-04-29,1946565,188
704,704,1,Credit Card,2026-02-17,960137,100
705,705,3,Auto,2026-01-28,330624,155
706,706,5,Medical,2026-04-20,561064,135
707,707,2,Personal Loan,2026-03-26,865279,200
708,708,6,Medical,2026-02-19,1208510,93
709,709,6,Credit Card,2026-01-31,1289918,188
710,710,6,Auto,2026-01-07,170885,20
711,711,1,Credit Card,2026-03-24,121119,222
712,712,5,Credit Card,2026-03-14,1409013,226
713,713,3,Personal Loan,2026-03-02,435286,86
714,714,2,Credit Card,2026-02-23,1931137,195
715,715,1,Credit Card,2026-02-27,2057784,56
716,716,5,Personal Loan,2026-04-12,130764,126
717,717,2,Medical,2026-02-12,1715899,137
718,718,4,Credit Card,2026-03-25,1141952,166
719,719,1,Medical,2026-04-03,1995233,145
720,720,3,Medical,2026-02-25,808829,127
721,721,5,Credit Card,2026-03-05,375788,226
722,722,3,Credit Card,2026-01-13,97026,77
723,723,3,Credit Card,2026-04-17,143929,230
724,724,6,Medical,2026-01-29,411109,116
725,725,4,Auto,2026-05-08,1863984,44
726,726,6,Personal Loan,2026-01-17,1227856,184
727,727,3,Personal Loan,2026-05-20,737424,185
728,728,3,Personal Loan,2026-03-06,627310,165
729,729,6,Medical,2026-03-29,2173797,153
730,730,4,Credit Card,2026-02-28,1454671,83
731,731,5,Credit Card,2026-02-18,52500,126
732,732,1,Credit Card,2026-02-18,148589,75
733,733,6,Auto,2026-04-19,1549523,2
734,734,4,Personal Loan,2026-05-06,182196,89
735,735,1,Auto,2026-03-31,2106502,9
736,736,3,Personal Loan,2026-05-01,194041,141
737,737,1,Medical,2026-05-10,1914074,118
738,738,4,Auto,2026-01-20,885182,63
739,739,6,Credit Card,2026-02-05,603643,112
740,740,5,Auto,2026-03-13,1879937,17
741,741,4,Medical,2026-04-02,2040723,232
742,742,5,Personal Loan,2026-05-20,1615804,122
743,743,3,Medical,2026-02-21,668186,191
744,744,2,Credit Card,2026-02-02,2188540,122
745,745,6,Medical,2026-05-11,1755118,61
746,746,5,Personal Loan,2026-03-29,1322958,235
747,747,3,Personal Loan,2026-05-12,1005639,232
748,748,2,Personal Loan,2026-02-05,1287383,182
749,749,4,Personal Loan,2026-03-11,2433159,37
750,750,4,Auto,2026-05-06,503316,99
751,751,1,Credit Card,2026-04-19,909382,2
752,752,2,Medical,2026-05-30,1378410,206
753,753,2,Medical,2026-04-09,1921352,25
754,754,5,Auto,2026-01-06,2143092,214
755,755,4,Credit Card,2026-03-04,321350,99
756,756,1,Auto,2026-05-16,870876,93
757,757,5,Personal Loan,2026-03-06,382421,115
758,758,5,Auto,2026-02-15,1258978,108
759,759,3,Medical,2026-04-29,2371289,39
760,760,1,Auto,2026-05-09,2166067,34
761,761,4,Medical,2026-05-27,1221372,116
762,762,5,Auto,2026-03-15,1982620,173
763,763,1,Personal Loan,2026-01-10,917772,215
764,764,2,Medical,2026-03-19,1712457,4
765,765,4,Auto,2026-03-31,2000726,19
766,766,2,Credit Card,2026-03-21,2175327,25
767,767,6,Personal Loan,2026-05-11,967268,6
768,768,5,Credit Card,2026-05-21,2425446,39
769,769,1,Credit Card,2026-04-11,973743,77
770,770,5,Personal Loan,2026-02-08,1840596,234
771,771,2,Auto,2026-02-26,2014220,29
772,772,2,Personal Loan,2026-03-25,2259178,206
773,773,2,Medical,2026-02-07,2377897,225
774,774,4,Personal Loan,2026-04-16,1727095,76
775,775,4,Auto,2026-04-21,696115,7
776,776,2,Auto,2026-01-22,85609,126
777,777,6,Personal Loan,2026-03-16,1588332,170
778,778,4,Auto,2026-02-19,762756,27
779,779,3,Medical,2026-01-09,1700011,177
780,780,1,Auto,2026-01-31,669414,32
781,781,6,Credit Card,2026-02-23,2034863,93
782,782,6,Personal Loan,2026-03-25,1821457,234
783,783,6,Personal Loan,2026-01-10,88693,182
784,784,2,Medical,2026-05-09,896046,85
785,785,4,Auto,2026-04-15,313395,237
786,786,2,Auto,2026-02-28,220054,61
787,787,4,Medical,2026-03-20,264730,136
788,788,2,Personal Loan,2026-02-03,1132940,171
789,789,6,Credit Card,2026-05-19,2351333,19
790,790,5,Auto,2026-03-28,559352,130
791,791,2,Medical,2026-01-23,316057,87
792,792,5,Auto,2026-04-21,484401,54
793,793,4,Auto,2026-05-07,2388147,82
794,794,3,Auto,2026-04-17,81196,21
795,795,3,Medical,2026-01-28,280321,178
796,796,3,Credit Card,2026-05-15,469944,24
797,797,5,Credit Card,2026-03-12,1356477,207
798,798,4,Credit Card,2026-01-02,498072,120
799,799,6,Credit Card,2026-02-13,826488,161
800,800,2,Personal Loan,2026-02-24,1679240,88
801,801,6,Personal Loan,2026-04-14,851803,176
802,802,2,Credit Card,2026-01-11,1018278,187
803,803,6,Credit Card,2026-02-06,666510,222
804,804,1,Personal Loan,2026-03-12,1884801,0
805,805,3,Medical,2026-04-28,2248998,105
806,806,6,Medical,2026-03-31,1321694,115
807,807,3,Personal Loan,2026-02-07,510636,133
808,808,5,Medical,2026-05-23,2459265,160
809,809,3,Credit Card,2026-05-25,2415679,97
810,810,6,Auto,2026-01-19,480399,183
811,811,2,Credit Card,2026-03-13,1936752,87
812,812,1,Auto,2026-05-18,1061708,176
813,813,1,Auto,2026-05-28,1214632,178
814,814,1,Personal Loan,2026-01-25,2447901,49
815,815,2,Medical,2026-02-15,871479,33
816,816,6,Credit Card,2026-04-21,695627,213
817,817,1,Medical,2026-02-13,1620916,175
818,818,6,Personal Loan,2026-02-12,1166272,226
819,819,2,Credit Card,2026-02-02,275620,143
820,820,5,Credit Card,2026-03-03,2310741,86
821,821,6,Credit Card,2026-02-05,974876,132
822,822,6,Personal Loan,2026-05-20,386202,117
823,823,1,Medical,2026-05-30,390003,123
824,824,4,Personal Loan,2026-05-28,2314980,125
825,825,4,Credit Card,2026-02-08,1749462,60
826,826,2,Auto,2026-04-04,1350764,186
827,827,3,Credit Card,2026-01-17,304643,237
828,828,2,Medical,2026-05-02,2140639,96
829,829,6,Personal Loan,2026-05-14,2446710,104
830,830,3,Credit Card,2026-01-27,1348493,118
831,831,2,Credit Card,2026-02-17,1282425,171
832,832,6,Medical,2026-03-12,1440626,119
833,833,6,Credit Card,2026-03-07,1371515,101
834,834,4,Credit Card,2026-04-27,2257090,139
835,835,1,Auto,2026-03-24,996728,218
836,836,3,Auto,2026-05-10,2133169,24
837,837,3,Auto,2026-01-08,497724,28
838,838,5,Personal Loan,2026-01-19,566627,27
839,839,1,Medical,2026-05-10,670263,115
840,840,5,Auto,2026-03-17,595479,240
841,841,1,Medical,2026-05-13,452591,109
842,842,5,Medical,2026-02-19,282311,92
843,843,2,Medical,2026-02-24,469202,65
844,844,2,Personal Loan,2026-01-11,535820,229
845,845,3,Medical,2026-01-17,1263620,239
846,846,5,Personal Loan,2026-04-27,426038,37
847,847,5,Medical,2026-05-09,1348528,44
848,848,5,Credit Card,2026-01-15,1760517,142
849,849,6,Medical,2026-04-24,779450,79
850,850,6,Personal Loan,2026-02-07,1870938,23
851,851,4,Credit Card,2026-05-24,2071357,172
852,852,2,Credit Card,2026-02-12,2056627,1
853,853,4,Auto,2026-03-24,277849,198
854,854,6,Auto,2026-04-25,636072,195
855,855,3,Medical,2026-02-03,1367850,51
856,856,1,Medical,2026-02-12,476378,0
857,857,5,Personal Loan,2026-01-13,757552,12
858,858,2,Medical,2026-05-08,2203317,19
859,859,1,Medical,2026-05-18,815007,66
860,860,4,Auto,2026-04-26,146127,103
861,861,6,Medical,2026-02-06,403800,46
862,862,5,Medical,2026-03-09,1748419,187
863,863,5,Credit Card,2026-05-19,1261332,40
864,864,4,Personal Loan,2026-02-28,2324496,129
865,865,4,Auto,2026-05-20,1734656,122
866,866,4,Credit Card,2026-04-26,1203014,157
867,867,3,Credit Card,2026-01-10,2281959,102
868,868,6,Personal Loan,2026-03-10,175400,193
869,869,2,Personal Loan,2026-01-08,573556,230
870,870,5,Credit Card,2026-02-26,866076,87
871,871,4,Medical,2026-05-28,770821,222
872,872,3,Credit Card,2026-04-09,2393294,156
873,873,6,Credit Card,2026-02-19,1336054,224
874,874,3,Credit Card,2026-02-23,1704781,83
875,875,1,Medical,2026-05-02,2250016,204
876,876,2,Auto,2026-01-10,1534194,98
877,877,5,Personal Loan,2026-05-12,2259488,102
878,878,5,Personal Loan,2026-03-28,1222785,187
879,879,1,Medical,2026-01-02,215264,205
880,880,2,Credit Card,2026-03-23,340424,82
881,881,4,Medical,2026-05-06,654283,108
882,882,5,Medical,2026-02-03,1586348,235
883,883,5,Medical,2026-02-02,889620,224
884,884,4,Personal Loan,2026-02-22,2368384,6
885,885,6,Credit Card,2026-05-22,1061200,100
886,886,6,Auto,2026-05-26,947994,225
887,887,5,Medical,2026-03-04,2472651,81
888,888,5,Auto,2026-02-16,1924127,0
889,889,6,Credit Card,2026-02-08,167769,34
890,890,5,Auto,2026-05-06,2002876,89
891,891,1,Personal Loan,2026-01-11,897229,77
892,892,1,Auto,2026-05-27,1395256,17
893,893,2,Personal Loan,2026-02-08,2470903,169
894,894,2,Credit Card,2026-03-12,2194887,156
895,895,1,Auto,2026-02-23,710202,104
896,896,2,Credit Card,2026-01-27,593172,30
897,897,4,Personal Loan,2026-01-04,800099,198
898,898,6,Auto,2026-04-04,1517902,214
899,899,5,Personal Loan,2026-02-24,2436014,32
900,900,3,Auto,2026-03-25,2313411,78
901,901,2,Auto,2026-02-11,2060373,71
902,902,2,Medical,2026-01-06,1779484,32
903,903,1,Personal Loan,2026-01-16,573007,232
904,904,3,Auto,2026-03-31,1610154,215
905,905,2,Credit Card,2026-04-16,2372987,115
906,906,5,Credit Card,2026-05-20,105067,207
907,907,6,Credit Card,2026-01-28,1487467,118
908,908,1,Credit Card,2026-02-28,1443093,208
909,909,5,Personal Loan,2026-03-31,2280076,114
910,910,5,Auto,2026-02-20,890394,40
911,911,2,Auto,2026-05-15,1058930,4
912,912,4,Auto,2026-03-10,1740238,25
913,913,6,Auto,2026-04-25,2086979,31
914,914,2,Credit Card,2026-01-17,1378193,65
915,915,4,Auto,2026-03-15,255957,146
916,916,1,Personal Loan,2026-04-25,111490,42
917,917,2,Credit Card,2026-05-30,1931481,21
918,918,2,Credit Card,2026-01-03,2311148,207
919,919,1,Personal Loan,2026-04-08,2413192,152
920,920,3,Credit Card,2026-05-03,259821,150
921,921,4,Credit Card,2026-01-29,1537342,126
922,922,4,Medical,2026-03-14,1628377,184
923,923,5,Medical,2026-04-15,1204344,0
924,924,1,Medical,2026-01-19,949476,91
925,925,5,Credit Card,2026-03-07,1397284,102
926,926,1,Auto,2026-03-16,1197561,102
927,927,4,Medical,2026-01-01,1730677,24
928,928,3,Auto,2026-05-21,1896947,145
929,929,3,Medical,2026-01-15,2053856,178
930,930,5,Auto,2026-01-16,1002397,53
931,931,6,Personal Loan,2026-04-07,1623051,201
932,932,4,Personal Loan,2026-01-08,2445829,196
933,933,2,Personal Loan,2026-04-19,598849,66
934,934,6,Personal Loan,2026-01-28,1713001,154
935,935,4,Auto,2026-02-16,1945516,177
936,936,5,Credit Card,2026-01-16,75666,27
937,937,1,Personal Loan,2026-04-02,1912641,114
938,938,6,Auto,2026-03-06,1009688,87
939,939,6,Medical,2026-02-01,2388291,128
940,940,3,Personal Loan,2026-04-20,1117302,73
941,941,4,Auto,2026-05-06,405957,230
942,942,4,Medical,2026-05-23,2310293,209
943,943,6,Medical,2026-02-28,1413147,68
944,944,4,Personal Loan,2026-04-12,1897765,131
945,945,5,Medical,2026-01-17,2042761,115
946,946,6,Auto,2026-03-07,2310170,205
947,947,6,Auto,2026-01-10,425565,181
948,948,2,Credit Card,2026-05-26,931182,182
949,949,2,Credit Card,2026-02-17,1014771,4
950,950,3,Personal Loan,2026-03-02,2369586,166
951,951,2,Credit Card,2026-01-09,65308,117
952,952,3,Credit Card,2026-04-11,1605954,181
953,953,1,Credit Card,2026-03-10,2018947,94
954,954,4,Auto,2026-04-14,718176,200
955,955,5,Auto,2026-04-27,375202,229
956,956,5,Personal Loan,2026-04-03,1457668,30
957,957,2,Auto,2026-02-15,732492,85
958,958,1,Personal Loan,2026-04-06,2088878,111
959,959,2,Medical,2026-03-13,2021334,235
960,960,5,Medical,2026-01-23,2086228,41
961,961,4,Credit Card,2026-04-06,76201,15
962,962,2,Auto,2026-01-12,1571388,13
963,963,2,Medical,2026-03-25,1279080,204
964,964,4,Medical,2026-05-12,642448,206
965,965,3,Auto,2026-01-12,694786,56
966,966,5,Credit Card,2026-02-08,1814446,103
967,967,2,Credit Card,2026-03-18,1752435,84
968,968,5,Medical,2026-02-10,913984,186
969,969,3,Credit Card,2026-05-19,1447988,10
970,970,2,Personal Loan,2026-01-25,130096,206
971,971,6,Credit Card,2026-02-15,755440,103
972,972,2,Auto,2026-01-22,617209,230
973,973,2,Medical,2026-01-29,1464573,232
974,974,3,Personal Loan,2026-05-21,257691,164
975,975,2,Credit Card,2026-03-19,101190,0
976,976,5,Personal Loan,2026-03-28,780909,88
977,977,5,Auto,2026-01-05,1718424,233
978,978,5,Personal Loan,2026-03-03,2058996,177
979,979,1,Credit Card,2026-04-06,993837,100
980,980,6,Personal Loan,2026-02-25,723941,212
981,981,3,Medical,2026-04-08,1363251,230
982,982,2,Medical,2026-05-27,676845,78
983,983,3,Medical,2026-04-18,244594,1
984,984,5,Credit Card,2026-02-26,620765,72
985,985,6,Medical,2026-02-15,85531,117
986,986,2,Credit Card,2026-03-30,729907,46
987,987,3,Credit Card,2026-02-13,333221,133
988,988,5,Credit Card,2026-01-25,1651048,181
989,989,2,Personal Loan,2026-05-29,2061554,84
990,990,6,Medical,2026-05-05,1219208,187
991,991,5,Medical,2026-04-03,2471264,179
992,992,3,Medical,2026-02-23,262683,56
993,993,1,Credit Card,2026-04-12,876451,88
994,994,1,Credit Card,2026-05-16,965070,67
995,995,1,Credit Card,2026-04-18,2091988,93
996,996,4,Auto,2026-01-10,1899584,50
997,997,2,Auto,2026-02-07,1122594,170
998,998,2,Medical,2026-01-26,1759446,185
999,999,2,Personal Loan,2026-03-02,993352,51
1000,1000,3,Personal Loan,2026-04-14,167396,94
1001,1001,4,Auto,2026-03-11,1698476,206
1002,1002,1,Personal Loan,2026-03-20,2180897,47
1003,1003,2,Auto,2026-01-31,1164405,31
1004,1004,2,Credit Card,2026-03-23,1345814,115
1005,1005,3,Personal Loan,2026-02-10,927092,189
1006,1006,4,Medical,2026-04-24,1991120,147
1007,1007,1,Credit Card,2026-01-29,1218773,236
1008,1008,6,Credit Card,2026-04-05,1415177,9
1009,1009,2,Personal Loan,2026-01-17,1346831,118
1010,1010,5,Credit Card,2026-03-19,1000887,196
1011,1011,5,Auto,2026-01-07,832183,200
1012,1012,5,Medical,2026-02-18,2240317,0
1013,1013,1,Credit Card,2026-05-01,1715541,141
1014,1014,4,Credit Card,2026-02-10,888455,25
1015,1015,4,Medical,2026-03-08,1738363,83
1016,1016,3,Medical,2026-01-28,1274891,88
1017,1017,2,Credit Card,2026-03-04,2058184,218
1018,1018,6,Credit Card,2026-02-08,106841,56
1019,1019,3,Credit Card,2026-02-14,332246,109
1020,1020,1,Auto,2026-04-02,825370,205
1021,1021,5,Auto,2026-01-04,348301,24
1022,1022,6,Auto,2026-05-17,2426196,103
1023,1023,5,Auto,2026-05-16,2292967,166
1024,1024,3,Medical,2026-04-08,1429152,7
1025,1025,5,Credit Card,2026-02-10,557726,90
1026,1026,4,Auto,2026-04-18,2404105,78
1027,1027,6,Credit Card,2026-03-30,1839417,65
1028,1028,1,Credit Card,2026-04-29,1901279,225
1029,1029,2,Medical,2026-03-31,511884,118
1030,1030,2,Personal Loan,2026-04-16,1872947,84
1031,1031,3,Auto,2026-03-04,1134138,72
1032,1032,5,Personal Loan,2026-05-03,966565,25
1033,1033,2,Credit Card,2026-05-27,1918743,176
1034,1034,3,Personal Loan,2026-05-03,1420797,49
1035,1035,1,Medical,2026-03-19,1650133,185
1036,1036,3,Auto,2026-03-27,1700384,48
1037,1037,4,Medical,2026-03-25,1713246,21
1038,1038,2,Medical,2026-02-18,1758741,8
1039,1039,5,Personal Loan,2026-03-22,640844,97
1040,1040,4,Personal Loan,2026-03-13,1820517,46
1041,1041,3,Auto,2026-01-05,613890,146
1042,1042,1,Credit Card,2026-04-30,1899575,171
1043,1043,2,Personal Loan,2026-01-21,775788,208
1044,1044,3,Auto,2026-02-02,2315694,17
1045,1045,3,Personal Loan,2026-05-02,2126986,105
1046,1046,5,Auto,2026-05-19,1003742,39
1047,1047,4,Auto,2026-05-30,1489661,194
1048,1048,4,Credit Card,2026-01-13,360101,220
1049,1049,2,Auto,2026-02-14,786112,99
1050,1050,2,Auto,2026-01-29,1625718,173
1051,1051,3,Auto,2026-03-16,1284919,224
1052,1052,1,Personal Loan,2026-01-06,747135,157
1053,1053,5,Personal Loan,2026-02-23,720913,106
1054,1054,6,Medical,2026-04-05,2452097,38
1055,1055,6,Medical,2026-02-14,1294277,10
1056,1056,2,Credit Card,2026-02-08,445779,95
1057,1057,6,Credit Card,2026-03-20,610213,10
1058,1058,3,Medical,2026-02-03,963148,28
1059,1059,1,Personal Loan,2026-03-20,318283,41
1060,1060,4,Personal Loan,2026-04-25,693507,147
1061,1061,3,Credit Card,2026-01-25,66143,83
1062,1062,4,Auto,2026-04-21,737924,238
1063,1063,4,Auto,2026-04-14,792530,26
1064,1064,6,Medical,2026-02-09,465862,89
1065,1065,1,Medical,2026-03-10,1087512,119
1066,1066,4,Personal Loan,2026-02-08,1689088,178
1067,1067,5,Medical,2026-02-22,1342046,87
1068,1068,5,Auto,2026-05-24,66136,78
1069,1069,4,Personal Loan,2026-03-04,1262050,52
1070,1070,1,Auto,2026-02-05,1973847,102
1071,1071,1,Medical,2026-01-27,978784,223
1072,1072,1,Medical,2026-04-17,1042214,236
1073,1073,1,Personal Loan,2026-04-02,902726,99
1074,1074,5,Auto,2026-05-26,267207,233
1075,1075,1,Credit Card,2026-04-17,196462,161
1076,1076,3,Medical,2026-03-17,1320941,153
1077,1077,2,Personal Loan,2026-04-22,2053563,238
1078,1078,3,Medical,2026-03-15,1416002,153
1079,1079,1,Medical,2026-03-31,965035,179
1080,1080,6,Medical,2026-05-01,1043330,162
1081,1081,1,Personal Loan,2026-01-26,1753223,125
1082,1082,5,Credit Card,2026-03-28,269049,92
1083,1083,6,Auto,2026-05-29,1309466,51
1084,1084,1,Medical,2026-04-18,398739,61
1085,1085,1,Personal Loan,2026-05-02,873338,211
1086,1086,4,Auto,2026-01-28,1544180,48
1087,1087,3,Personal Loan,2026-04-07,1853599,13
1088,1088,4,Personal Loan,2026-02-13,1286518,188
1089,1089,3,Medical,2026-01-19,627383,163
1090,1090,1,Credit Card,2026-04-11,2245173,46
1091,1091,1,Auto,2026-05-27,750129,119
1092,1092,6,Personal Loan,2026-04-29,99864,49
1093,1093,5,Medical,2026-02-01,561120,201
1094,1094,1,Personal Loan,2026-01-11,2457395,211
1095,1095,2,Auto,2026-04-08,1736349,20
1096,1096,1,Personal Loan,2026-04-26,1083100,220
1097,1097,6,Credit Card,2026-03-05,1697889,168
1098,1098,4,Credit Card,2026-04-18,1636329,87
1099,1099,3,Credit Card,2026-03-09,229741,9
1100,1100,5,Personal Loan,2026-05-29,1014340,203
1101,1101,3,Credit Card,2026-03-11,1391762,219
1102,1102,2,Personal Loan,2026-03-11,197282,53
1103,1103,5,Credit Card,2026-01-03,102245,89
1104,1104,5,Credit Card,2026-03-01,406484,185
1105,1105,5,Medical,2026-03-11,468192,40
1106,1106,3,Auto,2026-02-08,1684833,52
1107,1107,3,Credit Card,2026-02-06,828136,67
1108,1108,2,Personal Loan,2026-01-14,198671,97
1109,1109,1,Personal Loan,2026-02-08,197421,199
1110,1110,1,Credit Card,2026-05-20,2496925,86
1111,1111,5,Auto,2026-01-28,906451,144
1112,1112,1,Auto,2026-01-18,2037936,65
1113,1113,2,Personal Loan,2026-04-12,114578,46
1114,1114,3,Personal Loan,2026-01-05,2496709,189
1115,1115,4,Auto,2026-02-27,597566,20
1116,1116,5,Credit Card,2026-03-23,2302442,43
1117,1117,5,Personal Loan,2026-01-03,2147990,79
1118,1118,2,Credit Card,2026-03-16,2429234,111
1119,1119,2,Credit Card,2026-01-11,2164640,57
1120,1120,1,Personal Loan,2026-05-06,672369,231
1121,1121,5,Auto,2026-01-06,126226,63
1122,1122,5,Credit Card,2026-05-13,2235619,31
1123,1123,2,Auto,2026-02-08,1036068,51
1124,1124,6,Medical,2026-05-12,1213206,63
1125,1125,3,Medical,2026-01-04,336947,82
1126,1126,1,Medical,2026-01-14,450516,68
1127,1127,5,Auto,2026-02-05,983199,152
1128,1128,6,Personal Loan,2026-05-08,1149242,231
1129,1129,2,Personal Loan,2026-01-25,2398867,27
1130,1130,1,Credit Card,2026-04-15,148698,32
1131,1131,6,Personal Loan,2026-03-09,2282844,2
1132,1132,5,Credit Card,2026-01-07,499088,85
1133,1133,4,Medical,2026-01-26,579394,100
1134,1134,4,Credit Card,2026-03-17,2035184,169
1135,1135,5,Auto,2026-03-19,2149662,77
1136,1136,1,Personal Loan,2026-01-29,682567,202
1137,1137,1,Auto,2026-01-23,568939,198
1138,1138,6,Personal Loan,2026-02-27,1465003,128
1139,1139,3,Medical,2026-02-11,1606380,168
1140,1140,1,Medical,2026-05-16,1827898,127
1141,1141,3,Auto,2026-01-04,930202,208
1142,1142,1,Credit Card,2026-05-23,1790388,226
1143,1143,1,Medical,2026-01-03,555331,112
1144,1144,5,Auto,2026-05-01,748216,133
1145,1145,2,Medical,2026-05-01,698559,173
1146,1146,2,Personal Loan,2026-01-28,79251,140
1147,1147,5,Credit Card,2026-02-01,1688727,202
1148,1148,4,Personal Loan,2026-01-15,534190,210
1149,1149,2,Medical,2026-05-03,90459,93
1150,1150,1,Personal Loan,2026-02-26,148923,233
1151,1151,4,Personal Loan,2026-04-04,2357074,103
1152,1152,2,Auto,2026-04-18,1138743,129
1153,1153,4,Personal Loan,2026-01-20,1933410,206
1154,1154,3,Personal Loan,2026-01-26,1481793,39
1155,1155,4,Auto,2026-04-05,1225175,119
1156,1156,1,Auto,2026-04-28,903852,31
1157,1157,1,Medical,2026-02-16,1657771,144
1158,1158,2,Auto,2026-04-07,917694,17
1159,1159,5,Medical,2026-05-14,1699973,45
1160,1160,3,Auto,2026-04-18,401516,109
1161,1161,5,Personal Loan,2026-01-08,1061834,37
1162,1162,4,Credit Card,2026-04-05,2105610,125
1163,1163,1,Auto,2026-04-06,787029,148
1164,1164,1,Credit Card,2026-05-26,2355160,227
1165,1165,4,Auto,2026-01-07,349695,226
1166,1166,3,Medical,2026-01-03,187984,53
1167,1167,2,Personal Loan,2026-01-29,1897882,200
1168,1168,3,Credit Card,2026-04-12,1413553,40
1169,1169,4,Medical,2026-02-27,583601,194
1170,1170,4,Medical,2026-03-26,769933,141
1171,1171,1,Auto,2026-04-22,1313964,191
1172,1172,2,Credit Card,2026-01-27,2419969,42
1173,1173,2,Medical,2026-02-10,1511697,52
1174,1174,5,Medical,2026-01-16,526146,86
1175,1175,3,Medical,2026-05-18,161787,31
1176,1176,3,Auto,2026-01-15,1913659,80
1177,1177,4,Personal Loan,2026-05-25,902070,159
1178,1178,3,Medical,2026-01-26,2070050,184
1179,1179,6,Credit Card,2026-01-27,645033,227
1180,1180,2,Medical,2026-03-11,306206,180
1181,1181,1,Personal Loan,2026-03-26,1537408,24
1182,1182,4,Auto,2026-01-13,2220236,234
1183,1183,1,Medical,2026-03-24,2313668,188
1184,1184,2,Auto,2026-02-23,1033472,90
1185,1185,5,Medical,2026-04-02,2261621,212
1186,1186,1,Credit Card,2026-02-16,1519529,136
1187,1187,6,Credit Card,2026-03-06,806149,23
1188,1188,2,Auto,2026-04-17,1704313,10
1189,1189,1,Personal Loan,2026-03-09,1487350,110
1190,1190,2,Personal Loan,2026-02-15,614002,214
1191,1191,4,Personal Loan,2026-04-22,594416,55
1192,1192,1,Credit Card,2026-02-20,1771202,164
1193,1193,6,Medical,2026-03-15,537815,117
1194,1194,4,Credit Card,2026-01-12,1213681,121
1195,1195,4,Medical,2026-03-10,376188,56
1196,1196,3,Personal Loan,2026-01-03,744190,197
1197,1197,2,Personal Loan,2026-01-01,1471464,160
1198,1198,6,Credit Card,2026-05-06,1772035,75
1199,1199,2,Auto,2026-02-03,1676129,141
1200,1200,5,Credit Card,2026-05-02,750185,2
1201,844,3,Auto,2026-03-16,1040643,8
1202,902,6,Medical,2026-04-12,2076045,5
1203,96,3,Auto,2026-02-25,2157140,120
1204,645,6,Personal Loan,2026-04-13,150958,217
1205,907,4,Credit Card,2026-01-20,2336168,104
1206,1191,5,Medical,2026-05-02,853871,196
1207,950,2,Credit Card,2026-03-24,905946,117
1208,40,3,Credit Card,2026-03-02,1420845,72
1209,697,1,Auto,2026-04-08,803432,48
1210,301,6,Credit Card,2026-03-04,277765,119
1211,518,4,Medical,2026-01-14,481829,230
1212,612,6,Credit Card,2026-02-09,1779170,114
1213,340,5,Auto,2026-04-13,680079,140
1214,231,4,Auto,2026-05-19,59152,219
1215,35,2,Medical,2026-01-09,2274590,159
1216,993,5,Credit Card,2026-03-06,1450930,20
1217,457,2,Auto,2026-01-05,427591,93
1218,871,2,Personal Loan,2026-04-01,1538389,128
1219,820,6,Auto,2026-04-05,1209495,38
1220,104,2,Personal Loan,2026-05-05,780562,47
1221,149,4,Auto,2026-04-09,1798827,238
1222,657,2,Auto,2026-05-21,1089970,221
1223,259,2,Auto,2026-02-18,404996,2
1224,102,3,Auto,2026-01-18,1264640,238
1225,272,4,Credit Card,2026-02-08,2329872,151
1226,1063,1,Medical,2026-03-26,684731,59
1227,1094,4,Medical,2026-01-09,1601982,225
1228,837,4,Auto,2026-03-04,61652,25
1229,398,1,Auto,2026-03-23,995976,169
1230,368,5,Credit Card,2026-04-18,411385,37
1231,264,4,Medical,2026-04-24,2292044,80
1232,157,3,Credit Card,2026-05-01,1784507,201
1233,711,5,Credit Card,2026-02-12,2307428,68
1234,162,5,Credit Card,2026-03-30,1502557,82
1235,24,3,Medical,2026-01-01,262141,228
1236,167,2,Credit Card,2026-05-20,677515,174
1237,311,1,Auto,2026-05-17,2316957,82
1238,43,3,Credit Card,2026-04-30,1308211,195
1239,409,1,Medical,2026-02-26,380766,207
1240,463,3,Auto,2026-02-07,125872,173
1241,500,3,Personal Loan,2026-01-19,2450378,107
1242,1138,4,Auto,2026-02-03,1618545,1
1243,17,3,Credit Card,2026-01-23,1849082,2
1244,748,2,Medical,2026-03-02,170848,5
1245,273,1,Auto,2026-05-17,1855157,89
1246,462,3,Credit Card,2026-03-14,1246690,31
1247,1011,1,Auto,2026-04-05,676662,13
1248,403,2,Personal Loan,2026-04-14,117257,204
1249,111,4,Personal Loan,2026-01-25,1375540,134
1250,199,2,Personal Loan,2026-03-09,1582459,177
1251,815,5,Auto,2026-05-15,2464152,190
1252,767,1,Auto,2026-04-12,2344026,12
1253,273,6,Medical,2026-05-03,942134,144
1254,383,5,Personal Loan,2026-04-28,1627318,42
1255,1,6,Credit Card,2026-01-25,1104289,108
1256,173,3,Personal Loan,2026-05-04,1439989,215
1257,309,4,Medical,2026-02-09,823031,126
1258,590,6,Credit Card,2026-03-19,617372,186
1259,1166,3,Credit Card,2026-04-18,627639,215
1260,1177,6,Personal Loan,2026-05-27,2081742,215
1261,208,4,Medical,2026-02-26,1129026,25
1262,591,5,Personal Loan,2026-01-27,1432208,58
1263,1007,6,Credit Card,2026-04-29,2163995,216
1264,958,3,Personal Loan,2026-04-05,1731135,100
1265,413,2,Auto,2026-01-01,1915517,205
1266,289,5,Auto,2026-05-20,298948,21
1267,205,3,Medical,2026-04-02,2120025,65
1268,968,5,Personal Loan,2026-03-08,338195,1
1269,435,2,Auto,2026-03-18,1173155,15
1270,1185,6,Credit Card,2026-02-24,1178749,149
1271,1008,4,Personal Loan,2026-02-22,1534521,130
1272,91,2,Medical,2026-03-06,1183572,23
1273,633,6,Credit Card,2026-04-04,526803,131
1274,1054,6,Personal Loan,2026-05-14,1712755,27
1275,574,4,Medical,2026-04-03,2351146,117
1276,1085,1,Credit Card,2026-01-23,1608311,119
1277,971,6,Credit Card,2026-02-06,973013,115
1278,1111,3,Auto,2026-04-20,1376903,14
1279,133,5,Personal Loan,2026-01-17,1529508,126
1280,310,1,Medical,2026-05-03,1721823,151
1281,1120,5,Credit Card,2026-03-27,420003,39
1282,1134,4,Medical,2026-05-23,653889,57
1283,906,4,Medical,2026-04-25,105657,189
1284,68,4,Personal Loan,2026-01-11,1385012,32
1285,661,2,Credit Card,2026-01-27,689146,50
1286,844,3,Auto,2026-05-12,1274411,147
1287,1193,3,Auto,2026-02-23,549227,93
1288,507,5,Auto,2026-03-30,1116567,204
1289,690,1,Credit Card,2026-01-17,1903687,41
1290,467,1,Personal Loan,2026-01-19,1252419,214
1291,592,4,Medical,2026-02-02,2298207,51
1292,1199,6,Auto,2026-01-08,2462303,181
1293,4,1,Medical,2026-04-16,1876650,80
1294,897,6,Auto,2026-01-19,925589,141
1295,602,3,Credit Card,2026-04-14,554564,157
1296,505,4,Auto,2026-01-29,2355128,192
1297,686,5,Personal Loan,2026-04-02,1649674,149
1298,524,3,Auto,2026-02-23,1187017,123
1299,479,2,Credit Card,2026-03-18,2016381,64
1300,305,2,Personal Loan,2026-03-16,2483785,23
1301,29,3,Personal Loan,2026-02-04,83878,73
1302,423,3,Credit Card,2026-03-04,409762,83
1303,350,4,Credit Card,2026-05-04,2293368,204
1304,5,6,Medical,2026-04-15,2348125,221
1305,687,3,Credit Card,2026-05-09,1860837,172
1306,838,4,Auto,2026-02-09,164540,9
1307,77,3,Credit Card,2026-02-04,623068,81
1308,234,1,Medical,2026-01-25,244435,65
1309,624,2,Medical,2026-03-27,579490,128
1310,930,4,Auto,2026-04-02,1088162,160
1311,505,3,Credit Card,2026-04-10,711467,158
1312,890,4,Personal Loan,2026-04-24,1185796,170
1313,556,3,Medical,2026-05-21,992063,240
1314,197,4,Personal Loan,2026-05-20,373649,220
1315,946,6,Credit Card,2026-05-12,875163,7
1316,1099,3,Auto,2026-01-02,450215,208
1317,377,4,Personal Loan,2026-03-18,1903972,164
1318,223,2,Auto,2026-04-14,910313,35
1319,943,5,Credit Card,2026-04-09,1275288,158
1320,558,5,Credit Card,2026-04-13,1085567,194
1321,206,5,Personal Loan,2026-02-22,1197695,11
1322,187,5,Credit Card,2026-01-19,1102960,102
1323,1085,2,Auto,2026-02-11,212120,218
1324,250,2,Medical,2026-03-05,1274644,66
1325,783,5,Credit Card,2026-01-26,911547,20
1326,181,6,Personal Loan,2026-05-14,2380545,23
1327,154,6,Medical,2026-02-04,2082471,111
1328,511,2,Medical,2026-05-28,1250695,30
1329,888,5,Medical,2026-01-14,1773710,99
1330,134,4,Auto,2026-04-04,1236970,149
1331,713,4,Auto,2026-03-29,1864816,53
1332,741,2,Auto,2026-04-10,1745368,93
1333,1043,4,Auto,2026-02-26,71364,220
1334,967,1,Auto,2026-05-18,640216,43
1335,293,2,Medical,2026-02-11,637231,46
1336,559,1,Credit Card,2026-03-18,184007,9
1337,61,6,Personal Loan,2026-03-05,1505546,49
1338,36,5,Credit Card,2026-01-08,585301,6
1339,538,6,Personal Loan,2026-05-11,451004,120
1340,455,4,Personal Loan,2026-02-27,144677,127
1341,1180,5,Credit Card,2026-03-03,1738196,81
1342,611,6,Personal Loan,2026-05-26,254845,228
1343,849,4,Credit Card,2026-03-23,653567,237
1344,370,4,Personal Loan,2026-03-19,1978675,205
1345,222,5,Personal Loan,2026-03-05,1720676,136
1346,1154,4,Auto,2026-04-09,780300,3
1347,1102,3,Medical,2026-02-26,396310,134
1348,179,3,Auto,2026-02-03,160909,118
1349,196,4,Credit Card,2026-02-08,239092,27
1350,1192,6,Personal Loan,2026-01-06,820942,110
1351,293,5,Medical,2026-04-26,2480041,0
1352,155,5,Personal Loan,2026-04-30,2002336,84
1353,877,6,Personal Loan,2026-04-20,1814628,14
1354,178,5,Personal Loan,2026-05-28,721596,122
1355,687,2,Medical,2026-05-03,1843392,34
1356,312,3,Personal Loan,2026-01-22,398657,49
1357,690,4,Medical,2026-01-08,1076938,145
1358,286,5,Credit Card,2026-03-29,932101,24
1359,756,2,Credit Card,2026-04-21,1916953,206
1360,962,5,Auto,2026-03-22,1668593,66
1361,1163,2,Auto,2026-04-16,2476801,83
1362,45,6,Auto,2026-03-01,1390401,149
1363,402,2,Personal Loan,2026-01-02,830335,228
1364,1162,4,Auto,2026-03-15,1496568,219
1365,553,5,Personal Loan,2026-02-09,285301,16
1366,550,5,Medical,2026-05-13,1275483,99
1367,1107,6,Auto,2026-05-11,747871,127
1368,273,5,Credit Card,2026-03-15,1873959,143
1369,536,2,Personal Loan,2026-01-30,837678,195
1370,1087,3,Credit Card,2026-01-29,2043105,138
1371,126,3,Personal Loan,2026-01-18,306905,61
1372,939,3,Personal Loan,2026-02-25,2051990,90
1373,211,4,Auto,2026-01-10,699142,229
1374,866,5,Credit Card,2026-04-10,1829614,21
1375,425,5,Personal Loan,2026-01-08,1446029,48
1376,327,3,Auto,2026-05-11,734067,102
1377,419,3,Medical,2026-02-08,2211905,230
1378,957,5,Medical,2026-03-03,68531,240
1379,1027,1,Personal Loan,2026-04-27,536344,35
1380,170,4,Medical,2026-01-16,86155,18
1381,107,6,Personal Loan,2026-05-06,958512,189
1382,1188,6,Auto,2026-04-20,554614,27
1383,940,2,Medical,2026-04-08,1578946,177
1384,742,1,Personal Loan,2026-01-04,1973737,122
1385,77,3,Credit Card,2026-01-30,396516,11
1386,452,2,Personal Loan,2026-04-27,2383314,73
1387,285,6,Auto,2026-01-24,2125573,108
1388,623,1,Auto,2026-04-11,258161,202
1389,406,6,Medical,2026-02-21,289159,81
1390,481,5,Credit Card,2026-01-10,269845,141
1391,452,6,Auto,2026-01-13,1151055,106
1392,281,2,Auto,2026-05-12,395390,133
1393,75,1,Personal Loan,2026-02-26,358911,174
1394,632,6,Medical,2026-05-30,573415,170
1395,180,1,Auto,2026-05-15,1549610,225
1396,1055,6,Credit Card,2026-04-24,2208905,145
1397,1128,2,Credit Card,2026-03-25,758871,118
1398,61,3,Credit Card,2026-05-17,153333,235
1399,165,4,Credit Card,2026-05-17,2285047,215
1400,949,6,Credit Card,2026-05-06,1516248,160
1401,28,6,Credit Card,2026-02-08,1475624,164
1402,1149,6,Credit Card,2026-02-23,549399,98
1403,189,6,Personal Loan,2026-03-25,2125417,78
1404,858,5,Personal Loan,2026-04-20,2352559,237
1405,326,2,Auto,2026-05-11,1269400,197
1406,822,3,Auto,2026-02-14,2281418,42
1407,353,3,Medical,2026-04-28,876587,145
1408,79,3,Medical,2026-03-31,511116,176
1409,543,4,Medical,2026-01-17,634137,211
1410,306,3,Auto,2026-02-17,1982395,215
1411,733,3,Personal Loan,2026-05-03,1326898,193
1412,382,4,Credit Card,2026-04-17,619219,106
1413,528,4,Credit Card,2026-04-19,749551,44
1414,67,3,Personal Loan,2026-01-16,1353441,184
1415,79,5,Personal Loan,2026-05-16,2382257,128
1416,95,3,Medical,2026-04-13,1298979,141
1417,679,1,Personal Loan,2026-02-17,318114,151
1418,79,1,Medical,2026-04-06,993818,170
1419,926,1,Medical,2026-04-10,1474939,219
1420,447,4,Auto,2026-01-20,1401669,111
1421,773,2,Medical,2026-02-15,74655,143
1422,300,5,Medical,2026-03-18,338599,201
1423,484,3,Medical,2026-05-21,759084,8
1424,780,6,Credit Card,2026-05-03,1079840,119
1425,527,1,Credit Card,2026-04-01,592749,199
1426,166,3,Credit Card,2026-01-02,2269148,225
1427,1027,6,Auto,2026-04-25,537919,192
1428,202,4,Medical,2026-05-07,920205,139
1429,801,3,Auto,2026-01-18,1316369,45
1430,210,2,Personal Loan,2026-01-25,1300700,47
1431,45,4,Medical,2026-04-10,2191250,96
1432,119,4,Auto,2026-01-30,753247,84
1433,322,5,Personal Loan,2026-02-13,588055,122
1434,277,2,Credit Card,2026-01-15,1374241,125
1435,729,4,Credit Card,2026-04-15,1458244,141
1436,625,4,Auto,2026-04-17,483505,55
1437,247,4,Medical,2026-02-26,865666,19
1438,116,6,Medical,2026-01-12,1352215,121
1439,987,2,Personal Loan,2026-05-21,568677,187
1440,368,4,Credit Card,2026-03-07,2120019,209
1441,478,4,Personal Loan,2026-02-01,2323312,91
1442,692,5,Credit Card,2026-05-01,1727481,166
1443,1041,4,Credit Card,2026-01-24,1805471,17
1444,370,1,Personal Loan,2026-02-27,1282010,33
1445,481,2,Auto,2026-04-16,1080261,80
1446,15,3,Personal Loan,2026-03-13,1076139,112
1447,1180,5,Personal Loan,2026-03-12,83824,26
1448,409,1,Personal Loan,2026-01-20,346114,98
1449,1195,4,Auto,2026-04-08,1650566,153
1450,473,5,Personal Loan,2026-02-19,118126,32
1451,1079,6,Auto,2026-04-05,480031,111
1452,704,3,Credit Card,2026-02-04,2375678,115
1453,17,4,Medical,2026-04-06,1190764,145
1454,256,4,Medical,2026-01-12,1134706,1
1455,881,4,Auto,2026-04-07,2215707,150
1456,902,5,Credit Card,2026-01-22,1144135,20
1457,668,4,Credit Card,2026-04-02,1806705,167
1458,672,5,Credit Card,2026-04-22,2463753,226
1459,267,1,Personal Loan,2026-02-01,1311070,14
1460,662,2,Personal Loan,2026-01-14,1666327,56
1461,1184,5,Auto,2026-02-06,1892452,153
1462,529,6,Auto,2026-03-14,936192,130
1463,901,3,Auto,2026-02-20,982604,22
1464,1001,5,Auto,2026-05-11,2374768,67
1465,942,6,Personal Loan,2026-02-18,1921184,224
1466,863,4,Auto,2026-02-08,144486,90
1467,120,5,Credit Card,2026-02-23,299120,164
1468,684,5,Auto,2026-03-29,1074107,93
1469,956,3,Credit Card,2026-01-04,204430,218
1470,652,1,Medical,2026-01-23,2346878,191
1471,764,6,Medical,2026-02-07,116365,94
1472,570,3,Auto,2026-03-15,122767,174
1473,185,5,Personal Loan,2026-03-04,944284,116
1474,341,6,Medical,2026-01-27,119990,200
1475,401,3,Personal Loan,2026-04-01,2206361,230
1476,769,5,Personal Loan,2026-01-20,766425,92
1477,1092,2,Credit Card,2026-01-11,282730,209
1478,496,4,Credit Card,2026-04-05,2458508,215
1479,111,2,Credit Card,2026-04-02,1570197,82
1480,922,1,Auto,2026-03-20,1295006,136
1481,1125,5,Personal Loan,2026-04-15,1562308,169
1482,833,2,Personal Loan,2026-02-17,462218,87
1483,121,1,Medical,2026-04-08,441259,40
1484,824,3,Medical,2026-01-22,2143886,166
1485,63,2,Credit Card,2026-02-21,712283,165
1486,1049,3,Credit Card,2026-02-17,237468,180
1487,699,4,Credit Card,2026-03-09,1942281,183
1488,781,6,Personal Loan,2026-05-11,1907227,108
1489,783,5,Credit Card,2026-01-26,861722,236
1490,425,1,Personal Loan,2026-02-24,2184647,31
1491,1154,4,Credit Card,2026-02-01,1138906,92
1492,116,2,Personal Loan,2026-04-15,2039073,186
1493,1096,6,Medical,2026-02-12,1591658,223
1494,38,5,Auto,2026-04-15,2127057,71
1495,1001,5,Personal Loan,2026-03-26,715387,137
1496,893,3,Personal Loan,2026-03-23,351744,227
1497,393,4,Credit Card,2026-01-16,512452,21
1498,441,6,Personal Loan,2026-03-13,2321006,197
1499,403,2,Personal Loan,2026-03-12,84001,141
1500,496,6,Personal Loan,2026-02-26,1889762,203
