customer_id,region,credit_score
1,Northeast,432
2,Midwest,545
3,South,491
4,Northeast,766
5,Northeast,722
6,West,436
7,Northeast,467
8,South,539
9,Northeast,707
10,South,786
11,West,532
12,West,721
13,Midwest,423
14,South,777
15,West,594
16,Midwest,499
17,South,810
18,Midwest,472
19,Northeast,614
20,Northeast,603
21,Midwest,729
22,Midwest,442
23,West,694
24,Northeast,613
25,Northeast,702
26,Midwest,741
27,Midwest,715
28,South,780
29,Northeast,443
30,South,815
31,Midwest,460
32,South,471
33,West,562
34,West,745
35,Midwest,503
36,Midwest,601
37,South,763
38,Midwest,779
39,Northeast,731
40,South,693
41,South,503
42,West,614
43,Midwest,747
44,South,770
45,Midwest,813
46,Northeast,537
47,Northeast,581
48,West,557
49,Northeast,528
50,Midwest,528
51,West,622
52,West,493
53,Midwest,491
54,South,801
55,Midwest,802
56,West,718
57,West,605
58,South,490
59,West,466
60,Northeast,476
61,South,741
62,South,768
63,West,725
64,Northeast,617
65,West,725
66,West,690
67,Midwest,703
68,Northeast,768
69,Northeast,769
70,Midwest,813
71,Midwest,477
72,Midwest,642
73,South,652
74,Northeast,789
75,Midwest,676
76,South,679
77,Northeast,740
78,Midwest,747
79,South,498
80,Midwest,810
81,South,696
82,Northeast,726
83,Midwest,670
84,Northeast,477
85,Midwest,577
86,South,449
87,South,710
88,Northeast,463
89,West,455
90,South,485
91,West,701
92,South,555
93,West,528
94,South,785
95,Midwest,624
96,Midwest,644
97,West,481
98,South,535
99,Northeast,593
100,Northeast,721
101,South,721
102,South,423
103,Northeast,782
104,Northeast,537
105,Northeast,436
106,Midwest,456
107,South,562
108,West,529
109,South,790
110,West,544
111,West,628
112,South,468
113,Northeast,757
114,West,601
115,West,630
116,West,793
117,Northeast,764
118,Northeast,451
119,West,792
120,Midwest,475
121,South,518
122,South,694
123,West,491
124,West,513
125,Midwest,656
126,South,458
127,West,701
128,Northeast,445
129,Northeast,467
130,South,505
131,West,668
132,West,529
133,West,450
134,South,614
135,Northeast,619
136,Midwest,652
137,Midwest,636
138,West,499
139,South,571
140,South,449
141,Northeast,802
142,Midwest,449
143,Northeast,719
144,West,677
145,South,449
146,Northeast,515
147,Northeast,724
148,Northeast,765
149,South,626
150,Northeast,711
151,South,716
152,Northeast,737
153,Northeast,634
154,Midwest,553
155,South,762
156,Midwest,542
157,Midwest,622
158,South,763
159,Midwest,654
160,Midwest,804
161,Northeast,424
162,West,738
163,Northeast,457
164,South,679
165,Midwest,487
166,Midwest,455
167,South,609
168,Midwest,500
169,West,698
170,Midwest,733
171,Northeast,761
172,Midwest,759
173,Northeast,488
174,Midwest,479
175,Northeast,800
176,South,559
177,Midwest,729
178,South,787
179,Midwest,524
180,Midwest,678
181,West,548
182,Northeast,467
183,West,561
184,Northeast,421
185,Midwest,814
186,South,746
187,Midwest,502
188,West,702
189,West,707
190,Northeast,477
191,Northeast,773
192,South,699
193,Northeast,609
194,South,640
195,South,441
196,Midwest,606
197,Northeast,603
198,South,769
199,South,761
200,Northeast,601
201,West,737
202,South,541
203,South,510
204,West,432
205,South,797
206,Midwest,820
207,West,762
208,South,556
209,South,779
210,Northeast,615
211,Northeast,660
212,South,522
213,West,599
214,Midwest,536
215,South,432
216,South,624
217,Midwest,562
218,Northeast,815
219,Midwest,599
220,West,767
221,Midwest,434
222,Northeast,553
223,South,717
224,Midwest,439
225,Northeast,725
226,West,596
227,Midwest,643
228,Northeast,617
229,South,550
230,Northeast,782
231,West,420
232,South,606
233,West,455
234,Midwest,739
235,Midwest,759
236,Northeast,788
237,Midwest,679
238,Midwest,761
239,West,587
240,West,776
241,Midwest,703
242,South,518
243,West,760
244,West,766
245,South,735
246,Midwest,627
247,Northeast,575
248,Midwest,527
249,West,716
250,Midwest,658
251,West,646
252,South,681
253,West,796
254,South,757
255,Northeast,565
256,Midwest,467
257,South,764
258,Midwest,535
259,South,495
260,Northeast,443
261,South,663
262,Northeast,653
263,West,742
264,South,787
265,West,673
266,West,544
267,South,755
268,Northeast,804
269,Northeast,818
270,West,532
271,South,776
272,West,445
273,South,482
274,West,488
275,West,761
276,Midwest,806
277,West,733
278,West,700
279,West,501
280,West,650
281,Midwest,804
282,South,746
283,Midwest,812
284,West,740
285,South,560
286,West,459
287,Midwest,540
288,Midwest,591
289,Midwest,696
290,Northeast,490
291,South,538
292,West,775
293,South,781
294,South,452
295,West,628
296,Midwest,697
297,West,632
298,Northeast,525
299,West,619
300,Northeast,811
301,West,664
302,Northeast,600
303,Midwest,805
304,West,634
305,South,669
306,South,559
307,West,668
308,Northeast,619
309,Midwest,762
310,West,790
311,South,659
312,South,738
313,Northeast,621
314,Northeast,462
315,West,489
316,West,513
317,Northeast,553
318,West,587
319,South,652
320,Midwest,592
321,West,562
322,West,549
323,Northeast,660
324,Northeast,803
325,Northeast,599
326,South,752
327,Northeast,819
328,Northeast,806
329,Northeast,546
330,South,430
331,South,542
332,South,662
333,Northeast,708
334,South,658
335,Midwest,812
336,Midwest,505
337,Northeast,818
338,South,579
339,Northeast,716
340,Northeast,579
341,West,623
342,South,458
343,South,472
344,Midwest,770
345,Northeast,709
346,Northeast,597
347,West,758
348,Midwest,455
349,Midwest,426
350,West,670
351,Northeast,641
352,Midwest,745
353,West,782
354,South,642
355,South,795
356,Midwest,735
357,West,658
358,West,794
359,Midwest,585
360,South,464
361,Midwest,650
362,South,804
363,West,711
364,West,592
365,Northeast,673
366,Midwest,513
367,West,528
368,Midwest,552
369,Midwest,563
370,Midwest,704
371,Northeast,684
372,South,463
373,South,788
374,West,670
375,South,773
376,West,750
377,West,649
378,Northeast,467
379,Midwest,533
380,West,774
381,South,576
382,Midwest,662
383,Midwest,637
384,Midwest,600
385,West,558
386,Midwest,548
387,South,481
388,South,581
389,Northeast,800
390,South,518
391,South,798
392,West,561
393,Midwest,471
394,South,571
395,South,604
396,South,574
397,Northeast,782
398,South,560
399,Northeast,447
400,Midwest,777
401,South,746
402,West,472
403,Northeast,713
404,Midwest,660
405,West,645
406,Midwest,514
407,Northeast,549
408,West,478
409,Northeast,625
410,West,457
411,Northeast,497
412,South,708
413,Midwest,463
414,South,480
415,West,730
416,South,817
417,West,650
418,West,572
419,West,576
420,Northeast,732
421,Northeast,810
422,South,740
423,South,555
424,Northeast,500
425,South,508
426,Northeast,500
427,Northeast,629
428,West,772
429,West,569
430,Northeast,538
431,Midwest,781
432,Midwest,779
433,West,456
434,South,555
435,South,637
436,Northeast,698
437,South,751
438,South,556
439,South,456
440,Northeast,504
441,Midwest,724
442,Midwest,644
443,Northeast,659
444,Midwest,778
445,West,559
446,West,644
447,Northeast,726
448,Northeast,641
449,Midwest,729
450,Midwest,433
451,Northeast,537
452,Northeast,811
453,Midwest,715
454,Northeast,810
455,South,660
456,West,562
457,South,719
458,West,745
459,West,466
460,West,598
461,West,590
462,Midwest,763
463,Northeast,502
464,Midwest,630
465,West,567
466,West,809
467,Northeast,652
468,Northeast,581
469,Midwest,585
470,Northeast,815
471,West,683
472,Northeast,756
473,West,631
474,Northeast,516
475,Midwest,738
476,West,740
477,West,809
478,Northeast,524
479,Midwest,701
480,South,567
481,West,777
482,West,482
483,Northeast,742
484,South,783
485,South,579
486,Northeast,702
487,West,467
488,South,478
489,West,480
490,South,675
491,Midwest,680
492,Midwest,632
493,West,661
494,South,653
495,South,616
496,South,726
497,South,455
498,Midwest,815
499,West,594
500,Midwest,421
501,Midwest,791
502,Midwest,720
503,West,496
504,West,695
505,West,596
506,Midwest,702
507,West,653
508,Midwest,516
509,South,712
510,West,539
511,West,442
512,Midwest,801
513,West,781
514,West,617
515,South,673
516,Northeast,484
517,Midwest,471
518,West,471
519,West,427
520,South,629
521,South,458
522,West,820
523,Midwest,593
524,West,752
525,Northeast,588
526,West,582
527,West,697
528,Northeast,736
529,Northeast,540
530,Midwest,536
531,Northeast,642
532,Northeast,809
533,Northeast,647
534,South,775
535,Midwest,434
536,Northeast,586
537,Northeast,570
538,Midwest,611
539,West,494
540,South,691
541,West,709
542,South,507
543,South,460
544,West,737
545,South,674
546,South,538
547,West,746
548,Midwest,655
549,Midwest,761
550,Northeast,658
551,Midwest,766
552,South,457
553,West,596
554,Midwest,747
555,West,773
556,Midwest,653
557,Midwest,521
558,West,667
559,Northeast,541
560,West,712
561,Midwest,714
562,Midwest,778
563,Midwest,431
564,West,560
565,Northeast,709
566,Northeast,730
567,West,566
568,South,730
569,Midwest,532
570,South,737
571,Midwest,767
572,South,741
573,Northeast,741
574,Northeast,578
575,West,437
576,Midwest,794
577,South,466
578,Midwest,587
579,West,509
580,South,487
581,Midwest,691
582,Midwest,504
583,Midwest,666
584,Midwest,802
585,Midwest,478
586,West,458
587,South,806
588,South,766
589,West,705
590,Midwest,466
591,West,427
592,Midwest,694
593,Northeast,652
594,Midwest,764
595,Midwest,719
596,West,746
597,Midwest,475
598,South,661
599,Northeast,737
600,Midwest,732
601,South,751
602,Northeast,745
603,West,778
604,Midwest,752
605,West,479
606,South,443
607,Northeast,575
608,West,479
609,Northeast,540
610,South,618
611,West,609
612,West,720
613,South,632
614,Northeast,670
615,West,563
616,Northeast,773
617,Midwest,531
618,West,647
619,South,605
620,Northeast,771
621,Midwest,698
622,Midwest,451
623,West,561
624,South,482
625,West,466
626,South,748
627,Northeast,445
628,Midwest,544
629,South,709
630,South,455
631,South,720
632,South,539
633,Midwest,816
634,South,725
635,Northeast,561
636,South,486
637,Midwest,509
638,Northeast,758
639,Northeast,487
640,Northeast,603
641,South,721
642,Midwest,428
643,South,555
644,Northeast,484
645,West,689
646,Northeast,801
647,Northeast,663
648,West,818
649,Midwest,682
650,Northeast,651
651,South,734
652,Northeast,792
653,Midwest,654
654,Northeast,451
655,West,625
656,West,771
657,Northeast,671
658,West,457
659,Northeast,584
660,South,453
661,South,560
662,Midwest,615
663,Midwest,652
664,West,470
665,Northeast,755
666,South,640
667,West,536
668,West,593
669,West,624
670,West,793
671,Northeast,580
672,West,580
673,Midwest,611
674,South,771
675,West,454
676,Northeast,463
677,Northeast,641
678,Northeast,801
679,Midwest,486
680,Northeast,720
681,Midwest,763
682,Northeast,630
683,Midwest,760
684,West,789
685,Northeast,567
686,Midwest,600
687,Northeast,715
688,South,499
689,West,534
690,Northeast,599
691,Midwest,478
692,Midwest,713
693,South,639
694,Northeast,731
695,Midwest,434
696,South,559
697,Midwest,593
698,Midwest,423
699,South,493
700,West,455
701,South,799
702,Northeast,466
703,South,612
704,West,652
705,Midwest,500
706,Midwest,579
707,Midwest,817
708,Northeast,446
709,South,500
710,Northeast,765
711,Northeast,559
712,West,758
713,West,668
714,West,632
715,Midwest,530
716,Northeast,596
717,West,476
718,Midwest,767
719,West,689
720,Midwest,443
721,South,622
722,Northeast,423
723,South,574
724,South,812
725,South,811
726,Midwest,568
727,Midwest,481
728,Northeast,674
729,West,509
730,South,614
731,South,676
732,Midwest,456
733,West,799
734,Northeast,643
735,Northeast,655
736,Northeast,580
737,West,713
738,West,783
739,West,568
740,Northeast,627
741,Northeast,586
742,South,736
743,West,773
744,Midwest,465
745,West,474
746,South,643
747,West,688
748,Northeast,622
749,Midwest,801
750,Midwest,533
751,Midwest,818
752,South,459
753,Northeast,691
754,South,817
755,Midwest,599
756,South,540
757,Northeast,494
758,Midwest,521
759,South,728
760,South,809
761,Northeast,510
762,West,657
763,West,768
764,Midwest,741
765,Midwest,497
766,West,454
767,West,646
768,Midwest,560
769,Northeast,600
770,Northeast,578
771,West,651
772,Northeast,449
773,Midwest,566
774,Northeast,750
775,Northeast,734
776,West,656
777,Northeast,650
778,South,584
779,West,676
780,South,451
781,West,472
782,Midwest,785
783,Northeast,678
784,South,440
785,South,782
786,West,644
787,South,606
788,Midwest,564
789,West,629
790,Midwest,767
791,Northeast,743
792,Midwest,453
793,Midwest,468
794,West,565
795,Midwest,790
796,South,590
797,Northeast,718
798,South,599
799,Midwest,755
800,West,486
801,Northeast,578
802,West,749
803,Midwest,485
804,Northeast,750
805,West,680
806,Midwest,429
807,Midwest,578
808,South,529
809,Midwest,812
810,West,518
811,South,490
812,South,459
813,Midwest,471
814,Northeast,758
815,Midwest,812
816,South,725
817,West,498
818,South,512
819,South,789
820,West,442
821,West,606
822,South,647
823,Midwest,805
824,West,539
825,South,578
826,West,519
827,Midwest,767
828,West,656
829,Midwest,818
830,West,677
831,West,502
832,South,729
833,South,548
834,Northeast,748
835,West,610
836,Northeast,784
837,Northeast,565
838,Northeast,810
839,South,559
840,West,682
841,South,643
842,Northeast,533
843,West,598
844,Northeast,632
845,Northeast,622
846,Midwest,540
847,West,461
848,Midwest,534
849,Northeast,583
850,Northeast,785
851,Midwest,494
852,South,439
853,Midwest,661
854,South,808
855,West,649
856,Northeast,460
857,Northeast,551
858,South,496
859,West,476
860,Midwest,541
861,Midwest,482
862,Northeast,542
863,West,747
864,West,452
865,Northeast,675
866,Northeast,743
867,South,787
868,South,569
869,West,420
870,Midwest,543
871,West,515
872,Northeast,688
873,Midwest,454
874,Northeast,619
875,West,442
876,West,611
877,Midwest,802
878,Northeast,602
879,Northeast,596
880,South,795
881,Northeast,815
882,Midwest,488
883,Northeast,600
884,Midwest,749
885,South,818
886,West,776
887,West,743
888,South,489
889,Northeast,786
890,West,438
891,Midwest,523
892,Northeast,522
893,Northeast,581
894,Midwest,683
895,West,698
896,West,549
897,Northeast,805
898,South,566
899,Midwest,819
900,Northeast,755
901,Midwest,559
902,Northeast,608
903,West,624
904,West,617
905,Midwest,515
906,West,774
907,West,608
908,Midwest,462
909,West,460
910,West,728
911,South,699
912,Midwest,584
913,Northeast,460
914,Midwest,758
915,Midwest,576
916,West,728
917,West,505
918,West,599
919,West,441
920,Midwest,734
921,West,560
922,Northeast,458
923,West,606
924,South,435
925,South,731
926,West,437
927,South,454
928,South,818
929,Midwest,605
930,West,710
931,Northeast,729
932,South,767
933,West,609
934,Midwest,647
935,Northeast,713
936,South,691
937,Midwest,623
938,Midwest,752
939,Midwest,547
940,Northeast,433
941,South,675
942,West,707
943,Northeast,554
944,Midwest,780
945,West,529
946,Midwest,775
947,West,522
948,Northeast,489
949,Northeast,651
950,South,785
951,West,464
952,Midwest,761
953,Midwest,783
954,Northeast,701
955,Midwest,573
956,South,784
957,South,605
958,South,482
959,South,491
960,South,672
961,Northeast,604
962,Midwest,659
963,South,733
964,Northeast,453
965,Midwest,623
966,West,689
967,West,813
968,West,714
969,Northeast,484
970,Midwest,748
971,Northeast,650
972,West,768
973,Midwest,485
974,South,813
975,South,641
976,Northeast,483
977,South,575
978,South,502
979,Midwest,783
980,South,597
981,Midwest,460
982,Midwest,520
983,Midwest,484
984,Midwest,734
985,Northeast,677
986,South,723
987,South,507
988,Midwest,708
989,Northeast,434
990,Northeast,443
991,Midwest,753
992,South,812
993,West,736
994,Northeast,674
995,Midwest,748
996,Midwest,667
997,South,770
998,West,572
999,West,457
1000,Northeast,500
1001,West,632
1002,West,657
1003,South,594
1004,South,580
1005,Midwest,795
1006,Midwest,624
1007,South,809
1008,Midwest,683
1009,Northeast,583
1010,South,658
1011,Northeast,556
1012,West,546
1013,South,469
1014,Northeast,568
1015,West,735
1016,West,547
1017,South,587
1018,Midwest,517
1019,South,675
1020,West,675
1021,Midwest,674
1022,Northeast,466
1023,West,678
1024,West,543
1025,South,718
1026,Midwest,444
1027,Northeast,564
1028,West,725
1029,West,566
1030,Northeast,475
1031,West,488
1032,Midwest,792
1033,Midwest,811
1034,West,607
1035,Northeast,625
1036,Northeast,711
1037,South,605
1038,Midwest,457
1039,West,678
1040,West,811
1041,Midwest,739
1042,Northeast,485
1043,Northeast,621
1044,Midwest,593
1045,Midwest,806
1046,South,521
1047,West,676
1048,Northeast,443
1049,Northeast,490
1050,Midwest,662
1051,West,496
1052,South,587
1053,Midwest,503
1054,West,735
1055,Midwest,723
1056,Midwest,679
1057,West,782
1058,Midwest,663
1059,Northeast,608
1060,Midwest,764
1061,Northeast,633
1062,Midwest,791
1063,Northeast,725
1064,West,555
1065,South,789
1066,Northeast,718
1067,West,507
1068,West,495
1069,South,436
1070,Northeast,517
1071,Northeast,645
1072,Midwest,634
1073,South,631
1074,South,630
1075,West,796
1076,Northeast,781
1077,South,685
1078,South,707
1079,Midwest,759
1080,West,689
1081,West,580
1082,South,655
1083,Midwest,699
1084,Midwest,766
1085,Midwest,732
1086,West,518
1087,South,562
1088,Midwest,535
1089,Midwest,814
1090,Midwest,780
1091,South,773
1092,West,582
1093,West,598
1094,Midwest,567
1095,Northeast,713
1096,West,622
1097,Midwest,815
1098,South,568
1099,Northeast,567
1100,Northeast,597
1101,West,755
1102,Midwest,802
1103,West,529
1104,South,695
1105,Midwest,707
1106,Midwest,490
1107,Northeast,735
1108,South,544
1109,Northeast,762
1110,South,746
1111,South,446
1112,Northeast,631
1113,Midwest,787
1114,West,471
1115,South,422
1116,South,628
1117,West,664
1118,South,807
1119,Midwest,584
1120,Midwest,750
1121,Northeast,813
1122,Northeast,753
1123,South,693
1124,Northeast,509
1125,West,510
1126,Northeast,623
1127,West,515
1128,Midwest,439
1129,Northeast,572
1130,Northeast,591
1131,Midwest,652
1132,West,488
1133,West,559
1134,South,477
1135,Midwest,503
1136,West,751
1137,Midwest,787
1138,South,427
1139,Midwest,571
1140,South,509
1141,West,638
1142,Midwest,464
1143,West,762
1144,Northeast,514
1145,South,664
1146,Midwest,547
1147,Northeast,553
1148,West,540
1149,West,805
1150,Midwest,588
1151,Midwest,718
1152,Northeast,553
1153,Midwest,774
1154,South,451
1155,Northeast,658
1156,Midwest,501
1157,West,771
1158,Midwest,773
1159,Northeast,747
1160,Midwest,608
1161,South,532
1162,South,664
1163,South,652
1164,Midwest,632
1165,West,807
1166,South,810
1167,South,768
1168,Northeast,689
1169,West,690
1170,Midwest,459
1171,Northeast,451
1172,South,713
1173,South,504
1174,Midwest,686
1175,West,479
1176,South,787
1177,West,466
1178,West,448
1179,West,487
1180,West,653
1181,Northeast,706
1182,West,764
1183,Midwest,790
1184,Northeast,622
1185,Midwest,421
1186,South,716
1187,Northeast,443
1188,West,596
1189,Northeast,697
1190,Northeast,455
1191,West,436
1192,Midwest,629
1193,South,813
1194,South,812
1195,West,611
1196,West,649
1197,West,612
1198,Northeast,769
1199,South,754
1200,Midwest,480
