payment_id,account_id,payment_date,amount_cents
1,1,2026-02-20,2821
2,3,2026-01-26,198757
3,4,2026-06-30,38554
4,4,2026-06-23,58945
5,5,2026-05-26,158227
6,6,2026-03-12,139934
7,6,2026-04-09,102821
8,6,2026-03-30,67845
9,6,2026-02-26,87576
10,7,2026-06-30,31753
11,8,2026-05-23,14312
12,8,2026-05-26,21507
13,9,2026-06-20,73523
14,9,2026-06-03,39691
15,10,2026-04-18,93320
16,12,2026-02-26,3396
17,13,2026-01-29,57107
18,14,2026-01-23,32195
19,14,2026-01-11,42729
20,14,2026-02-21,47061
21,14,2026-05-16,6418
22,15,2026-04-08,9209
23,15,2026-06-17,76597
24,17,2026-05-19,227412
25,17,2026-05-06,200267
26,17,2026-05-27,155863
27,18,2026-04-19,14965
28,18,2026-05-17,1680
29,19,2026-04-04,205254
30,19,2026-06-04,191013
31,19,2026-06-06,64633
32,20,2026-06-01,1887
33,20,2026-06-29,44544
34,21,2026-06-26,77401
35,21,2026-04-24,254693
36,27,2026-06-14,49860
37,28,2026-06-14,70168
38,28,2026-06-09,42078
39,28,2026-06-11,51939
40,30,2026-03-21,282741
41,30,2026-03-19,291934
42,30,2026-04-19,257713
43,31,2026-06-05,10200
44,31,2026-05-24,9109
45,31,2026-05-25,9056
46,32,2026-06-16,193341
47,32,2026-05-21,22815
48,32,2026-03-25,287446
49,32,2026-02-24,223903
50,33,2026-04-22,181652
51,33,2026-06-28,226718
52,33,2026-05-12,166877
53,33,2026-06-29,44511
54,34,2026-06-22,76846
55,34,2026-06-18,71082
56,35,2026-05-04,17362
57,36,2026-05-28,120195
58,36,2026-06-21,86796
59,38,2026-03-15,181510
60,39,2026-03-07,15065
61,40,2026-01-22,2217
62,40,2026-02-19,46032
63,40,2026-02-22,56353
64,41,2026-06-03,4490
65,41,2026-06-22,7745
66,43,2026-06-09,39737
67,43,2026-06-27,8152
68,43,2026-04-18,105042
69,44,2026-05-03,15138
70,44,2026-06-30,4962
71,45,2026-05-01,36152
72,46,2026-02-02,32311
73,47,2026-06-14,16473
74,47,2026-04-19,4847
75,48,2026-05-04,16117
76,48,2026-04-05,67692
77,48,2026-04-06,6772
78,48,2026-04-10,33053
79,49,2026-05-13,25079
80,50,2026-04-27,53604
81,50,2026-06-29,148798
82,51,2026-06-03,7267
83,51,2026-06-29,91812
84,51,2026-06-10,3515
85,52,2026-06-08,111052
86,53,2026-05-22,137251
87,54,2026-05-14,122378
88,54,2026-04-27,92845
89,55,2026-04-30,119467
90,56,2026-04-24,69201
91,56,2026-05-23,9147
92,58,2026-04-11,13055
93,59,2026-01-20,66028
94,59,2026-05-02,51165
95,59,2026-04-13,23650
96,60,2026-03-11,126575
97,60,2026-04-08,23995
98,60,2026-03-21,101405
99,60,2026-03-29,110899
100,61,2026-05-07,16359
101,61,2026-04-08,139787
102,62,2026-03-16,24081
103,64,2026-05-15,16038
104,64,2026-06-09,4300
105,65,2026-05-30,8269
106,66,2026-06-06,182812
107,66,2026-05-14,59520
108,66,2026-05-31,100191
109,66,2026-05-29,193412
110,67,2026-06-01,8238
111,67,2026-06-04,17258
112,67,2026-05-30,11851
113,67,2026-06-17,8798
114,68,2026-05-13,2362
115,68,2026-05-04,5039
116,68,2026-06-16,3877
117,69,2026-02-15,11545
118,69,2026-02-19,36851
119,69,2026-06-28,23147
120,70,2026-05-23,150886
121,70,2026-04-02,129699
122,70,2026-04-29,15288
123,72,2026-05-11,16139
124,72,2026-06-22,53096
125,72,2026-04-30,65106
126,73,2026-06-06,116275
127,73,2026-05-06,70048
128,74,2026-05-07,220483
129,74,2026-05-12,249944
130,74,2026-04-29,124544
131,74,2026-03-10,157684
132,76,2026-06-20,274972
133,76,2026-03-26,220988
134,76,2026-03-31,218287
135,76,2026-05-23,78699
136,77,2026-05-04,70241
137,77,2026-06-21,128293
138,77,2026-02-04,125006
139,78,2026-06-12,2615
140,79,2026-06-01,36313
141,79,2026-05-16,55627
142,82,2026-05-27,181578
143,82,2026-05-23,75729
144,84,2026-06-12,80205
145,84,2026-05-27,164474
146,84,2026-04-20,154219
147,87,2026-05-09,95967
148,87,2026-06-01,52172
149,87,2026-05-05,68079
150,87,2026-06-28,96980
151,88,2026-03-02,132197
152,89,2026-03-02,21539
153,90,2026-05-07,129339
154,91,2026-05-26,192537
155,93,2026-06-21,60759
156,93,2026-06-04,69195
157,95,2026-06-27,27934
158,96,2026-06-06,71772
159,96,2026-06-16,159763
160,96,2026-05-11,36956
161,96,2026-04-01,218750
162,100,2026-06-11,58372
163,100,2026-01-26,36167
164,101,2026-05-29,7796
165,102,2026-05-27,9504
166,102,2026-06-19,12276
167,103,2026-05-22,234848
168,103,2026-03-06,15304
169,103,2026-03-25,169663
170,103,2026-06-21,133531
171,104,2026-04-11,118196
172,104,2026-05-28,32118
173,104,2026-01-25,196359
174,105,2026-06-24,160697
175,105,2026-06-21,109449
176,105,2026-06-15,179705
177,105,2026-06-06,29455
178,106,2026-05-28,54860
179,107,2026-03-17,45293
180,108,2026-05-07,46521
181,108,2026-06-09,28146
182,108,2026-06-01,173365
183,108,2026-06-09,133149
184,109,2026-06-13,90995
185,109,2026-05-30,89129
186,110,2026-05-25,150908
187,110,2026-06-06,7695
188,110,2026-04-04,56821
189,110,2026-04-19,200685
190,111,2026-01-30,20192
191,111,2026-03-31,91517
192,113,2026-05-24,24255
193,113,2026-05-31,25507
194,113,2026-06-21,97348
195,114,2026-03-13,134701
196,114,2026-05-11,174310
197,114,2026-03-18,82162
198,114,2026-04-23,81584
199,115,2026-04-11,116323
200,115,2026-06-27,36744
201,116,2026-06-16,60277
202,117,2026-06-19,117800
203,117,2026-06-06,12495
204,117,2026-06-08,51465
205,117,2026-05-24,135714
206,118,2026-05-24,223407
207,120,2026-04-24,214716
208,120,2026-05-25,237519
209,121,2026-02-10,160007
210,121,2026-05-11,74798
211,123,2026-06-18,197161
212,124,2026-06-22,8128
213,124,2026-05-15,99440
214,124,2026-05-27,61458
215,124,2026-03-15,73045
216,125,2026-05-03,21826
217,126,2026-06-20,126817
218,126,2026-06-06,117747
219,128,2026-05-12,7971
220,128,2026-05-26,19074
221,128,2026-06-13,18808
222,128,2026-06-20,16469
223,129,2026-03-17,66820
224,129,2026-06-27,32310
225,130,2026-05-27,189112
226,130,2026-06-25,115724
227,130,2026-05-29,122503
228,131,2026-05-30,152684
229,131,2026-02-24,150464
230,132,2026-04-20,116316
231,134,2026-04-25,5881
232,134,2026-04-08,23478
233,134,2026-06-12,118755
234,134,2026-03-27,127266
235,135,2026-04-14,102046
236,135,2026-03-31,29461
237,135,2026-06-03,54044
238,137,2026-02-19,1965
239,137,2026-04-11,4072
240,137,2026-05-09,6634
241,137,2026-05-21,4349
242,138,2026-06-24,73236
243,138,2026-06-25,54397
244,140,2026-04-26,6245
245,140,2026-06-10,48480
246,141,2026-06-03,19906
247,143,2026-06-05,119644
248,143,2026-06-18,239424
249,146,2026-06-07,49763
250,146,2026-05-17,180302
251,148,2026-03-01,68237
252,148,2026-06-18,222866
253,148,2026-06-24,18072
254,148,2026-05-27,183079
255,149,2026-03-27,2650
256,149,2026-06-08,6924
257,149,2026-02-19,5254
258,149,2026-03-11,9987
259,150,2026-06-18,74303
260,150,2026-03-28,48156
261,150,2026-04-22,151966
262,151,2026-05-23,124990
263,152,2026-05-11,13506
264,152,2026-06-18,26945
265,152,2026-03-29,43819
266,152,2026-04-23,57483
267,153,2026-05-14,187179
268,153,2026-06-24,268619
269,154,2026-05-18,72106
270,154,2026-06-26,96201
271,154,2026-05-28,154857
272,155,2026-06-19,275717
273,155,2026-05-08,44647
274,155,2026-06-10,138600
275,156,2026-05-06,35413
276,157,2026-06-22,36419
277,157,2026-04-16,142371
278,157,2026-06-09,155882
279,158,2026-04-23,91147
280,159,2026-05-20,100184
281,159,2026-05-02,69938
282,159,2026-05-22,111687
283,161,2026-04-02,183697
284,161,2026-04-08,87572
285,161,2026-04-16,222130
286,162,2026-06-22,66556
287,163,2026-05-24,43344
288,163,2026-06-29,83465
289,164,2026-06-13,105188
290,164,2026-06-03,28308
291,166,2026-04-10,36150
292,167,2026-06-30,94891
293,167,2026-05-01,36319
294,167,2026-05-31,11351
295,168,2026-06-08,71989
296,168,2026-05-16,60517
297,169,2026-03-05,29957
298,169,2026-02-26,138153
299,170,2026-02-28,26115
300,170,2026-06-29,5170
301,170,2026-05-13,85115
302,171,2026-06-23,70681
303,171,2026-04-26,11656
304,171,2026-04-26,80666
305,171,2026-06-22,57596
306,172,2026-06-26,150429
307,173,2026-06-07,28289
308,173,2026-06-22,48289
309,173,2026-06-18,133302
310,174,2026-04-24,160491
311,174,2026-06-02,148625
312,175,2026-06-17,1133
313,175,2026-05-20,2106
314,175,2026-05-20,1053
315,175,2026-05-09,2817
316,176,2026-04-09,33749
317,176,2026-04-26,34586
318,176,2026-05-22,13046
319,176,2026-04-05,75588
320,177,2026-05-22,10796
321,177,2026-02-28,21572
322,178,2026-05-19,10802
323,178,2026-05-06,33925
324,178,2026-04-14,11039
325,178,2026-06-04,26747
326,179,2026-06-08,103812
327,179,2026-05-19,275856
328,179,2026-05-08,128042
329,179,2026-06-22,140595
330,180,2026-03-25,58732
331,181,2026-04-11,4600
332,181,2026-04-02,30170
333,182,2026-06-28,7576
334,182,2026-06-01,21249
335,183,2026-06-24,6901
336,183,2026-05-01,2767
337,184,2026-05-19,132242
338,185,2026-02-23,60135
339,185,2026-04-26,90597
340,186,2026-04-11,159693
341,186,2026-05-08,118747
342,187,2026-04-02,75035
343,188,2026-04-04,28989
344,190,2026-04-15,2967
345,190,2026-04-02,55138
346,190,2026-03-28,88993
347,192,2026-04-22,231452
348,192,2026-03-25,160674
349,193,2026-05-31,4265
350,193,2026-06-26,60464
351,193,2026-06-18,27467
352,194,2026-03-04,48571
353,194,2026-05-20,69657
354,194,2026-03-23,68065
355,195,2026-04-25,54176
356,196,2026-05-02,158313
357,196,2026-06-27,65150
358,196,2026-05-19,144482
359,196,2026-06-11,163467
360,197,2026-04-01,76010
361,197,2026-05-18,60682
362,197,2026-03-10,5697
363,197,2026-05-08,40229
364,199,2026-06-01,21741
365,199,2026-06-21,35432
366,199,2026-06-07,41844
367,199,2026-06-24,9500
368,200,2026-04-18,147909
369,200,2026-04-15,3961
370,201,2026-05-10,51860
371,202,2026-06-04,79471
372,202,2026-06-11,191045
373,202,2026-06-03,83707
374,202,2026-04-30,141479
375,203,2026-05-18,44507
376,203,2026-03-09,50120
377,203,2026-04-29,81814
378,203,2026-04-18,9291
379,204,2026-05-18,81781
380,204,2026-06-24,179318
381,204,2026-06-04,163717
382,204,2026-05-06,76127
383,205,2026-05-15,140532
384,205,2026-03-25,116635
385,206,2026-03-20,23449
386,207,2026-06-26,30218
387,208,2026-05-14,31837
388,208,2026-05-09,15666
389,208,2026-05-16,41431
390,209,2026-04-28,74992
391,210,2026-03-21,109381
392,210,2026-03-22,163758
393,210,2026-02-28,144641
394,210,2026-04-27,127451
395,211,2026-04-30,46373
396,212,2026-06-27,50478
397,212,2026-02-22,1012
398,212,2026-02-23,44311
399,212,2026-06-01,30686
400,213,2026-05-08,106957
401,213,2026-04-29,78118
402,213,2026-04-28,97789
403,213,2026-06-06,1221
404,214,2026-04-19,187587
405,214,2026-04-19,107439
406,216,2026-06-21,120116
407,217,2026-06-12,254371
408,217,2026-06-26,60330
409,217,2026-05-25,253461
410,217,2026-06-22,75494
411,219,2026-02-22,152556
412,219,2026-01-23,151171
413,219,2026-06-18,77481
414,221,2026-03-26,128118
415,222,2026-05-31,20750
416,222,2026-05-07,16313
417,222,2026-05-31,26563
418,223,2026-06-26,41008
419,223,2026-03-21,57253
420,223,2026-03-21,22952
421,224,2026-06-26,3772
422,224,2026-05-18,3221
423,224,2026-06-09,4135
424,224,2026-06-16,26611
425,226,2026-04-14,18027
426,226,2026-06-19,25217
427,226,2026-05-25,15528
428,226,2026-03-29,25151
429,228,2026-05-21,14926
430,228,2026-02-23,34947
431,228,2026-02-15,5569
432,228,2026-06-23,10229
433,229,2026-05-20,126341
434,229,2026-06-27,106883
435,229,2026-04-03,205717
436,230,2026-05-29,170814
437,230,2026-06-21,47299
438,232,2026-04-12,30445
439,232,2026-05-23,3427
440,232,2026-05-23,4673
441,232,2026-05-31,3805
442,233,2026-05-18,62075
443,233,2026-06-30,10667
444,233,2026-06-14,38117
445,233,2026-05-15,172398
446,234,2026-04-24,28932
447,235,2026-04-09,115992
448,236,2026-06-08,2024
449,237,2026-02-28,55043
450,238,2026-06-12,1299
451,238,2026-05-20,16442
452,238,2026-06-10,8700
453,239,2026-05-22,145927
454,240,2026-03-17,29486
455,241,2026-05-17,22362
456,241,2026-04-23,14025
457,241,2026-02-27,16077
458,241,2026-03-29,22373
459,242,2026-03-06,127984
460,242,2026-03-30,115259
461,242,2026-06-17,57666
462,242,2026-05-31,47677
463,243,2026-04-14,58633
464,243,2026-03-10,159239
465,244,2026-05-14,74182
466,244,2026-06-10,192369
467,244,2026-05-29,193984
468,245,2026-06-28,7008
469,245,2026-06-23,1275
470,245,2026-06-21,5350
471,246,2026-03-23,77501
472,246,2026-05-18,60616
473,246,2026-06-18,19169
474,246,2026-04-12,54131
475,248,2026-01-28,185778
476,248,2026-03-04,147999
477,248,2026-04-06,37282
478,248,2026-05-29,63556
479,249,2026-06-30,36043
480,249,2026-06-25,90158
481,250,2026-05-29,35407
482,250,2026-05-22,241057
483,252,2026-04-29,111134
484,252,2026-03-21,6631
485,253,2026-06-25,278959
486,253,2026-06-13,234442
487,253,2026-06-27,160426
488,253,2026-05-25,70182
489,254,2026-02-23,82085
490,255,2026-05-07,70945
491,258,2026-05-27,102947
492,258,2026-06-25,167596
493,258,2026-02-05,269202
494,259,2026-05-16,106340
495,259,2026-03-05,38831
496,259,2026-05-11,106601
497,260,2026-06-17,8571
498,261,2026-06-04,25243
499,261,2026-05-07,8357
500,261,2026-05-06,26926
501,261,2026-05-22,6047
502,264,2026-03-29,13770
503,264,2026-05-29,77457
504,265,2026-05-04,21723
505,265,2026-05-19,18790
506,266,2026-04-01,55000
507,266,2026-01-30,22368
508,266,2026-02-12,29557
509,267,2026-04-18,4769
510,267,2026-04-19,30144
511,270,2026-06-11,4665
512,270,2026-06-23,57884
513,270,2026-05-27,51213
514,270,2026-06-26,46029
515,271,2026-06-10,17202
516,271,2026-06-14,15459
517,272,2026-05-07,19586
518,272,2026-03-31,40347
519,272,2026-05-04,46026
520,273,2026-05-08,177185
521,273,2026-05-30,104905
522,273,2026-06-13,138012
523,274,2026-05-26,14047
524,274,2026-06-28,14124
525,275,2026-05-12,57642
526,275,2026-06-05,132433
527,275,2026-05-19,261714
528,276,2026-05-27,6004
529,276,2026-06-25,4156
530,277,2026-06-08,129516
531,277,2026-06-10,69593
532,277,2026-06-27,91076
533,278,2026-05-20,51997
534,278,2026-05-30,15336
535,280,2026-04-22,94681
536,280,2026-01-21,93083
537,281,2026-05-27,10798
538,281,2026-05-18,173429
539,282,2026-05-30,27444
540,282,2026-04-06,84288
541,282,2026-04-24,71232
542,284,2026-06-22,36118
543,284,2026-06-21,70824
544,284,2026-06-09,101809
545,285,2026-06-30,20722
546,286,2026-03-10,26154
547,289,2026-06-04,33054
548,289,2026-06-21,87320
549,289,2026-05-30,103223
550,289,2026-05-28,111852
551,293,2026-06-02,189058
552,293,2026-06-27,230837
553,294,2026-05-05,172320
554,294,2026-06-13,15339
555,294,2026-05-29,28314
556,294,2026-05-27,97332
557,295,2026-03-19,69335
558,296,2026-04-20,4262
559,297,2026-06-23,38743
560,297,2026-05-31,65771
561,298,2026-04-20,4771
562,299,2026-05-23,101531
563,300,2026-04-16,6498
564,300,2026-06-04,2083
565,300,2026-06-09,1336
566,301,2026-05-09,57744
567,301,2026-05-07,35131
568,301,2026-05-02,42060
569,301,2026-05-31,17760
570,302,2026-06-11,166435
571,303,2026-06-14,94459
572,303,2026-05-31,148024
573,303,2026-05-31,120998
574,304,2026-03-22,24678
575,304,2026-04-17,67681
576,306,2026-02-25,34900
577,306,2026-06-15,13761
578,306,2026-03-25,75174
579,306,2026-01-20,15558
580,311,2026-05-30,70487
581,311,2026-05-14,50071
582,311,2026-04-27,49519
583,312,2026-05-22,211931
584,312,2026-04-30,23973
585,312,2026-04-15,36419
586,313,2026-03-16,122484
587,313,2026-05-26,125253
588,314,2026-05-25,3572
589,314,2026-04-02,77706
590,314,2026-04-15,27389
591,316,2026-05-16,58593
592,316,2026-06-18,242627
593,316,2026-05-05,35382
594,316,2026-05-29,190528
595,317,2026-02-07,146969
596,318,2026-04-10,9380
597,318,2026-05-27,89535
598,318,2026-06-20,30876
599,318,2026-04-17,60425
600,319,2026-06-07,3750
601,319,2026-03-12,7908
602,319,2026-02-28,42282
603,319,2026-03-22,58073
604,321,2026-05-16,111551
605,321,2026-06-10,37174
606,321,2026-06-08,109372
607,321,2026-06-22,121259
608,323,2026-04-19,91218
609,323,2026-06-24,74342
610,324,2026-05-04,80044
611,325,2026-05-31,75429
612,325,2026-06-19,25332
613,325,2026-06-06,145647
614,325,2026-06-08,137665
615,328,2026-06-11,149267
616,328,2026-05-18,175462
617,328,2026-06-03,222379
618,328,2026-04-01,62299
619,330,2026-04-20,21466
620,330,2026-05-30,178424
621,330,2026-06-15,106579
622,331,2026-06-04,239777
623,332,2026-03-12,58847
624,332,2026-04-25,194769
625,332,2026-06-23,22119
626,333,2026-05-08,14820
627,333,2026-06-30,10999
628,333,2026-05-18,10289
629,333,2026-06-26,6999
630,334,2026-03-13,59861
631,334,2026-02-25,43626
632,334,2026-05-13,54690
633,335,2026-02-23,74537
634,335,2026-06-15,85399
635,336,2026-05-20,264527
636,336,2026-06-30,64063
637,336,2026-05-30,279847
638,337,2026-04-22,80541
639,337,2026-05-26,53664
640,337,2026-05-13,6896
641,337,2026-03-14,113980
642,339,2026-05-04,13942
643,339,2026-05-16,19672
644,339,2026-04-27,43495
645,341,2026-06-04,54335
646,341,2026-06-29,98859
647,341,2026-06-10,45089
648,341,2026-06-22,141911
649,342,2026-05-15,148608
650,342,2026-05-16,79810
651,342,2026-06-24,104626
652,342,2026-05-19,33237
653,344,2026-06-12,47919
654,344,2026-04-25,24224
655,344,2026-06-22,17353
656,344,2026-05-18,49559
657,345,2026-06-29,9197
658,345,2026-04-13,3793
659,347,2026-05-06,70784
660,347,2026-01-13,42450
661,347,2026-03-02,52361
662,348,2026-03-29,114232
663,348,2026-06-14,156328
664,348,2026-04-27,88635
665,351,2026-06-25,87034
666,351,2026-02-22,51457
667,351,2026-01-29,27919
668,351,2026-02-12,157021
669,353,2026-06-20,82576
670,353,2026-03-11,39174
671,354,2026-06-20,92066
672,354,2026-05-16,79612
673,354,2026-05-17,76813
674,355,2026-06-06,193567
675,355,2026-06-12,250715
676,355,2026-06-11,87904
677,356,2026-06-10,75475
678,357,2026-06-22,50666
679,358,2026-04-10,174253
680,358,2026-06-30,139130
681,359,2026-06-13,10639
682,359,2026-04-14,5868
683,359,2026-03-10,9099
684,359,2026-06-13,21626
685,360,2026-06-01,25527
686,360,2026-05-30,35006
687,360,2026-05-21,12730
688,360,2026-06-03,25502
689,361,2026-03-29,99069
690,362,2026-06-01,70631
691,363,2026-03-29,120402
692,363,2026-03-26,63174
693,364,2026-05-17,37942
694,364,2026-06-01,53928
695,365,2026-05-31,111034
696,366,2026-05-24,14735
697,366,2026-06-08,30489
698,366,2026-05-15,2972
699,367,2026-04-21,220753
700,369,2026-06-06,19344
701,369,2026-05-26,16061
702,369,2026-04-10,136929
703,369,2026-05-20,46043
704,370,2026-06-16,66860
705,371,2026-06-29,103521
706,371,2026-05-10,46908
707,372,2026-06-11,72768
708,373,2026-05-07,11802
709,373,2026-06-08,14590
710,373,2026-06-03,3925
711,374,2026-03-09,225335
712,374,2026-01-28,104985
713,374,2026-03-24,3814
714,375,2026-05-14,173234
715,375,2026-06-28,188061
716,375,2026-05-07,115746
717,375,2026-06-20,124414
718,376,2026-06-06,21119
719,376,2026-05-03,47935
720,378,2026-02-05,53425
721,379,2026-05-16,3070
722,380,2026-06-04,85588
723,380,2026-03-01,165308
724,381,2026-05-12,2570
725,381,2026-05-21,28887
726,382,2026-06-23,208424
727,382,2026-03-18,150213
728,382,2026-06-27,67044
729,382,2026-05-12,25836
730,383,2026-06-05,240102
731,383,2026-05-10,118679
732,383,2026-06-12,134962
733,383,2026-04-21,195462
734,384,2026-05-03,117320
735,384,2026-04-20,36197
736,384,2026-02-18,84240
737,384,2026-05-25,137543
738,385,2026-02-26,166093
739,385,2026-06-17,17938
740,385,2026-03-06,129881
741,386,2026-05-31,41824
742,386,2026-06-02,95591
743,386,2026-06-17,33102
744,387,2026-04-04,100016
745,387,2026-06-13,124394
746,387,2026-06-30,111807
747,388,2026-05-21,75245
748,388,2026-03-04,127050
749,388,2026-03-20,88355
750,389,2026-03-09,43562
751,389,2026-05-10,201002
752,389,2026-04-18,67914
753,389,2026-05-24,134590
754,390,2026-04-11,67660
755,391,2026-04-30,111872
756,392,2026-03-30,41383
757,392,2026-05-31,23072
758,392,2026-04-11,1206
759,393,2026-05-10,99212
760,395,2026-04-08,17342
761,395,2026-04-25,9423
762,395,2026-06-26,4888
763,396,2026-04-08,4807
764,396,2026-03-11,273668
765,396,2026-05-03,255765
766,396,2026-06-05,177700
767,397,2026-06-29,1210
768,398,2026-03-29,174074
769,398,2026-05-25,1820
770,398,2026-03-07,85458
771,400,2026-06-24,174707
772,400,2026-06-05,64150
773,400,2026-05-31,56480
774,401,2026-03-14,29885
775,401,2026-05-09,88285
776,402,2026-06-27,34904
777,403,2026-06-19,13331
778,403,2026-05-28,8609
779,403,2026-04-01,25100
780,403,2026-05-03,21537
781,404,2026-04-30,28767
782,404,2026-06-15,24922
783,404,2026-05-26,9277
784,405,2026-04-04,38144
785,405,2026-06-10,98918
786,405,2026-06-27,112296
787,405,2026-06-14,109495
788,406,2026-06-11,126378
789,406,2026-05-25,57545
790,406,2026-06-21,77413
791,406,2026-03-30,99751
792,407,2026-05-26,103835
793,407,2026-06-17,111739
794,407,2026-05-27,125104
795,407,2026-05-30,199630
796,408,2026-05-17,116837
797,410,2026-03-25,32776
798,410,2026-05-29,21544
799,410,2026-02-23,9028
800,412,2026-06-20,48473
801,412,2026-06-23,127927
802,412,2026-06-04,79214
803,412,2026-06-16,27067
804,413,2026-05-23,154281
805,413,2026-06-21,188105
806,413,2026-02-28,33529
807,413,2026-02-05,173643
808,414,2026-04-02,22130
809,415,2026-05-22,165068
810,415,2026-06-02,185610
811,415,2026-05-21,283176
812,416,2026-04-03,37358
813,416,2026-06-05,96565
814,417,2026-04-04,25388
815,419,2026-06-18,191926
816,419,2026-05-12,81360
817,419,2026-03-10,129350
818,419,2026-04-11,139663
819,420,2026-05-02,67884
820,420,2026-06-25,5979
821,420,2026-06-29,270256
822,420,2026-06-22,82522
823,421,2026-05-31,48999
824,421,2026-06-03,93799
825,421,2026-05-11,132656
826,422,2026-02-07,38703
827,423,2026-06-19,9437
828,423,2026-06-20,9722
829,423,2026-06-01,3042
830,424,2026-04-21,6653
831,424,2026-02-28,9652
832,424,2026-04-02,8350
833,424,2026-04-16,9577
834,425,2026-04-10,30683
835,425,2026-03-18,179012
836,426,2026-02-11,93770
837,426,2026-04-14,2351
838,428,2026-06-07,1761
839,428,2026-05-07,27013
840,428,2026-05-29,25846
841,430,2026-06-21,264118
842,430,2026-05-14,204868
843,430,2026-05-12,58531
844,431,2026-04-30,7820
845,432,2026-06-06,28017
846,432,2026-05-26,132683
847,432,2026-04-02,48497
848,433,2026-03-04,12919
849,435,2026-04-20,27414
850,435,2026-03-28,49454
851,435,2026-04-11,129787
852,435,2026-04-03,88630
853,436,2026-06-29,70319
854,436,2026-06-06,49705
855,438,2026-05-28,26127
856,439,2026-05-11,10491
857,440,2026-06-28,197798
858,440,2026-05-28,101702
859,440,2026-04-28,106080
860,441,2026-06-26,78689
861,442,2026-05-20,28521
862,443,2026-06-22,108044
863,444,2026-06-14,135922
864,444,2026-04-28,109086
865,444,2026-03-29,116678
866,445,2026-06-27,54451
867,446,2026-05-03,14393
868,449,2026-06-06,83245
869,449,2026-05-04,17131
870,450,2026-01-27,75362
871,450,2026-02-02,118604
872,450,2026-05-16,119843
873,452,2026-05-02,46663
874,452,2026-06-21,36532
875,453,2026-05-08,10480
876,453,2026-05-11,22171
877,454,2026-05-30,101449
878,455,2026-01-29,18510
879,455,2026-03-31,8808
880,455,2026-02-05,48298
881,457,2026-06-28,197111
882,458,2026-05-05,56524
883,458,2026-03-16,73634
884,458,2026-05-17,75981
885,459,2026-06-11,6059
886,459,2026-05-23,32287
887,459,2026-05-31,27548
888,459,2026-04-19,11801
889,460,2026-06-18,13303
890,460,2026-02-05,14220
891,461,2026-05-26,1277
892,461,2026-05-22,25631
893,462,2026-05-27,5903
894,462,2026-05-18,22131
895,462,2026-05-14,61700
896,462,2026-05-14,83044
897,463,2026-05-27,178744
898,466,2026-06-14,38568
899,466,2026-05-10,54612
900,467,2026-06-29,3592
901,467,2026-05-28,7541
902,467,2026-06-17,4654
903,468,2026-05-07,60582
904,468,2026-05-14,72444
905,469,2026-05-24,19155
906,470,2026-05-25,63324
907,470,2026-06-26,91286
908,470,2026-06-15,22061
909,471,2026-05-02,9182
910,472,2026-06-20,6234
911,472,2026-05-16,1798
912,472,2026-06-30,2790
913,473,2026-05-06,9488
914,473,2026-06-26,161938
915,474,2026-06-08,112633
916,474,2026-05-19,30721
917,474,2026-06-20,121277
918,474,2026-05-19,98811
919,475,2026-05-23,112081
920,475,2026-06-13,239356
921,475,2026-05-16,200795
922,476,2026-05-15,5384
923,476,2026-06-04,6036
924,477,2026-05-06,226454
925,478,2026-04-25,84389
926,478,2026-02-25,107830
927,479,2026-03-14,1828
928,479,2026-05-11,15867
929,479,2026-04-11,7113
930,481,2026-02-20,7080
931,482,2026-04-30,87463
932,483,2026-05-16,64750
933,483,2026-06-07,16495
934,484,2026-05-26,61182
935,484,2026-06-02,16465
936,485,2026-06-01,145571
937,485,2026-05-08,78154
938,486,2026-06-05,56540
939,486,2026-04-30,36608
940,486,2026-04-03,82646
941,488,2026-03-19,21607
942,489,2026-05-03,10297
943,489,2026-06-02,4811
944,489,2026-05-11,2085
945,490,2026-06-20,14018
946,491,2026-05-01,139284
947,491,2026-06-09,89444
948,491,2026-05-03,5265
949,491,2026-05-05,124179
950,492,2026-04-30,54867
951,492,2026-05-03,118448
952,493,2026-03-25,6768
953,494,2026-04-23,121768
954,495,2026-06-28,64051
955,495,2026-06-17,126285
956,495,2026-05-27,74542
957,495,2026-06-16,203543
958,496,2026-03-31,8899
959,496,2026-05-28,2720
960,496,2026-05-02,29329
961,497,2026-06-04,203152
962,497,2026-04-01,270203
963,498,2026-06-12,60328
964,498,2026-05-13,35809
965,498,2026-05-08,73129
966,498,2026-06-22,47455
967,499,2026-05-12,13709
968,499,2026-05-26,13415
969,499,2026-06-20,12576
970,501,2026-03-03,46084
971,501,2026-03-22,12156
972,502,2026-05-19,3729
973,502,2026-05-06,35581
974,504,2026-05-28,174908
975,504,2026-05-12,67463
976,505,2026-05-31,76705
977,506,2026-06-15,174641
978,506,2026-05-31,219782
979,507,2026-06-25,123242
980,508,2026-06-07,5087
981,508,2026-04-07,11735
982,509,2026-03-27,38393
983,509,2026-02-25,114259
984,510,2026-04-05,152563
985,510,2026-04-20,53299
986,511,2026-06-26,198114
987,512,2026-06-16,3897
988,512,2026-06-07,5606
989,512,2026-06-18,10908
990,514,2026-04-13,34833
991,515,2026-06-10,14579
992,517,2026-04-03,215577
993,518,2026-06-14,97295
994,518,2026-05-28,73137
995,518,2026-06-16,102140
996,520,2026-06-21,103399
997,520,2026-03-26,17453
998,520,2026-03-20,172945
999,520,2026-05-07,93239
1000,521,2026-06-21,92251
1001,521,2026-05-19,106846
1002,521,2026-05-16,12777
1003,521,2026-05-29,42727
1004,522,2026-06-19,101685
1005,523,2026-04-06,168089
1006,525,2026-05-20,150519
1007,526,2026-06-12,66898
1008,526,2026-05-23,94822
1009,528,2026-06-21,119531
1010,528,2026-01-25,93155
1011,528,2026-02-03,46330
1012,528,2026-05-02,125506
1013,530,2026-04-25,66660
1014,530,2026-05-25,224783
1015,530,2026-02-03,73231
1016,531,2026-02-19,115964
1017,532,2026-06-03,27982
1018,532,2026-06-29,47787
1019,533,2026-03-17,264950
1020,533,2026-04-17,29310
1021,533,2026-06-02,216395
1022,533,2026-04-08,255912
1023,534,2026-05-23,96015
1024,534,2026-05-29,5701
1025,535,2026-06-03,49346
1026,535,2026-04-15,140589
1027,535,2026-05-18,174120
1028,536,2026-06-01,155916
1029,536,2026-06-09,8168
1030,537,2026-05-13,35569
1031,538,2026-03-27,4234
1032,538,2026-05-23,81450
1033,538,2026-04-22,174218
1034,538,2026-06-28,70341
1035,540,2026-06-07,73389
1036,540,2026-05-30,130742
1037,541,2026-05-31,6499
1038,541,2026-03-09,95025
1039,543,2026-06-11,19715
1040,543,2026-03-30,75208
1041,543,2026-05-16,7473
1042,544,2026-05-17,34475
1043,544,2026-06-04,52345
1044,546,2026-04-01,48432
1045,546,2026-06-01,47135
1046,546,2026-05-07,11019
1047,549,2026-03-16,24223
1048,549,2026-04-14,27366
1049,549,2026-03-14,20227
1050,550,2026-06-26,155549
1051,551,2026-06-19,134344
1052,552,2026-04-25,38538
1053,553,2026-04-17,76622
1054,554,2026-06-24,3604
1055,554,2026-03-27,36252
1056,554,2026-06-11,1436
1057,554,2026-02-12,55559
1058,556,2026-04-16,67461
1059,557,2026-06-19,174311
1060,557,2026-06-21,10341
1061,557,2026-01-12,165439
1062,557,2026-02-14,65464
1063,558,2026-03-22,6007
1064,558,2026-03-18,6816
1065,558,2026-04-18,1317
1066,558,2026-03-29,6635
1067,559,2026-05-12,78441
1068,559,2026-05-13,58391
1069,559,2026-06-23,198908
1070,560,2026-06-04,127809
1071,561,2026-05-28,23271
1072,562,2026-04-15,141512
1073,563,2026-04-29,48318
1074,563,2026-06-24,185916
1075,563,2026-02-15,34273
1076,564,2026-02-15,23169
1077,564,2026-03-24,149420
1078,564,2026-03-05,13711
1079,565,2026-02-08,109889
1080,565,2026-06-21,4864
1081,565,2026-02-27,40805
1082,565,2026-03-24,103530
1083,567,2026-04-30,57782
1084,567,2026-06-01,118472
1085,567,2026-04-16,14050
1086,567,2026-04-29,122695
1087,568,2026-06-08,125129
1088,568,2026-05-09,61930
1089,568,2026-05-22,130346
1090,568,2026-05-25,108966
1091,569,2026-06-04,169735
1092,570,2026-04-04,130809
1093,570,2026-06-24,165145
1094,570,2026-06-07,37664
1095,571,2026-05-18,111424
1096,571,2026-04-27,71956
1097,571,2026-06-05,275925
1098,573,2026-04-02,44389
1099,573,2026-06-08,9009
1100,573,2026-06-05,62432
1101,574,2026-05-08,10575
1102,574,2026-06-17,7017
1103,574,2026-05-20,13566
1104,575,2026-04-20,201774
1105,575,2026-06-20,146352
1106,575,2026-04-04,249201
1107,575,2026-03-09,89132
1108,576,2026-04-19,116261
1109,576,2026-05-01,175284
1110,576,2026-03-19,86744
1111,576,2026-01-31,132170
1112,577,2026-05-24,57072
1113,577,2026-05-31,167138
1114,577,2026-06-10,38456
1115,577,2026-06-11,147928
1116,579,2026-06-26,9789
1117,579,2026-06-26,73076
1118,580,2026-05-29,59606
1119,580,2026-05-31,47244
1120,580,2026-05-28,58076
1121,580,2026-06-15,6427
1122,581,2026-01-20,161957
1123,582,2026-03-01,6502
1124,582,2026-01-27,30058
1125,583,2026-05-29,183528
1126,583,2026-06-22,149423
1127,583,2026-05-31,24111
1128,583,2026-06-04,24740
1129,584,2026-01-26,61338
1130,584,2026-03-25,33339
1131,585,2026-06-06,72512
1132,586,2026-06-28,118879
1133,586,2026-06-18,166419
1134,586,2026-05-08,45688
1135,586,2026-05-30,154412
1136,587,2026-04-10,102372
1137,587,2026-04-11,34844
1138,587,2026-04-17,62300
1139,587,2026-03-29,5121
1140,588,2026-05-12,81288
1141,588,2026-06-05,123379
1142,589,2026-06-20,67210
1143,590,2026-06-16,44616
1144,590,2026-06-30,157460
1145,590,2026-06-05,53025
1146,590,2026-06-18,35050
1147,591,2026-05-21,44343
1148,591,2026-03-02,1221
1149,591,2026-03-09,53535
1150,592,2026-06-22,27191
1151,592,2026-06-17,145134
1152,593,2026-06-07,56652
1153,593,2026-05-30,52622
1154,594,2026-04-09,49382
1155,595,2026-04-19,48153
1156,595,2026-04-01,40517
1157,595,2026-04-14,82550
1158,596,2026-06-02,9306
1159,596,2026-06-11,12244
1160,596,2026-06-15,1189
1161,596,2026-06-04,11712
1162,598,2026-05-19,11444
1163,598,2026-06-12,228513
1164,600,2026-06-27,64989
1165,600,2026-06-18,150177
1166,600,2026-04-30,11653
1167,600,2026-06-07,86613
1168,601,2026-05-20,28690
1169,601,2026-03-26,2466
1170,602,2026-06-01,124972
1171,602,2026-06-05,115542
1172,602,2026-06-05,49683
1173,602,2026-06-30,132481
1174,604,2026-05-22,109393
1175,604,2026-05-17,78059
1176,604,2026-06-09,84200
1177,604,2026-06-02,44090
1178,605,2026-06-29,21606
1179,605,2026-06-20,128543
1180,605,2026-04-20,91518
1181,605,2026-06-16,55408
1182,606,2026-06-08,62530
1183,606,2026-05-07,141926
1184,606,2026-05-06,100202
1185,607,2026-06-18,211300
1186,608,2026-05-06,83296
1187,608,2026-05-20,210743
1188,608,2026-06-21,2749
1189,609,2026-03-19,132040
1190,609,2026-02-28,248418
1191,611,2026-06-07,17047
1192,612,2026-06-22,137330
1193,612,2026-06-22,64429
1194,612,2026-06-10,13436
1195,613,2026-06-19,44026
1196,613,2026-06-13,10302
1197,613,2026-06-28,53137
1198,614,2026-04-10,184385
1199,614,2026-04-12,149958
1200,614,2026-03-12,156825
1201,615,2026-06-25,298606
1202,616,2026-05-20,20446
1203,616,2026-04-09,2581
1204,617,2026-05-19,170968
1205,617,2026-06-08,138687
1206,617,2026-06-08,46976
1207,618,2026-04-27,120732
1208,618,2026-06-26,191610
1209,618,2026-05-23,18217
1210,618,2026-05-14,52820
1211,619,2026-04-04,145697
1212,619,2026-06-03,24949
1213,620,2026-05-14,63558
1214,620,2026-06-02,13880
1215,620,2026-01-29,103421
1216,620,2026-06-27,42793
1217,621,2026-05-21,39625
1218,621,2026-06-25,40209
1219,621,2026-04-25,20658
1220,621,2026-06-18,39123
1221,622,2026-04-29,158641
1222,622,2026-04-05,130133
1223,622,2026-06-28,87150
1224,624,2026-04-15,160783
1225,624,2026-06-14,150686
1226,625,2026-05-30,63098
1227,625,2026-04-12,36308
1228,625,2026-06-13,35452
1229,625,2026-05-18,40795
1230,626,2026-05-14,200935
1231,626,2026-06-27,2487
1232,626,2026-03-29,106927
1233,627,2026-02-27,147793
1234,627,2026-06-14,57355
1235,627,2026-04-29,132843
1236,627,2026-02-03,72817
1237,628,2026-05-20,66495
1238,628,2026-06-09,160044
1239,628,2026-05-06,99308
1240,629,2026-05-11,59212
1241,629,2026-06-15,71403
1242,630,2026-04-27,74641
1243,631,2026-05-02,123768
1244,631,2026-05-19,121796
1245,632,2026-01-21,230222
1246,632,2026-04-06,265352
1247,632,2026-03-26,258954
1248,632,2026-06-24,175982
1249,633,2026-05-28,56463
1250,633,2026-06-21,38612
1251,633,2026-06-04,40979
1252,633,2026-05-27,50277
1253,634,2026-04-14,10894
1254,634,2026-05-24,119085
1255,634,2026-05-02,224949
1256,635,2026-06-03,24800
1257,635,2026-05-30,4437
1258,636,2026-03-29,36530
1259,636,2026-06-06,29473
1260,636,2026-03-03,47575
1261,638,2026-05-11,56136
1262,639,2026-05-17,115811
1263,639,2026-04-22,3077
1264,639,2026-06-08,96633
1265,640,2026-02-25,55378
1266,640,2026-03-01,55950
1267,640,2026-05-28,23890
1268,640,2026-03-03,20841
1269,641,2026-02-13,2121
1270,641,2026-01-19,14358
1271,641,2026-04-14,18677
1272,642,2026-03-24,34606
1273,642,2026-04-04,142554
1274,643,2026-06-05,106571
1275,644,2026-05-20,88602
1276,644,2026-05-11,69146
1277,644,2026-06-27,76650
1278,645,2026-01-12,48755
1279,646,2026-06-12,4076
1280,646,2026-05-14,10456
1281,647,2026-05-05,18227
1282,647,2026-06-12,52246
1283,647,2026-04-30,28952
1284,647,2026-05-13,36606
1285,648,2026-05-24,41243
1286,648,2026-06-19,58168
1287,650,2026-05-26,279328
1288,651,2026-06-08,137773
1289,651,2026-06-20,125923
1290,651,2026-03-27,85389
1291,652,2026-05-30,85683
1292,653,2026-05-02,100691
1293,653,2026-03-10,2411
1294,654,2026-05-18,199825
1295,654,2026-06-02,59886
1296,654,2026-05-05,28013
1297,655,2026-03-23,94496
1298,655,2026-03-25,4388
1299,657,2026-06-06,189295
1300,657,2026-04-16,11450
1301,657,2026-06-11,170630
1302,659,2026-06-21,46103
1303,659,2026-06-11,24296
1304,660,2026-05-14,92906
1305,660,2026-05-20,115758
1306,660,2026-03-29,198858
1307,661,2026-05-22,40811
1308,661,2026-05-15,49949
1309,661,2026-05-26,213146
1310,661,2026-06-24,77423
1311,663,2026-02-27,39109
1312,664,2026-06-20,77139
1313,664,2026-06-19,83215
1314,664,2026-06-11,98883
1315,664,2026-06-18,93634
1316,665,2026-05-12,250423
1317,665,2026-03-18,165356
1318,665,2026-06-05,120445
1319,665,2026-06-04,183631
1320,666,2026-05-19,75678
1321,666,2026-06-17,4614
1322,668,2026-04-26,22129
1323,668,2026-06-17,33610
1324,668,2026-04-25,24506
1325,669,2026-06-27,51783
1326,669,2026-05-31,54421
1327,669,2026-05-15,63181
1328,670,2026-05-06,25648
1329,670,2026-03-02,68572
1330,670,2026-03-07,159901
1331,672,2026-03-17,21328
1332,672,2026-04-30,164402
1333,672,2026-05-15,57505
1334,672,2026-06-27,95590
1335,673,2026-06-21,31508
1336,673,2026-04-05,146348
1337,673,2026-04-28,89694
1338,674,2026-05-06,274506
1339,674,2026-04-08,106346
1340,674,2026-03-01,168938
1341,674,2026-03-17,235830
1342,676,2026-01-25,179555
1343,676,2026-02-08,57228
1344,677,2026-04-07,60866
1345,677,2026-01-13,106371
1346,677,2026-02-07,41875
1347,678,2026-04-15,99862
1348,678,2026-06-23,50675
1349,678,2026-05-12,205269
1350,679,2026-03-07,33016
1351,680,2026-04-25,69550
1352,680,2026-06-01,32300
1353,680,2026-04-23,53986
1354,680,2026-06-14,146424
1355,682,2026-06-05,23941
1356,682,2026-02-19,8450
1357,683,2026-06-18,4317
1358,683,2026-03-07,58741
1359,683,2026-05-15,33214
1360,684,2026-05-06,8656
1361,684,2026-06-21,101754
1362,684,2026-03-25,16681
1363,684,2026-02-05,100899
1364,685,2026-05-05,51915
1365,686,2026-05-19,8437
1366,686,2026-05-07,5096
1367,686,2026-05-20,7819
1368,686,2026-05-23,14799
1369,687,2026-05-24,56971
1370,687,2026-06-03,38049
1371,688,2026-04-07,145623
1372,688,2026-05-06,173923
1373,689,2026-05-26,128581
1374,690,2026-05-10,46932
1375,690,2026-04-15,80492
1376,691,2026-05-15,124945
1377,691,2026-03-22,126011
1378,691,2026-02-12,202100
1379,692,2026-02-15,20593
1380,692,2026-03-09,88674
1381,692,2026-04-10,84128
1382,694,2026-06-16,3799
1383,694,2026-04-08,6036
1384,694,2026-03-13,100790
1385,694,2026-04-28,124239
1386,695,2026-04-09,70906
1387,695,2026-06-23,118931
1388,697,2026-02-07,11116
1389,697,2026-06-18,3559
1390,698,2026-05-27,186660
1391,699,2026-03-24,52831
1392,700,2026-05-01,22289
1393,702,2026-05-18,30542
1394,702,2026-05-20,32486
1395,703,2026-06-28,110994
1396,703,2026-06-23,7417
1397,703,2026-06-18,37551
1398,704,2026-04-27,20647
1399,704,2026-04-08,45212
1400,704,2026-06-24,3841
1401,705,2026-03-29,10271
1402,705,2026-06-03,34997
1403,706,2026-06-06,45708
1404,706,2026-06-06,17794
1405,707,2026-06-24,31005
1406,707,2026-06-12,78704
1407,707,2026-04-26,32066
1408,707,2026-06-06,65040
1409,709,2026-06-09,138232
1410,710,2026-02-13,16235
1411,710,2026-06-16,15636
1412,711,2026-05-24,10053
1413,711,2026-04-11,7042
1414,712,2026-06-14,15643
1415,712,2026-05-16,35568
1416,712,2026-03-22,17745
1417,712,2026-04-02,37676
1418,714,2026-04-25,60610
1419,714,2026-03-01,15814
1420,715,2026-03-18,250027
1421,718,2026-03-28,119397
1422,718,2026-06-10,117796
1423,719,2026-06-07,57834
1424,719,2026-05-12,7242
1425,720,2026-04-07,95367
1426,720,2026-06-30,61015
1427,720,2026-05-13,52216
1428,722,2026-06-07,7249
1429,722,2026-02-06,3613
1430,722,2026-04-17,1877
1431,724,2026-06-20,46542
1432,724,2026-04-08,18900
1433,724,2026-06-22,2478
1434,724,2026-02-14,32439
1435,726,2026-03-26,54136
1436,726,2026-03-27,7399
1437,726,2026-03-18,50301
1438,727,2026-05-29,71879
1439,727,2026-06-29,43036
1440,727,2026-06-15,46454
1441,727,2026-06-26,23801
1442,728,2026-06-10,60083
1443,728,2026-06-24,71675
1444,728,2026-06-27,22532
1445,729,2026-06-10,84586
1446,729,2026-04-24,74149
1447,730,2026-06-27,144773
1448,730,2026-05-05,104536
1449,731,2026-05-07,1591
1450,733,2026-06-01,79699
1451,733,2026-06-05,102645
1452,733,2026-05-27,55643
1453,733,2026-06-19,113334
1454,735,2026-05-30,46523
1455,735,2026-06-08,133202
1456,735,2026-04-10,49260
1457,736,2026-06-09,8096
1458,736,2026-05-07,14454
1459,736,2026-06-13,1337
1460,737,2026-06-15,183748
1461,737,2026-06-30,102758
1462,739,2026-05-26,49060
1463,739,2026-06-19,3691
1464,739,2026-06-24,49272
1465,741,2026-04-05,32722
1466,743,2026-05-27,2467
1467,743,2026-02-24,8863
1468,743,2026-04-30,15778
1469,744,2026-06-26,39058
1470,744,2026-04-06,87367
1471,744,2026-05-05,217797
1472,744,2026-04-10,119144
1473,745,2026-05-29,137644
1474,745,2026-06-29,131320
1475,745,2026-06-07,20675
1476,745,2026-05-12,158239
1477,746,2026-06-02,124184
1478,746,2026-05-17,128870
1479,747,2026-05-24,75188
1480,748,2026-04-28,145940
1481,748,2026-06-03,54599
1482,748,2026-06-18,153502
1483,748,2026-03-07,46459
1484,749,2026-04-12,38775
1485,749,2026-04-28,66236
1486,750,2026-05-14,8827
1487,750,2026-05-13,12868
1488,752,2026-05-31,54252
1489,752,2026-06-04,43046
1490,752,2026-06-16,150747
1491,754,2026-04-11,108725
1492,754,2026-01-25,76767
1493,754,2026-02-18,199004
1494,755,2026-04-19,23621
1495,755,2026-03-06,25967
1496,755,2026-04-28,33175
1497,755,2026-06-28,30184
1498,757,2026-03-24,20212
1499,758,2026-02-19,62930
1500,759,2026-05-14,98940
1501,759,2026-05-19,5585
1502,759,2026-06-17,91069
1503,759,2026-05-31,143783
1504,760,2026-06-08,26346
1505,761,2026-06-11,29803
1506,762,2026-05-23,145261
1507,762,2026-05-05,191378
1508,762,2026-05-21,233991
1509,763,2026-06-13,16143
1510,763,2026-04-17,55055
1511,764,2026-04-20,116088
1512,765,2026-05-15,78057
1513,765,2026-06-04,216244
1514,765,2026-05-31,145600
1515,765,2026-05-31,11623
1516,766,2026-03-28,142352
1517,767,2026-06-01,53876
1518,767,2026-06-19,105662
1519,767,2026-06-02,61331
1520,768,2026-06-18,174094
1521,768,2026-05-30,141040
1522,768,2026-06-02,75559
1523,770,2026-02-24,1148
1524,772,2026-04-22,129606
1525,772,2026-05-19,12652
1526,772,2026-04-28,254438
1527,772,2026-05-29,173047
1528,773,2026-03-18,244451
1529,775,2026-05-06,49546
1530,775,2026-05-21,41371
1531,777,2026-03-21,23942
1532,777,2026-04-24,44311
1533,777,2026-03-28,87544
1534,777,2026-05-29,11208
1535,778,2026-05-04,78774
1536,778,2026-03-09,81666
1537,779,2026-04-10,119622
1538,779,2026-03-28,134398
1539,779,2026-06-25,77979
1540,780,2026-04-13,10626
1541,781,2026-04-13,103444
1542,782,2026-04-17,184462
1543,782,2026-04-15,2950
1544,782,2026-05-17,66693
1545,782,2026-05-26,25436
1546,783,2026-04-15,11074
1547,783,2026-01-10,6524
1548,784,2026-06-11,36841
1549,784,2026-06-11,52208
1550,784,2026-06-17,78396
1551,784,2026-05-21,81245
1552,785,2026-05-14,38479
1553,785,2026-06-29,21655
1554,785,2026-06-11,15607
1555,786,2026-04-24,1073
1556,786,2026-06-30,2565
1557,786,2026-06-10,3493
1558,787,2026-06-27,10422
1559,787,2026-04-19,4796
1560,787,2026-05-08,31331
1561,787,2026-06-20,19374
1562,788,2026-03-16,109940
1563,788,2026-03-27,112791
1564,789,2026-05-19,64669
1565,791,2026-06-08,35215
1566,792,2026-06-21,13461
1567,793,2026-05-09,105392
1568,793,2026-06-04,20073
1569,794,2026-06-22,2572
1570,795,2026-03-08,25876
1571,795,2026-04-25,19393
1572,796,2026-06-05,51331
1573,796,2026-05-22,21860
1574,797,2026-06-08,152351
1575,797,2026-04-19,144147
1576,797,2026-06-04,145799
1577,797,2026-03-24,78999
1578,798,2026-05-20,27606
1579,798,2026-03-10,8005
1580,800,2026-06-28,107042
1581,801,2026-05-07,76578
1582,803,2026-05-22,43613
1583,803,2026-06-18,50640
1584,804,2026-04-01,122525
1585,804,2026-06-20,17096
1586,804,2026-06-26,234029
1587,806,2026-05-31,73250
1588,807,2026-03-04,46213
1589,807,2026-06-19,18813
1590,808,2026-05-23,277995
1591,808,2026-05-24,79169
1592,808,2026-06-27,172639
1593,809,2026-06-09,103901
1594,809,2026-05-27,171244
1595,809,2026-06-16,177238
1596,810,2026-03-14,15465
1597,811,2026-03-28,161372
1598,812,2026-06-29,44787
1599,812,2026-06-18,2666
1600,813,2026-06-25,94559
1601,813,2026-06-07,146827
1602,814,2026-03-25,83289
1603,815,2026-03-02,61405
1604,815,2026-06-10,87725
1605,816,2026-06-08,63092
1606,817,2026-03-06,29449
1607,817,2026-03-25,201387
1608,817,2026-03-03,56518
1609,818,2026-06-28,42260
1610,818,2026-06-06,57514
1611,818,2026-03-28,112381
1612,819,2026-06-30,26860
1613,819,2026-02-15,9861
1614,819,2026-06-19,12782
1615,820,2026-03-14,282839
1616,820,2026-04-05,137135
1617,820,2026-05-12,175103
1618,820,2026-06-16,72397
1619,821,2026-05-29,82899
1620,822,2026-06-06,45652
1621,824,2026-06-06,41162
1622,824,2026-06-15,93130
1623,824,2026-05-30,263886
1624,824,2026-06-21,165686
1625,825,2026-04-17,40131
1626,825,2026-04-07,135134
1627,825,2026-05-13,85316
1628,828,2026-05-27,34641
1629,829,2026-05-15,84148
1630,829,2026-06-09,128253
1631,832,2026-06-06,17129
1632,832,2026-03-16,90110
1633,832,2026-06-07,76942
1634,832,2026-03-19,168531
1635,833,2026-06-18,38071
1636,836,2026-06-05,263502
1637,836,2026-05-10,5394
1638,836,2026-05-23,97903
1639,837,2026-06-09,9382
1640,837,2026-01-11,35332
1641,837,2026-04-14,17016
1642,837,2026-05-08,22879
1643,838,2026-03-17,39304
1644,838,2026-04-30,31323
1645,838,2026-05-21,70453
1646,838,2026-01-25,45951
1647,839,2026-05-31,44934
1648,839,2026-05-14,55823
1649,842,2026-03-13,27072
1650,842,2026-05-28,2787
1651,842,2026-06-15,11092
1652,843,2026-03-02,24317
1653,843,2026-04-20,54568
1654,844,2026-05-26,1649
1655,844,2026-03-01,59645
1656,844,2026-03-28,45906
1657,844,2026-05-13,32119
1658,846,2026-06-12,52349
1659,846,2026-06-15,38963
1660,846,2026-05-28,42731
1661,846,2026-06-08,10629
1662,847,2026-05-20,29404
1663,848,2026-04-26,41632
1664,848,2026-02-14,168834
1665,848,2026-05-01,120847
1666,849,2026-05-23,95948
1667,849,2026-05-22,69156
1668,849,2026-06-09,43700
1669,849,2026-05-25,86221
1670,850,2026-05-14,101252
1671,850,2026-05-22,91365
1672,850,2026-02-25,166243
1673,850,2026-04-03,218373
1674,851,2026-06-05,201931
1675,852,2026-05-23,114835
1676,852,2026-05-22,238853
1677,852,2026-02-26,17411
1678,852,2026-05-22,31614
1679,853,2026-06-06,13838
1680,854,2026-05-12,18043
1681,854,2026-04-27,46160
1682,854,2026-05-06,73805
1683,855,2026-03-02,106201
1684,855,2026-06-22,123471
1685,856,2026-04-09,8380
1686,856,2026-05-31,50174
1687,856,2026-06-23,16595
1688,857,2026-03-29,52850
1689,859,2026-05-28,56032
1690,859,2026-06-21,76041
1691,859,2026-06-18,45582
1692,859,2026-06-30,96843
1693,861,2026-05-06,42233
1694,863,2026-06-09,10905
1695,864,2026-04-07,69151
1696,864,2026-06-16,178063
1697,865,2026-05-31,142366
1698,867,2026-04-14,125508
1699,868,2026-06-11,13482
1700,868,2026-04-21,21301
1701,868,2026-05-21,15963
1702,869,2026-04-05,24056
1703,869,2026-03-17,50090
1704,869,2026-02-23,33926
1705,869,2026-04-18,69627
1706,870,2026-03-31,22551
1707,870,2026-05-24,11434
1708,870,2026-06-23,90198
1709,871,2026-06-30,46000
1710,872,2026-05-15,256731
1711,872,2026-05-07,138209
1712,873,2026-03-10,152247
1713,873,2026-06-22,30673
1714,873,2026-06-22,158024
1715,873,2026-03-03,44205
1716,874,2026-03-22,119928
1717,874,2026-05-17,86660
1718,875,2026-06-25,235528
1719,875,2026-05-04,167367
1720,875,2026-06-10,9418
1721,876,2026-02-10,139729
1722,876,2026-06-10,183472
1723,876,2026-05-11,138290
1724,876,2026-01-25,148190
1725,877,2026-06-02,72748
1726,878,2026-05-13,111615
1727,878,2026-06-27,84185
1728,878,2026-04-19,76506
1729,878,2026-04-13,132604
1730,879,2026-06-14,13206
1731,879,2026-06-01,8522
1732,880,2026-03-27,32491
1733,880,2026-04-18,35195
1734,881,2026-06-21,58811
1735,881,2026-06-16,39360
1736,881,2026-05-15,55169
1737,882,2026-03-28,76474
1738,882,2026-06-17,19243
1739,884,2026-06-22,87538
1740,884,2026-03-16,212825
1741,884,2026-04-08,240089
1742,884,2026-05-22,95720
1743,886,2026-06-22,14213
1744,887,2026-04-07,162512
1745,887,2026-03-19,220087
1746,887,2026-06-04,257430
1747,887,2026-06-06,243759
1748,888,2026-04-01,150695
1749,889,2026-02-21,14013
1750,889,2026-03-28,18956
1751,890,2026-06-22,182749
1752,891,2026-06-25,51836
1753,892,2026-06-09,43730
1754,892,2026-06-01,150557
1755,894,2026-05-24,3575
1756,895,2026-03-30,87531
1757,895,2026-03-24,8012
1758,895,2026-03-17,80408
1759,896,2026-05-21,5183
1760,896,2026-04-24,18824
1761,896,2026-05-19,70357
1762,896,2026-03-18,33594
1763,897,2026-02-11,14582
1764,897,2026-02-18,37968
1765,897,2026-01-27,14167
1766,897,2026-01-09,38283
1767,899,2026-06-09,261339
1768,899,2026-06-03,9959
1769,899,2026-03-25,51944
1770,899,2026-03-11,238887
1771,900,2026-03-28,112155
1772,902,2026-06-21,140210
1773,902,2026-04-03,29059
1774,903,2026-06-09,66062
1775,903,2026-04-20,60175
1776,903,2026-04-04,56468
1777,904,2026-05-02,65512
1778,905,2026-04-27,145792
1779,905,2026-05-06,257368
1780,905,2026-06-21,223196
1781,906,2026-05-26,8336
1782,906,2026-06-26,3426
1783,908,2026-05-06,95665
1784,908,2026-05-01,73233
1785,909,2026-06-15,226173
1786,909,2026-06-02,134043
1787,909,2026-04-26,16562
1788,910,2026-06-11,34321
1789,910,2026-06-11,52593
1790,910,2026-03-30,108897
1791,912,2026-05-29,87594
1792,912,2026-03-13,155485
1793,913,2026-04-27,10791
1794,913,2026-05-28,197351
1795,914,2026-05-25,160606
1796,914,2026-06-16,10934
1797,914,2026-06-19,79021
1798,914,2026-04-28,131260
1799,915,2026-04-13,9134
1800,915,2026-04-06,28227
1801,916,2026-05-12,11818
1802,916,2026-05-22,1431
1803,916,2026-05-01,8655
1804,917,2026-06-17,6875
1805,917,2026-05-31,174404
1806,917,2026-06-03,214730
1807,919,2026-06-29,48974
1808,919,2026-04-28,45057
1809,919,2026-06-10,268857
1810,920,2026-06-17,8514
1811,920,2026-05-19,4863
1812,921,2026-04-02,169382
1813,921,2026-06-02,47407
1814,921,2026-06-19,75479
1815,921,2026-03-27,147325
1816,922,2026-05-07,161380
1817,922,2026-04-17,7716
1818,923,2026-05-19,59196
1819,923,2026-06-05,141147
1820,923,2026-06-18,140645
1821,923,2026-04-20,60756
1822,924,2026-03-01,84898
1823,924,2026-03-12,108577
1824,924,2026-05-03,94681
1825,924,2026-03-19,15150
1826,925,2026-03-28,6749
1827,925,2026-04-11,95454
1828,927,2026-04-24,21871
1829,927,2026-04-16,72006
1830,928,2026-05-26,181535
1831,928,2026-06-11,86806
1832,929,2026-01-26,234086
1833,929,2026-02-13,93080
1834,929,2026-05-16,19450
1835,930,2026-03-20,42207
1836,930,2026-06-30,54843
1837,930,2026-02-10,17484
1838,931,2026-06-01,161796
1839,931,2026-06-09,114073
1840,931,2026-04-13,108599
1841,931,2026-06-01,86688
1842,932,2026-02-26,116727
1843,932,2026-06-12,266510
1844,933,2026-05-05,50972
1845,933,2026-06-11,25159
1846,933,2026-05-26,45106
1847,934,2026-03-27,91970
1848,934,2026-01-30,15076
1849,934,2026-05-16,183135
1850,934,2026-03-16,43012
1851,935,2026-05-29,82426
1852,935,2026-05-07,36215
1853,935,2026-03-05,161765
1854,936,2026-05-19,7489
1855,936,2026-06-08,9102
1856,936,2026-03-07,3094
1857,937,2026-05-24,189292
1858,938,2026-04-19,57371
1859,939,2026-05-04,133759
1860,939,2026-02-13,141695
1861,940,2026-05-08,89746
1862,940,2026-04-29,52592
1863,940,2026-05-07,30203
1864,941,2026-05-21,14518
1865,941,2026-05-24,44548
1866,941,2026-06-16,43274
1867,943,2026-04-11,61145
1868,943,2026-06-20,61166
1869,943,2026-03-01,81106
1870,943,2026-06-17,10375
1871,945,2026-01-20,29089
1872,945,2026-04-09,169240
1873,945,2026-06-30,64156
1874,945,2026-02-17,157173
1875,946,2026-05-21,224129
1876,946,2026-05-11,277663
1877,946,2026-06-28,82266
1878,946,2026-04-15,32940
1879,947,2026-03-19,12470
1880,947,2026-03-03,9663
1881,948,2026-06-08,74013
1882,948,2026-06-04,22991
1883,948,2026-05-28,16876
1884,948,2026-06-02,107982
1885,950,2026-05-16,45591
1886,951,2026-01-09,2494
1887,951,2026-03-21,4031
1888,951,2026-06-08,3698
1889,953,2026-04-03,200284
1890,953,2026-05-02,113694
1891,953,2026-04-04,144716
1892,953,2026-05-19,78123
1893,955,2026-05-27,2531
1894,955,2026-04-29,9290
1895,955,2026-05-13,6700
1896,956,2026-05-31,128574
1897,956,2026-04-14,77228
1898,956,2026-04-20,176889
1899,957,2026-03-06,78022
1900,957,2026-02-28,59887
1901,957,2026-05-19,35646
1902,957,2026-03-20,35917
1903,958,2026-04-06,34139
1904,958,2026-06-18,222491
1905,958,2026-04-22,38102
1906,958,2026-05-22,222397
1907,959,2026-04-23,161176
1908,959,2026-06-13,233632
1909,959,2026-06-21,233122
1910,959,2026-03-13,74399
1911,960,2026-05-18,188977
1912,960,2026-02-15,64011
1913,961,2026-04-17,1966
1914,961,2026-06-18,2903
1915,962,2026-03-04,36694
1916,962,2026-01-20,12495
1917,962,2026-01-30,122208
1918,962,2026-06-12,113771
1919,963,2026-05-23,137813
1920,963,2026-06-08,109319
1921,963,2026-06-06,146577
1922,963,2026-05-16,56925
1923,964,2026-05-17,71571
1924,964,2026-06-30,28946
1925,965,2026-05-11,10007
1926,966,2026-05-30,144044
1927,966,2026-05-28,11202
1928,967,2026-05-14,14912
1929,967,2026-05-13,214989
1930,969,2026-06-07,165873
1931,969,2026-06-30,8223
1932,969,2026-05-25,158309
1933,970,2026-05-18,12536
1934,970,2026-05-04,12173
1935,971,2026-04-15,49621
1936,971,2026-04-24,42304
1937,971,2026-03-08,92571
1938,971,2026-04-01,90468
1939,972,2026-04-23,75172
1940,972,2026-01-24,8801
1941,973,2026-06-28,172619
1942,973,2026-05-21,69060
1943,975,2026-04-04,6705
1944,975,2026-04-15,1514
1945,976,2026-06-23,49994
1946,977,2026-01-23,16411
1947,977,2026-04-14,144323
1948,977,2026-04-27,188991
1949,977,2026-03-13,126173
1950,978,2026-06-24,188867
1951,979,2026-05-24,61093
1952,979,2026-04-26,100452
1953,979,2026-05-17,44800
1954,981,2026-05-14,49141
1955,981,2026-06-05,28726
1956,981,2026-05-10,141833
1957,982,2026-05-31,13484
1958,982,2026-05-29,2996
1959,983,2026-06-09,19211
1960,983,2026-05-20,17725
1961,983,2026-04-19,8961
1962,983,2026-05-02,5963
1963,984,2026-04-09,60839
1964,984,2026-05-08,74737
1965,985,2026-06-28,6795
1966,985,2026-03-06,4056
1967,986,2026-06-27,57550
1968,987,2026-02-14,33036
1969,987,2026-03-09,24988
1970,987,2026-03-12,29425
1971,987,2026-06-21,8344
1972,989,2026-06-01,228077
1973,989,2026-06-04,173322
1974,990,2026-06-21,138599
1975,992,2026-06-15,5278
1976,993,2026-06-07,31252
1977,993,2026-06-09,60889
1978,993,2026-06-01,47643
1979,993,2026-04-24,77619
1980,994,2026-06-19,111381
1981,995,2026-06-04,147061
1982,995,2026-06-10,254975
1983,995,2026-06-07,221577
1984,996,2026-02-27,159507
1985,996,2026-03-08,189030
1986,997,2026-06-29,91052
1987,998,2026-02-16,216131
1988,998,2026-06-28,173494
1989,1000,2026-06-25,13792
1990,1000,2026-06-16,9800
1991,1000,2026-06-11,11840
1992,1002,2026-04-30,75761
1993,1002,2026-06-01,195623
1994,1002,2026-05-09,200904
1995,1003,2026-04-08,14799
1996,1003,2026-06-29,143727
1997,1004,2026-04-20,109173
1998,1004,2026-04-20,121035
1999,1004,2026-06-18,28328
2000,1004,2026-03-26,5737
2001,1005,2026-06-19,57747
2002,1006,2026-06-04,105937
2003,1006,2026-05-18,107623
2004,1006,2026-06-22,52112
2005,1007,2026-05-21,40977
2006,1007,2026-02-14,141773
2007,1009,2026-05-05,32435
2008,1010,2026-05-08,101016
2009,1011,2026-02-08,46084
2010,1012,2026-06-19,191626
2011,1012,2026-05-19,117423
2012,1013,2026-06-02,12943
2013,1013,2026-05-25,50135
2014,1013,2026-06-01,160156
2015,1015,2026-04-10,198591
2016,1015,2026-03-26,35347
2017,1015,2026-04-04,56003
2018,1016,2026-03-08,149392
2019,1016,2026-03-14,49269
2020,1016,2026-05-11,93730
2021,1016,2026-05-04,15984
2022,1018,2026-05-21,3859
2023,1018,2026-02-22,11831
2024,1018,2026-04-22,9334
2025,1019,2026-03-05,5719
2026,1019,2026-05-12,38108
2027,1021,2026-02-11,6885
2028,1023,2026-06-07,221387
2029,1023,2026-06-25,125377
2030,1023,2026-06-25,110054
2031,1023,2026-05-28,162883
2032,1024,2026-06-21,177190
2033,1024,2026-05-20,167968
2034,1024,2026-05-07,48628
2035,1024,2026-04-26,33686
2036,1026,2026-06-12,286608
2037,1026,2026-06-08,261262
2038,1027,2026-04-01,9657
2039,1027,2026-04-30,107615
2040,1028,2026-05-21,171412
2041,1028,2026-06-04,37006
2042,1028,2026-05-23,183437
2043,1028,2026-05-19,59389
2044,1029,2026-04-26,45198
2045,1029,2026-05-08,28955
2046,1029,2026-04-10,16385
2047,1030,2026-05-23,230286
2048,1030,2026-05-14,196383
2049,1031,2026-06-24,71684
2050,1032,2026-05-09,21669
2051,1033,2026-06-26,31184
2052,1034,2026-06-17,166228
2053,1034,2026-05-26,109212
2054,1035,2026-05-30,59575
2055,1035,2026-03-22,15315
2056,1035,2026-06-21,38076
2057,1035,2026-04-01,94263
2058,1036,2026-05-09,153659
2059,1036,2026-06-21,165627
2060,1038,2026-05-08,52092
2061,1039,2026-04-10,7569
2062,1039,2026-06-12,12753
2063,1039,2026-05-17,64870
2064,1039,2026-03-30,38492
2065,1040,2026-04-25,198029
2066,1040,2026-06-17,192321
2067,1040,2026-04-02,199908
2068,1042,2026-05-29,206340
2069,1042,2026-06-28,96735
2070,1042,2026-04-30,214853
2071,1043,2026-03-22,23364
2072,1043,2026-03-17,4806
2073,1043,2026-02-23,36501
2074,1044,2026-02-25,9590
2075,1044,2026-03-15,239141
2076,1044,2026-03-07,86672
2077,1044,2026-02-15,154445
2078,1046,2026-05-28,83434
2079,1046,2026-06-20,45496
2080,1046,2026-05-23,115322
2081,1047,2026-06-15,74858
2082,1047,2026-06-08,133941
2083,1047,2026-06-30,65855
2084,1047,2026-06-11,66301
2085,1048,2026-01-22,20093
2086,1048,2026-03-11,42240
2087,1048,2026-02-20,40207
2088,1049,2026-04-11,33738
2089,1049,2026-06-10,74080
2090,1050,2026-04-05,180594
2091,1050,2026-05-06,155954
2092,1052,2026-06-30,67517
2093,1052,2026-01-24,46791
2094,1052,2026-03-27,81226
2095,1053,2026-04-11,36128
2096,1054,2026-04-19,150861
2097,1054,2026-05-16,38400
2098,1054,2026-05-02,216226
2099,1054,2026-04-24,23041
2100,1055,2026-03-05,99823
2101,1055,2026-04-21,88877
2102,1055,2026-02-20,135839
2103,1056,2026-03-08,34512
2104,1056,2026-05-14,47611
2105,1057,2026-05-31,24286
2106,1057,2026-05-22,66860
2107,1057,2026-06-09,58965
2108,1058,2026-05-25,19469
2109,1058,2026-03-12,106993
2110,1058,2026-02-22,24467
2111,1058,2026-03-21,26337
2112,1059,2026-05-27,17576
2113,1059,2026-06-29,15218
2114,1059,2026-04-25,8390
2115,1059,2026-05-24,32824
2116,1060,2026-05-15,13653
2117,1060,2026-05-20,68330
2118,1060,2026-04-27,15535
2119,1060,2026-05-23,8472
2120,1061,2026-03-28,3213
2121,1062,2026-05-13,30771
2122,1063,2026-06-23,57892
2123,1064,2026-02-25,31217
2124,1065,2026-05-01,117547
2125,1065,2026-05-07,31612
2126,1065,2026-06-06,132902
2127,1065,2026-04-24,30011
2128,1066,2026-05-17,140949
2129,1066,2026-03-23,201204
2130,1066,2026-05-09,161336
2131,1067,2026-05-02,59593
2132,1067,2026-02-24,115073
2133,1068,2026-06-28,3088
2134,1068,2026-06-29,3883
2135,1068,2026-06-18,3328
2136,1069,2026-05-11,153443
2137,1069,2026-03-17,140779
2138,1069,2026-04-10,100829
2139,1070,2026-02-20,145933
2140,1070,2026-06-24,5739
2141,1072,2026-06-03,104324
2142,1072,2026-04-18,120956
2143,1072,2026-04-17,7192
2144,1073,2026-06-12,13725
2145,1073,2026-06-13,35217
2146,1075,2026-06-03,15015
2147,1076,2026-05-06,12341
2148,1076,2026-04-21,127864
2149,1076,2026-05-10,90900
2150,1076,2026-05-07,147440
2151,1077,2026-05-14,202357
2152,1077,2026-05-15,49296
2153,1077,2026-04-23,33737
2154,1078,2026-04-05,86526
2155,1078,2026-06-28,26267
2156,1078,2026-05-22,61754
2157,1079,2026-03-31,8386
2158,1079,2026-05-01,98127
2159,1079,2026-04-16,52693
2160,1079,2026-04-23,87299
2161,1080,2026-05-11,65835
2162,1080,2026-06-19,56784
2163,1080,2026-06-04,36481
2164,1081,2026-02-16,162204
2165,1081,2026-02-12,118604
2166,1082,2026-04-08,20637
2167,1082,2026-05-24,9464
2168,1083,2026-06-11,76860
2169,1083,2026-06-19,10606
2170,1084,2026-05-11,40378
2171,1084,2026-04-22,28991
2172,1084,2026-06-17,34618
2173,1084,2026-06-25,34163
2174,1085,2026-05-13,57989
2175,1085,2026-06-14,42414
2176,1085,2026-05-22,9204
2177,1085,2026-05-09,24794
2178,1086,2026-05-05,74194
2179,1086,2026-02-19,131171
2180,1087,2026-06-19,155020
2181,1087,2026-04-10,154573
2182,1087,2026-04-11,181746
2183,1087,2026-04-13,30403
2184,1088,2026-04-30,136450
2185,1088,2026-05-18,121015
2186,1088,2026-03-28,115829
2187,1088,2026-05-18,148073
2188,1089,2026-02-08,60225
2189,1089,2026-01-22,61571
2190,1089,2026-06-16,44013
2191,1089,2026-04-05,70352
2192,1090,2026-05-07,16563
2193,1091,2026-06-19,7159
2194,1091,2026-06-05,42369
2195,1091,2026-06-23,74436
2196,1091,2026-06-09,56438
2197,1092,2026-05-24,12031
2198,1093,2026-02-03,11462
2199,1093,2026-06-17,33587
2200,1093,2026-06-27,17469
2201,1093,2026-04-20,63168
2202,1094,2026-05-19,53986
2203,1094,2026-01-21,65496
2204,1094,2026-04-04,149586
2205,1094,2026-02-14,32979
2206,1095,2026-05-22,181933
2207,1096,2026-05-26,99454
2208,1096,2026-05-19,128754
2209,1096,2026-06-09,94603
2210,1097,2026-06-29,134184
2211,1098,2026-05-10,78328
2212,1099,2026-05-19,22930
2213,1100,2026-05-30,122446
2214,1101,2026-05-18,87153
2215,1102,2026-06-16,17511
2216,1102,2026-03-19,18128
2217,1102,2026-05-13,17621
2218,1102,2026-05-20,7735
2219,1103,2026-06-15,9399
2220,1104,2026-04-29,30504
2221,1104,2026-03-01,9778
2222,1105,2026-06-18,25329
2223,1105,2026-06-26,16741
2224,1106,2026-05-14,47519
2225,1107,2026-05-24,23595
2226,1108,2026-02-08,15143
2227,1108,2026-04-21,23529
2228,1108,2026-01-26,8048
2229,1108,2026-01-17,16561
2230,1109,2026-05-25,13809
2231,1110,2026-06-27,250454
2232,1110,2026-05-21,165096
2233,1110,2026-05-26,32421
2234,1112,2026-05-02,65193
2235,1112,2026-02-24,15101
2236,1113,2026-05-16,10629
2237,1114,2026-02-20,249753
2238,1114,2026-06-11,198041
2239,1114,2026-02-27,12850
2240,1115,2026-05-30,40335
2241,1115,2026-03-02,74032
2242,1115,2026-04-02,18555
2243,1116,2026-05-13,284373
2244,1116,2026-06-24,150702
2245,1116,2026-05-14,281945
2246,1117,2026-01-09,136695
2247,1117,2026-04-25,121964
2248,1117,2026-05-27,47436
2249,1118,2026-03-22,23865
2250,1118,2026-05-28,212636
2251,1119,2026-04-02,216072
2252,1119,2026-05-01,144823
2253,1119,2026-02-17,99299
2254,1119,2026-02-23,6100
2255,1120,2026-05-19,1195
2256,1120,2026-05-06,29548
2257,1121,2026-04-19,13186
2258,1121,2026-03-08,8429
2259,1122,2026-06-07,63448
2260,1122,2026-05-14,2389
2261,1123,2026-06-24,98276
2262,1123,2026-06-05,124872
2263,1123,2026-02-19,97994
2264,1124,2026-05-18,32127
2265,1124,2026-06-09,65046
2266,1124,2026-05-18,22622
2267,1125,2026-04-19,19201
2268,1127,2026-03-15,1147
2269,1127,2026-05-16,117743
2270,1128,2026-05-22,123570
2271,1129,2026-05-12,61919
2272,1129,2026-03-11,37408
2273,1129,2026-04-23,172633
2274,1129,2026-01-29,296940
2275,1130,2026-06-20,8939
2276,1130,2026-06-12,5696
2277,1130,2026-04-18,3839
2278,1130,2026-05-07,3940
2279,1131,2026-05-03,226120
2280,1131,2026-04-06,171447
2281,1131,2026-04-17,136554
2282,1132,2026-04-10,1448
2283,1133,2026-06-05,1497
2284,1133,2026-05-13,52378
2285,1133,2026-04-25,51780
2286,1134,2026-03-24,152566
2287,1135,2026-04-18,66826
2288,1136,2026-04-30,34132
2289,1136,2026-04-30,22446
2290,1136,2026-06-25,34656
2291,1137,2026-06-07,11526
2292,1138,2026-05-30,47863
2293,1138,2026-05-05,17979
2294,1138,2026-04-03,136480
2295,1138,2026-06-09,154796
2296,1139,2026-03-30,22564
2297,1139,2026-02-18,65784
2298,1140,2026-06-30,27340
2299,1142,2026-06-14,41786
2300,1142,2026-05-26,180239
2301,1142,2026-06-24,190204
2302,1143,2026-03-30,30288
2303,1143,2026-02-02,22711
2304,1145,2026-06-10,78080
2305,1145,2026-05-17,51357
2306,1145,2026-06-01,64061
2307,1145,2026-06-04,16809
2308,1147,2026-05-09,158932
2309,1147,2026-05-02,145568
2310,1147,2026-04-08,120509
2311,1148,2026-02-02,51907
2312,1151,2026-06-28,122156
2313,1152,2026-05-03,112276
2314,1152,2026-06-17,84901
2315,1152,2026-06-27,65692
2316,1152,2026-05-29,89332
2317,1154,2026-02-06,168638
2318,1154,2026-06-28,177015
2319,1154,2026-03-08,122073
2320,1155,2026-05-20,10615
2321,1156,2026-05-31,51367
2322,1156,2026-06-28,99919
2323,1157,2026-04-23,88118
2324,1158,2026-05-03,45336
2325,1160,2026-05-28,1578
2326,1160,2026-05-29,13573
2327,1161,2026-03-02,126005
2328,1164,2026-06-20,97670
2329,1164,2026-06-26,141843
2330,1166,2026-04-30,14541
2331,1167,2026-03-31,114568
2332,1167,2026-01-30,146544
2333,1167,2026-03-26,142539
2334,1168,2026-06-29,162423
2335,1168,2026-05-23,145190
2336,1169,2026-05-07,24616
2337,1169,2026-03-19,12404
2338,1169,2026-06-12,16449
2339,1170,2026-04-21,47648
2340,1170,2026-05-27,78085
2341,1171,2026-06-13,96259
2342,1171,2026-05-13,6688
2343,1171,2026-06-30,12690
2344,1172,2026-05-02,41765
2345,1173,2026-03-24,2719
2346,1174,2026-01-24,22532
2347,1174,2026-04-29,15813
2348,1175,2026-06-04,9829
2349,1176,2026-06-21,158586
2350,1176,2026-01-29,36100
2351,1176,2026-02-20,31907
2352,1176,2026-05-22,64629
2353,1178,2026-05-14,34582
2354,1178,2026-04-06,225125
2355,1178,2026-04-17,125112
2356,1179,2026-02-26,56800
2357,1179,2026-03-26,59794
2358,1179,2026-01-28,4466
2359,1179,2026-06-27,75852
2360,1181,2026-06-26,56019
2361,1181,2026-04-07,37588
2362,1182,2026-06-25,242694
2363,1182,2026-03-20,74220
2364,1182,2026-06-16,245390
2365,1182,2026-04-18,67505
2366,1185,2026-05-13,91070
2367,1185,2026-06-02,230241
2368,1185,2026-05-23,71766
2369,1185,2026-04-04,91125
2370,1186,2026-05-30,93449
2371,1187,2026-04-06,22302
2372,1188,2026-06-07,108455
2373,1189,2026-03-17,49525
2374,1190,2026-03-09,13274
2375,1190,2026-05-23,30123
2376,1190,2026-02-26,1758
2377,1191,2026-04-23,47397
2378,1191,2026-06-02,2930
2379,1191,2026-06-20,30919
2380,1191,2026-05-17,23736
2381,1192,2026-05-03,68888
2382,1192,2026-03-15,187791
2383,1192,2026-05-07,115104
2384,1192,2026-04-12,36970
2385,1193,2026-05-14,61807
2386,1194,2026-02-06,90176
2387,1194,2026-06-01,135112
2388,1195,2026-05-03,23632
2389,1195,2026-06-19,22970
2390,1196,2026-03-01,49460
2391,1196,2026-02-07,50610
2392,1196,2026-05-26,55790
2393,1196,2026-01-13,75425
2394,1197,2026-03-10,127277
2395,1197,2026-01-24,46712
2396,1198,2026-06-07,120435
2397,1200,2026-05-23,41378
2398,1200,2026-06-15,6375
2399,1200,2026-06-12,60562
2400,1200,2026-05-26,74675
2401,1201,2026-03-20,118889
2402,1201,2026-06-14,30870
2403,1202,2026-04-27,124470
2404,1202,2026-04-29,144653
2405,1202,2026-05-05,48981
2406,1203,2026-03-23,218427
2407,1205,2026-03-08,108968
2408,1205,2026-02-06,33082
2409,1205,2026-03-02,211878
2410,1206,2026-05-07,81702
2411,1206,2026-06-07,89198
2412,1206,2026-06-30,71321
2413,1206,2026-06-02,21937
2414,1208,2026-05-19,149263
2415,1208,2026-04-28,110719
2416,1210,2026-04-26,8316
2417,1210,2026-05-07,31898
2418,1210,2026-04-22,1365
2419,1210,2026-05-25,25700
2420,1211,2026-04-08,7104
2421,1211,2026-03-06,1096
2422,1211,2026-01-25,30410
2423,1211,2026-05-15,8499
2424,1213,2026-05-21,39795
2425,1216,2026-06-08,3871
2426,1217,2026-02-20,1586
2427,1219,2026-05-04,34337
2428,1220,2026-05-29,69738
2429,1220,2026-05-15,25185
2430,1220,2026-06-10,54835
2431,1220,2026-05-13,82249
2432,1221,2026-05-31,153936
2433,1221,2026-05-03,47378
2434,1221,2026-05-27,91374
2435,1221,2026-06-23,160979
2436,1222,2026-06-19,135943
2437,1222,2026-06-18,130874
2438,1222,2026-06-13,50097
2439,1224,2026-06-24,39481
2440,1224,2026-04-06,18652
2441,1224,2026-01-26,60461
2442,1225,2026-05-30,284192
2443,1225,2026-05-17,172560
2444,1225,2026-03-20,156777
2445,1225,2026-04-24,72005
2446,1226,2026-03-29,31425
2447,1226,2026-05-27,75740
2448,1228,2026-05-16,4527
2449,1228,2026-05-04,3729
2450,1228,2026-06-08,2252
2451,1228,2026-05-26,7262
2452,1229,2026-05-13,42385
2453,1229,2026-03-24,13705
2454,1229,2026-05-25,7793
2455,1229,2026-05-25,65250
2456,1230,2026-04-27,41764
2457,1230,2026-05-13,39717
2458,1232,2026-05-03,166117
2459,1232,2026-06-05,181371
2460,1232,2026-05-23,205799
2461,1233,2026-04-02,202078
2462,1233,2026-02-21,135109
2463,1234,2026-05-03,69307
2464,1234,2026-05-19,163307
2465,1234,2026-05-15,176394
2466,1236,2026-06-13,78144
2467,1237,2026-05-22,178181
2468,1238,2026-05-02,128764
2469,1238,2026-06-15,133537
2470,1238,2026-06-04,159628
2471,1239,2026-03-10,25810
2472,1239,2026-04-09,7307
2473,1239,2026-04-02,36200
2474,1241,2026-05-03,204154
2475,1241,2026-05-03,70347
2476,1241,2026-03-23,95268
2477,1242,2026-06-15,102780
2478,1243,2026-02-03,154784
2479,1244,2026-04-14,9594
2480,1244,2026-05-29,6179
2481,1244,2026-06-08,7554
2482,1244,2026-06-06,16075
2483,1245,2026-06-28,78404
2484,1245,2026-06-02,85326
2485,1245,2026-06-03,213682
2486,1246,2026-06-02,5270
2487,1246,2026-03-29,148078
2488,1246,2026-05-29,144661
2489,1246,2026-04-27,103049
2490,1247,2026-05-23,54398
2491,1247,2026-05-05,2582
2492,1249,2026-02-09,150967
2493,1249,2026-02-27,98889
2494,1249,2026-03-31,47987
2495,1250,2026-03-15,153967
2496,1250,2026-06-09,84707
2497,1250,2026-03-24,121647
2498,1251,2026-06-21,213135
2499,1251,2026-06-11,113621
2500,1252,2026-06-12,128342
2501,1253,2026-05-19,38892
2502,1253,2026-05-14,6232
2503,1253,2026-06-07,114846
2504,1254,2026-05-28,125098
2505,1254,2026-05-18,164040
2506,1254,2026-06-10,59676
2507,1255,2026-03-24,50518
2508,1255,2026-06-06,46924
2509,1255,2026-04-10,74112
2510,1255,2026-03-20,37254
2511,1256,2026-05-12,90678
2512,1256,2026-05-07,102975
2513,1257,2026-06-08,62268
2514,1257,2026-04-02,29618
2515,1257,2026-05-26,10887
2516,1259,2026-04-19,21958
2517,1259,2026-05-19,6244
2518,1259,2026-05-12,54062
2519,1260,2026-05-31,207987
2520,1260,2026-06-28,68551
2521,1260,2026-05-29,113000
2522,1260,2026-06-16,155475
2523,1261,2026-06-09,140897
2524,1262,2026-01-28,5268
2525,1262,2026-03-14,20197
2526,1263,2026-06-01,263766
2527,1263,2026-06-26,75104
2528,1263,2026-05-12,68511
2529,1263,2026-06-01,237061
2530,1266,2026-05-28,27265
2531,1266,2026-05-26,1485
2532,1266,2026-06-09,28439
2533,1267,2026-05-07,226943
2534,1267,2026-04-02,3999
2535,1267,2026-05-21,28421
2536,1268,2026-04-02,14219
2537,1269,2026-06-28,12854
2538,1270,2026-06-09,18357
2539,1270,2026-05-11,125683
2540,1270,2026-06-15,128085
2541,1272,2026-05-21,140053
2542,1272,2026-04-17,37677
2543,1273,2026-05-08,49353
2544,1273,2026-06-30,60575
2545,1273,2026-04-24,35254
2546,1274,2026-05-24,111175
2547,1274,2026-06-24,65144
2548,1274,2026-05-28,201921
2549,1274,2026-06-10,45122
2550,1275,2026-05-10,252954
2551,1275,2026-04-29,271718
2552,1275,2026-05-29,52724
2553,1276,2026-03-02,132243
2554,1276,2026-03-01,78306
2555,1276,2026-04-25,101003
2556,1276,2026-06-16,90099
2557,1277,2026-02-12,66875
2558,1277,2026-03-21,20857
2559,1277,2026-06-06,30884
2560,1277,2026-02-20,90038
2561,1278,2026-06-18,74549
2562,1278,2026-05-31,118080
2563,1278,2026-04-29,69023
2564,1278,2026-06-15,165395
2565,1279,2026-06-08,16224
2566,1279,2026-04-04,153313
2567,1279,2026-05-27,97886
2568,1279,2026-06-26,160521
2569,1280,2026-05-09,179587
2570,1280,2026-05-10,48292
2571,1280,2026-06-22,166569
2572,1281,2026-06-04,43404
2573,1281,2026-06-17,35274
2574,1281,2026-06-18,26360
2575,1281,2026-04-08,52389
2576,1282,2026-06-19,68027
2577,1282,2026-06-30,40818
2578,1285,2026-05-20,71222
2579,1285,2026-04-20,15920
2580,1285,2026-05-07,83285
2581,1286,2026-06-29,7485
2582,1286,2026-06-30,61791
2583,1287,2026-04-01,21993
2584,1287,2026-04-23,58564
2585,1287,2026-06-03,14691
2586,1288,2026-05-28,7282
2587,1288,2026-05-07,55343
2588,1288,2026-05-18,77450
2589,1289,2026-05-28,21164
2590,1290,2026-04-27,126701
2591,1290,2026-06-19,16354
2592,1292,2026-05-30,62118
2593,1293,2026-05-21,64048
2594,1293,2026-04-20,46585
2595,1293,2026-05-02,36239
2596,1294,2026-05-23,56178
2597,1295,2026-05-15,28694
2598,1296,2026-03-25,200024
2599,1297,2026-04-25,168604
2600,1298,2026-04-22,48334
2601,1299,2026-05-05,73349
2602,1299,2026-06-20,192683
2603,1301,2026-06-10,8222
2604,1304,2026-05-16,104768
2605,1304,2026-06-01,38802
2606,1304,2026-05-07,139033
2607,1305,2026-05-17,218826
2608,1305,2026-05-27,45092
2609,1307,2026-03-23,18103
2610,1308,2026-03-19,11051
2611,1308,2026-06-21,8327
2612,1308,2026-03-15,4310
2613,1308,2026-03-10,8465
2614,1309,2026-05-04,40112
2615,1309,2026-05-20,59027
2616,1309,2026-04-18,1652
2617,1310,2026-06-25,73542
2618,1311,2026-05-18,55590
2619,1311,2026-05-14,14792
2620,1311,2026-05-27,62961
2621,1312,2026-05-20,89621
2622,1313,2026-06-25,54847
2623,1313,2026-06-22,44060
2624,1314,2026-06-21,45158
2625,1315,2026-06-12,4030
2626,1316,2026-01-06,37299
2627,1316,2026-02-06,37433
2628,1316,2026-03-13,26336
2629,1317,2026-04-05,220762
2630,1317,2026-05-31,197258
2631,1318,2026-06-28,106712
2632,1318,2026-05-22,83655
2633,1318,2026-05-11,2487
2634,1318,2026-06-26,52827
2635,1319,2026-04-12,119357
2636,1319,2026-06-18,108923
2637,1319,2026-05-06,59771
2638,1321,2026-04-30,143998
2639,1321,2026-03-09,24228
2640,1321,2026-06-13,19653
2641,1321,2026-04-18,130400
2642,1323,2026-05-25,4901
2643,1323,2026-02-19,18835
2644,1323,2026-03-01,25510
2645,1324,2026-04-12,87278
2646,1324,2026-04-07,146101
2647,1324,2026-03-12,41877
2648,1324,2026-04-14,55926
2649,1325,2026-05-29,104180
2650,1325,2026-02-17,13960
2651,1327,2026-06-14,223595
2652,1327,2026-06-09,97600
2653,1327,2026-04-20,100762
2654,1328,2026-05-31,75438
2655,1328,2026-06-12,20958
2656,1330,2026-06-09,73330
2657,1330,2026-05-19,138812
2658,1330,2026-05-23,112652
2659,1330,2026-06-07,75010
2660,1331,2026-06-01,96436
2661,1331,2026-04-16,78658
2662,1333,2026-03-03,3135
2663,1334,2026-05-25,66732
2664,1335,2026-03-22,73884
2665,1336,2026-05-14,9781
2666,1336,2026-06-28,20835
2667,1336,2026-04-16,4795
2668,1336,2026-06-26,13223
2669,1337,2026-03-23,117128
2670,1337,2026-06-11,44183
2671,1338,2026-06-16,14412
2672,1338,2026-04-02,38709
2673,1339,2026-06-09,27869
2674,1339,2026-06-26,19863
2675,1339,2026-05-19,42209
2676,1339,2026-05-13,37084
2677,1340,2026-05-24,1817
2678,1340,2026-04-27,8449
2679,1340,2026-05-23,4781
2680,1340,2026-03-11,5781
2681,1341,2026-04-13,145847
2682,1341,2026-06-28,91303
2683,1342,2026-06-29,18033
2684,1343,2026-06-15,55821
2685,1345,2026-05-02,83660
2686,1345,2026-06-21,74869
2687,1346,2026-04-30,37379
2688,1347,2026-03-03,15834
2689,1347,2026-02-28,19319
2690,1347,2026-05-14,10163
2691,1348,2026-03-05,6794
2692,1348,2026-04-05,12769
2693,1348,2026-05-17,6770
2694,1348,2026-03-28,13532
2695,1349,2026-04-11,8843
2696,1349,2026-05-14,7935
2697,1349,2026-04-06,21283
2698,1349,2026-06-12,17036
2699,1351,2026-05-23,181422
2700,1351,2026-05-25,72678
2701,1352,2026-05-28,76923
2702,1352,2026-05-18,193391
2703,1352,2026-05-15,220641
2704,1353,2026-06-19,47345
2705,1353,2026-06-12,170896
2706,1354,2026-06-23,8201
2707,1354,2026-06-01,87793
2708,1354,2026-05-31,82913
2709,1354,2026-06-05,21431
2710,1355,2026-06-15,53015
2711,1357,2026-03-11,39929
2712,1357,2026-03-02,20175
2713,1357,2026-03-15,38539
2714,1357,2026-04-06,115649
2715,1359,2026-05-14,128887
2716,1360,2026-05-26,116680
2717,1360,2026-06-05,77940
2718,1360,2026-04-11,112636
2719,1360,2026-04-26,44171
2720,1361,2026-05-28,280881
2721,1361,2026-05-04,58596
2722,1361,2026-06-08,29435
2723,1362,2026-05-27,68476
2724,1363,2026-05-22,61485
2725,1363,2026-06-30,91383
2726,1363,2026-06-29,88573
2727,1364,2026-03-29,98931
2728,1365,2026-05-22,32997
2729,1365,2026-02-12,30181
2730,1365,2026-03-31,26914
2731,1366,2026-05-26,143380
2732,1366,2026-06-30,54632
2733,1368,2026-04-19,110918
2734,1368,2026-06-14,149965
2735,1372,2026-03-22,14091
2736,1372,2026-05-15,12026
2737,1372,2026-02-26,168552
2738,1372,2026-06-23,28029
2739,1373,2026-06-02,70090
2740,1373,2026-03-03,85651
2741,1373,2026-02-05,64403
2742,1373,2026-02-02,58138
2743,1374,2026-06-09,150759
2744,1374,2026-05-29,217688
2745,1374,2026-05-25,115960
2746,1374,2026-06-15,152818
2747,1375,2026-06-21,94464
2748,1375,2026-01-25,142326
2749,1376,2026-06-09,13355
2750,1377,2026-06-10,94726
2751,1377,2026-05-29,202456
2752,1377,2026-04-14,117380
2753,1379,2026-06-27,17812
2754,1379,2026-05-22,52109
2755,1381,2026-06-27,112249
2756,1381,2026-06-17,91667
2757,1381,2026-06-05,59593
2758,1382,2026-06-14,48810
2759,1382,2026-06-10,46857
2760,1382,2026-06-17,53774
2761,1383,2026-04-19,34340
2762,1384,2026-01-16,111450
2763,1386,2026-05-23,263350
2764,1386,2026-06-28,188777
2765,1386,2026-05-20,47797
2766,1386,2026-06-02,57516
2767,1387,2026-06-05,77678
2768,1387,2026-04-13,75442
2769,1389,2026-05-29,15225
2770,1389,2026-02-24,14157
2771,1389,2026-03-07,6859
2772,1390,2026-02-08,18073
2773,1390,2026-01-10,24826
2774,1390,2026-03-30,27527
2775,1391,2026-03-16,24205
2776,1391,2026-04-23,110440
2777,1391,2026-05-29,45667
2778,1393,2026-05-23,14899
2779,1393,2026-02-27,17024
2780,1393,2026-04-22,41165
2781,1393,2026-06-25,33584
2782,1394,2026-06-29,31511
2783,1394,2026-06-21,54502
2784,1394,2026-06-05,4772
2785,1395,2026-06-09,121557
2786,1396,2026-06-13,235643
2787,1397,2026-06-07,77124
2788,1397,2026-05-04,32698
2789,1398,2026-06-14,5089
2790,1398,2026-06-10,4583
2791,1399,2026-06-13,276556
2792,1399,2026-05-20,21645
2793,1400,2026-05-07,169443
2794,1401,2026-02-17,103609
2795,1401,2026-04-19,130343
2796,1401,2026-02-13,45804
2797,1401,2026-05-07,106250
2798,1402,2026-02-26,6485
2799,1403,2026-05-16,193664
2800,1403,2026-04-26,261066
2801,1403,2026-06-25,27056
2802,1404,2026-05-24,105137
2803,1404,2026-05-15,266644
2804,1404,2026-06-30,156542
2805,1404,2026-06-04,120873
2806,1405,2026-05-24,148024
2807,1405,2026-05-30,67013
2808,1405,2026-06-26,64925
2809,1405,2026-06-18,113885
2810,1409,2026-06-24,65418
2811,1410,2026-04-04,238531
2812,1410,2026-05-16,212320
2813,1410,2026-03-02,30100
2814,1411,2026-06-16,119949
2815,1412,2026-05-18,27187
2816,1412,2026-05-19,58968
2817,1412,2026-04-29,51498
2818,1413,2026-06-23,4767
2819,1413,2026-06-25,34756
2820,1413,2026-06-23,16535
2821,1414,2026-06-03,155710
2822,1414,2026-02-17,38444
2823,1414,2026-05-08,110778
2824,1414,2026-02-10,60654
2825,1415,2026-06-27,48422
2826,1415,2026-06-26,153962
2827,1416,2026-04-26,63271
2828,1418,2026-06-06,64413
2829,1418,2026-06-27,16558
2830,1418,2026-05-17,15051
2831,1418,2026-05-28,3070
2832,1419,2026-04-24,134492
2833,1420,2026-01-26,30860
2834,1420,2026-02-24,95105
2835,1420,2026-05-31,149079
2836,1421,2026-04-10,1560
2837,1421,2026-05-14,6073
2838,1421,2026-03-30,1905
2839,1422,2026-05-21,36501
2840,1422,2026-03-23,7308
2841,1422,2026-04-18,5949
2842,1423,2026-05-25,26819
2843,1423,2026-06-14,89095
2844,1423,2026-05-28,69546
2845,1423,2026-06-16,84515
2846,1424,2026-06-13,81283
2847,1424,2026-05-30,128426
2848,1424,2026-05-14,127390
2849,1424,2026-05-05,13103
2850,1426,2026-06-10,43206
2851,1426,2026-06-15,139847
2852,1426,2026-04-04,160348
2853,1426,2026-04-05,137074
2854,1427,2026-05-25,56791
2855,1428,2026-06-23,63629
2856,1428,2026-06-28,38551
2857,1428,2026-05-17,7099
2858,1428,2026-05-15,96608
2859,1429,2026-03-11,112217
2860,1429,2026-01-18,58255
2861,1429,2026-02-15,78819
2862,1430,2026-03-24,135049
2863,1430,2026-06-27,30542
2864,1431,2026-04-10,122281
2865,1431,2026-05-15,15840
2866,1431,2026-06-11,116285
2867,1431,2026-05-31,120452
2868,1432,2026-04-11,30236
2869,1432,2026-02-10,9442
2870,1432,2026-02-11,35632
2871,1432,2026-03-08,50429
2872,1435,2026-04-28,141125
2873,1435,2026-06-09,3467
2874,1435,2026-06-17,21177
2875,1435,2026-05-25,56380
2876,1436,2026-06-20,37736
2877,1436,2026-04-28,5655
2878,1436,2026-05-14,38614
2879,1437,2026-06-16,81467
2880,1437,2026-04-09,70059
2881,1437,2026-05-11,36095
2882,1438,2026-04-13,158647
2883,1439,2026-05-30,21201
2884,1440,2026-04-27,99497
2885,1441,2026-03-26,52206
2886,1441,2026-04-23,132957
2887,1442,2026-06-14,113367
2888,1442,2026-05-20,174434
2889,1442,2026-06-26,95991
2890,1442,2026-06-07,207637
2891,1443,2026-05-24,57568
2892,1444,2026-06-01,45757
2893,1445,2026-04-28,4779
2894,1445,2026-05-25,27182
2895,1446,2026-06-10,93022
2896,1446,2026-03-28,24818
2897,1446,2026-06-05,112620
2898,1447,2026-04-25,9109
2899,1447,2026-05-30,4152
2900,1448,2026-03-29,41403
2901,1448,2026-06-16,12877
2902,1449,2026-04-29,204257
2903,1450,2026-03-29,11710
2904,1450,2026-02-19,5817
2905,1451,2026-04-09,17672
2906,1451,2026-05-30,34274
2907,1451,2026-05-21,51858
2908,1451,2026-05-11,54210
2909,1452,2026-05-02,108060
2910,1452,2026-05-03,12381
2911,1453,2026-05-12,111611
2912,1453,2026-05-02,86657
2913,1453,2026-06-21,85598
2914,1455,2026-06-04,136378
2915,1455,2026-05-29,9598
2916,1455,2026-06-04,56832
2917,1455,2026-06-01,12664
2918,1457,2026-06-10,21073
2919,1457,2026-06-05,191833
2920,1458,2026-04-24,170976
2921,1458,2026-06-13,176701
2922,1459,2026-04-24,142273
2923,1461,2026-03-31,23035
2924,1461,2026-04-22,1402
2925,1462,2026-06-17,50482
2926,1462,2026-06-13,97829
2927,1462,2026-04-12,33060
2928,1462,2026-05-21,14756
2929,1463,2026-03-04,94593
2930,1463,2026-04-17,59784
2931,1463,2026-03-23,110864
2932,1464,2026-06-19,197258
2933,1464,2026-06-23,143928
2934,1464,2026-06-21,151394
2935,1468,2026-04-21,90641
2936,1469,2026-01-24,25145
2937,1469,2026-01-19,3298
2938,1469,2026-03-07,25104
2939,1469,2026-06-02,11081
2940,1470,2026-05-05,146060
2941,1470,2026-02-11,224548
2942,1470,2026-04-11,164556
2943,1471,2026-05-13,6621
2944,1471,2026-06-21,1274
2945,1471,2026-02-24,11516
2946,1472,2026-05-22,11209
2947,1473,2026-03-25,45509
2948,1473,2026-05-01,35229
2949,1473,2026-06-22,40220
2950,1473,2026-06-17,40642
2951,1474,2026-03-25,8878
2952,1474,2026-04-28,14734
2953,1474,2026-06-13,2344
2954,1474,2026-05-11,13250
2955,1475,2026-06-08,167870
2956,1475,2026-05-15,42174
2957,1475,2026-06-19,111120
2958,1476,2026-04-26,15496
2959,1476,2026-04-18,61386
2960,1476,2026-03-06,82373
2961,1476,2026-06-06,29197
2962,1477,2026-02-28,26243
2963,1477,2026-02-12,17981
2964,1478,2026-04-27,54270
2965,1478,2026-06-09,34194
2966,1478,2026-04-24,165833
2967,1478,2026-04-29,248559
2968,1479,2026-04-26,11221
2969,1481,2026-06-12,84824
2970,1481,2026-06-09,107634
2971,1482,2026-06-03,4609
2972,1483,2026-04-23,9781
2973,1483,2026-06-15,27509
2974,1484,2026-02-28,200994
2975,1484,2026-06-06,16978
2976,1484,2026-04-01,102477
2977,1485,2026-05-18,36039
2978,1485,2026-06-27,81699
2979,1485,2026-04-27,17884
2980,1486,2026-06-29,21701
2981,1487,2026-04-10,7106
2982,1487,2026-03-19,229229
2983,1487,2026-05-12,167347
2984,1487,2026-05-22,192018
2985,1488,2026-05-26,164431
2986,1488,2026-05-24,20416
2987,1488,2026-06-22,103066
2988,1488,2026-06-06,14753
2989,1489,2026-06-25,64175
2990,1489,2026-05-20,37319
2991,1490,2026-05-28,170162
2992,1490,2026-05-06,129918
2993,1491,2026-05-24,81642
2994,1492,2026-06-04,34054
2995,1493,2026-03-26,138766
2996,1494,2026-06-15,115719
2997,1494,2026-05-20,141929
2998,1495,2026-04-06,37232
2999,1495,2026-06-24,9437
3000,1495,2026-05-02,84376
3001,1497,2026-05-17,38722
3002,1497,2026-06-28,43743
3003,1498,2026-05-13,88762
3004,1498,2026-05-04,201052
3005,1498,2026-05-24,26595
3006,1498,2026-06-19,273577
3007,1500,2026-04-18,105630
3008,1500,2026-04-29,196787
3009,1500,2026-06-24,28348
3010,1500,2026-04-08,91680
