Date,month_label,month_number
2026-01-01,Jan,1
2026-01-02,Jan,1
2026-01-03,Jan,1
2026-01-04,Jan,1
2026-01-05,Jan,1
2026-01-06,Jan,1
2026-01-07,Jan,1
2026-01-08,Jan,1
2026-01-09,Jan,1
2026-01-10,Jan,1
2026-01-11,Jan,1
2026-01-12,Jan,1
2026-01-13,Jan,1
2026-01-14,Jan,1
2026-01-15,Jan,1
2026-01-16,Jan,1
2026-01-17,Jan,1
2026-01-18,Jan,1
2026-01-19,Jan,1
2026-01-20,Jan,1
2026-01-21,Jan,1
2026-01-22,Jan,1
2026-01-23,Jan,1
2026-01-24,Jan,1
2026-01-25,Jan,1
2026-01-26,Jan,1
2026-01-27,Jan,1
2026-01-28,Jan,1
2026-01-29,Jan,1
2026-01-30,Jan,1
2026-01-31,Jan,1
2026-02-01,Feb,2
2026-02-02,Feb,2
2026-02-03,Feb,2
2026-02-04,Feb,2
2026-02-05,Feb,2
2026-02-06,Feb,2
2026-02-07,Feb,2
2026-02-08,Feb,2
2026-02-09,Feb,2
2026-02-10,Feb,2
2026-02-11,Feb,2
2026-02-12,Feb,2
2026-02-13,Feb,2
2026-02-14,Feb,2
2026-02-15,Feb,2
2026-02-16,Feb,2
2026-02-17,Feb,2
2026-02-18,Feb,2
2026-02-19,Feb,2
2026-02-20,Feb,2
2026-02-21,Feb,2
2026-02-22,Feb,2
2026-02-23,Feb,2
2026-02-24,Feb,2
2026-02-25,Feb,2
2026-02-26,Feb,2
2026-02-27,Feb,2
2026-02-28,Feb,2
2026-03-01,Mar,3
2026-03-02,Mar,3
2026-03-03,Mar,3
2026-03-04,Mar,3
2026-03-05,Mar,3
2026-03-06,Mar,3
2026-03-07,Mar,3
2026-03-08,Mar,3
2026-03-09,Mar,3
2026-03-10,Mar,3
2026-03-11,Mar,3
2026-03-12,Mar,3
2026-03-13,Mar,3
2026-03-14,Mar,3
2026-03-15,Mar,3
2026-03-16,Mar,3
2026-03-17,Mar,3
2026-03-18,Mar,3
2026-03-19,Mar,3
2026-03-20,Mar,3
2026-03-21,Mar,3
2026-03-22,Mar,3
2026-03-23,Mar,3
2026-03-24,Mar,3
2026-03-25,Mar,3
2026-03-26,Mar,3
2026-03-27,Mar,3
2026-03-28,Mar,3
2026-03-29,Mar,3
2026-03-30,Mar,3
2026-03-31,Mar,3
2026-04-01,Apr,4
2026-04-02,Apr,4
2026-04-03,Apr,4
2026-04-04,Apr,4
2026-04-05,Apr,4
2026-04-06,Apr,4
2026-04-07,Apr,4
2026-04-08,Apr,4
2026-04-09,Apr,4
2026-04-10,Apr,4
2026-04-11,Apr,4
2026-04-12,Apr,4
2026-04-13,Apr,4
2026-04-14,Apr,4
2026-04-15,Apr,4
2026-04-16,Apr,4
2026-04-17,Apr,4
2026-04-18,Apr,4
2026-04-19,Apr,4
2026-04-20,Apr,4
2026-04-21,Apr,4
2026-04-22,Apr,4
2026-04-23,Apr,4
2026-04-24,Apr,4
2026-04-25,Apr,4
2026-04-26,Apr,4
2026-04-27,Apr,4
2026-04-28,Apr,4
2026-04-29,Apr,4
2026-04-30,Apr,4
2026-05-01,May,5
2026-05-02,May,5
2026-05-03,May,5
2026-05-04,May,5
2026-05-05,May,5
2026-05-06,May,5
2026-05-07,May,5
2026-05-08,May,5
2026-05-09,May,5
2026-05-10,May,5
2026-05-11,May,5
2026-05-12,May,5
2026-05-13,May,5
2026-05-14,May,5
2026-05-15,May,5
2026-05-16,May,5
2026-05-17,May,5
2026-05-18,May,5
2026-05-19,May,5
2026-05-20,May,5
2026-05-21,May,5
2026-05-22,May,5
2026-05-23,May,5
2026-05-24,May,5
2026-05-25,May,5
2026-05-26,May,5
2026-05-27,May,5
2026-05-28,May,5
2026-05-29,May,5
2026-05-30,May,5
2026-05-31,May,5
2026-06-01,Jun,6
2026-06-02,Jun,6
2026-06-03,Jun,6
2026-06-04,Jun,6
2026-06-05,Jun,6
2026-06-06,Jun,6
2026-06-07,Jun,6
2026-06-08,Jun,6
2026-06-09,Jun,6
2026-06-10,Jun,6
2026-06-11,Jun,6
2026-06-12,Jun,6
2026-06-13,Jun,6
2026-06-14,Jun,6
2026-06-15,Jun,6
2026-06-16,Jun,6
2026-06-17,Jun,6
2026-06-18,Jun,6
2026-06-19,Jun,6
2026-06-20,Jun,6
2026-06-21,Jun,6
2026-06-22,Jun,6
2026-06-23,Jun,6
2026-06-24,Jun,6
2026-06-25,Jun,6
2026-06-26,Jun,6
2026-06-27,Jun,6
2026-06-28,Jun,6
2026-06-29,Jun,6
2026-06-30,Jun,6
