payment_id,account_id,payment_date,amount
1,1,2026-02-20,28.21
2,3,2026-01-26,1987.57
3,4,2026-06-30,385.54
4,4,2026-06-23,589.45
5,5,2026-05-26,1582.27
6,6,2026-03-12,1399.34
7,6,2026-04-09,1028.21
8,6,2026-03-30,678.45
9,6,2026-02-26,875.76
10,7,2026-06-30,317.53
11,8,2026-05-23,143.12
12,8,2026-05-26,215.07
13,9,2026-06-20,735.23
14,9,2026-06-03,396.91
15,10,2026-04-18,933.2
16,12,2026-02-26,33.96
17,13,2026-01-29,571.07
18,14,2026-01-23,321.95
19,14,2026-01-11,427.29
20,14,2026-02-21,470.61
21,14,2026-05-16,64.18
22,15,2026-04-08,92.09
23,15,2026-06-17,765.97
24,17,2026-05-19,2274.12
25,17,2026-05-06,2002.67
26,17,2026-05-27,1558.63
27,18,2026-04-19,149.65
28,18,2026-05-17,16.8
29,19,2026-04-04,2052.54
30,19,2026-06-04,1910.13
31,19,2026-06-06,646.33
32,20,2026-06-01,18.87
33,20,2026-06-29,445.44
34,21,2026-06-26,774.01
35,21,2026-04-24,2546.93
36,27,2026-06-14,498.6
37,28,2026-06-14,701.68
38,28,2026-06-09,420.78
39,28,2026-06-11,519.39
40,30,2026-03-21,2827.41
41,30,2026-03-19,2919.34
42,30,2026-04-19,2577.13
43,31,2026-06-05,102.0
44,31,2026-05-24,91.09
45,31,2026-05-25,90.56
46,32,2026-06-16,1933.41
47,32,2026-05-21,228.15
48,32,2026-03-25,2874.46
49,32,2026-02-24,2239.03
50,33,2026-04-22,1816.52
51,33,2026-06-28,2267.18
52,33,2026-05-12,1668.77
53,33,2026-06-29,445.11
54,34,2026-06-22,768.46
55,34,2026-06-18,710.82
56,35,2026-05-04,173.62
57,36,2026-05-28,1201.95
58,36,2026-06-21,867.96
59,38,2026-03-15,1815.1
60,39,2026-03-07,150.65
61,40,2026-01-22,22.17
62,40,2026-02-19,460.32
63,40,2026-02-22,563.53
64,41,2026-06-03,44.9
65,41,2026-06-22,77.45
66,43,2026-06-09,397.37
67,43,2026-06-27,81.52
68,43,2026-04-18,1050.42
69,44,2026-05-03,151.38
70,44,2026-06-30,49.62
71,45,2026-05-01,361.52
72,46,2026-02-02,323.11
73,47,2026-06-14,164.73
74,47,2026-04-19,48.47
75,48,2026-05-04,161.17
76,48,2026-04-05,676.92
77,48,2026-04-06,67.72
78,48,2026-04-10,330.53
79,49,2026-05-13,250.79
80,50,2026-04-27,536.04
81,50,2026-06-29,1487.98
82,51,2026-06-03,72.67
83,51,2026-06-29,918.12
84,51,2026-06-10,35.15
85,52,2026-06-08,1110.52
86,53,2026-05-22,1372.51
87,54,2026-05-14,1223.78
88,54,2026-04-27,928.45
89,55,2026-04-30,1194.67
90,56,2026-04-24,692.01
91,56,2026-05-23,91.47
92,58,2026-04-11,130.55
93,59,2026-01-20,660.28
94,59,2026-05-02,511.65
95,59,2026-04-13,236.5
96,60,2026-03-11,1265.75
97,60,2026-04-08,239.95
98,60,2026-03-21,1014.05
99,60,2026-03-29,1108.99
100,61,2026-05-07,163.59
101,61,2026-04-08,1397.87
102,62,2026-03-16,240.81
103,64,2026-05-15,160.38
104,64,2026-06-09,43.0
105,65,2026-05-30,82.69
106,66,2026-06-06,1828.12
107,66,2026-05-14,595.2
108,66,2026-05-31,1001.91
109,66,2026-05-29,1934.12
110,67,2026-06-01,82.38
111,67,2026-06-04,172.58
112,67,2026-05-30,118.51
113,67,2026-06-17,87.98
114,68,2026-05-13,23.62
115,68,2026-05-04,50.39
116,68,2026-06-16,38.77
117,69,2026-02-15,115.45
118,69,2026-02-19,368.51
119,69,2026-06-28,231.47
120,70,2026-05-23,1508.86
121,70,2026-04-02,1296.99
122,70,2026-04-29,152.88
123,72,2026-05-11,161.39
124,72,2026-06-22,530.96
125,72,2026-04-30,651.06
126,73,2026-06-06,1162.75
127,73,2026-05-06,700.48
128,74,2026-05-07,2204.83
129,74,2026-05-12,2499.44
130,74,2026-04-29,1245.44
131,74,2026-03-10,1576.84
132,76,2026-06-20,2749.72
133,76,2026-03-26,2209.88
134,76,2026-03-31,2182.87
135,76,2026-05-23,786.99
136,77,2026-05-04,702.41
137,77,2026-06-21,1282.93
138,77,2026-02-04,1250.06
139,78,2026-06-12,26.15
140,79,2026-06-01,363.13
141,79,2026-05-16,556.27
142,82,2026-05-27,1815.78
143,82,2026-05-23,757.29
144,84,2026-06-12,802.05
145,84,2026-05-27,1644.74
146,84,2026-04-20,1542.19
147,87,2026-05-09,959.67
148,87,2026-06-01,521.72
149,87,2026-05-05,680.79
150,87,2026-06-28,969.8
151,88,2026-03-02,1321.97
152,89,2026-03-02,215.39
153,90,2026-05-07,1293.39
154,91,2026-05-26,1925.37
155,93,2026-06-21,607.59
156,93,2026-06-04,691.95
157,95,2026-06-27,279.34
158,96,2026-06-06,717.72
159,96,2026-06-16,1597.63
160,96,2026-05-11,369.56
161,96,2026-04-01,2187.5
162,100,2026-06-11,583.72
163,100,2026-01-26,361.67
164,101,2026-05-29,77.96
165,102,2026-05-27,95.04
166,102,2026-06-19,122.76
167,103,2026-05-22,2348.48
168,103,2026-03-06,153.04
169,103,2026-03-25,1696.63
170,103,2026-06-21,1335.31
171,104,2026-04-11,1181.96
172,104,2026-05-28,321.18
173,104,2026-01-25,1963.59
174,105,2026-06-24,1606.97
175,105,2026-06-21,1094.49
176,105,2026-06-15,1797.05
177,105,2026-06-06,294.55
178,106,2026-05-28,548.6
179,107,2026-03-17,452.93
180,108,2026-05-07,465.21
181,108,2026-06-09,281.46
182,108,2026-06-01,1733.65
183,108,2026-06-09,1331.49
184,109,2026-06-13,909.95
185,109,2026-05-30,891.29
186,110,2026-05-25,1509.08
187,110,2026-06-06,76.95
188,110,2026-04-04,568.21
189,110,2026-04-19,2006.85
190,111,2026-01-30,201.92
191,111,2026-03-31,915.17
192,113,2026-05-24,242.55
193,113,2026-05-31,255.07
194,113,2026-06-21,973.48
195,114,2026-03-13,1347.01
196,114,2026-05-11,1743.1
197,114,2026-03-18,821.62
198,114,2026-04-23,815.84
199,115,2026-04-11,1163.23
200,115,2026-06-27,367.44
201,116,2026-06-16,602.77
202,117,2026-06-19,1178.0
203,117,2026-06-06,124.95
204,117,2026-06-08,514.65
205,117,2026-05-24,1357.14
206,118,2026-05-24,2234.07
207,120,2026-04-24,2147.16
208,120,2026-05-25,2375.19
209,121,2026-02-10,1600.07
210,121,2026-05-11,747.98
211,123,2026-06-18,1971.61
212,124,2026-06-22,81.28
213,124,2026-05-15,994.4
214,124,2026-05-27,614.58
215,124,2026-03-15,730.45
216,125,2026-05-03,218.26
217,126,2026-06-20,1268.17
218,126,2026-06-06,1177.47
219,128,2026-05-12,79.71
220,128,2026-05-26,190.74
221,128,2026-06-13,188.08
222,128,2026-06-20,164.69
223,129,2026-03-17,668.2
224,129,2026-06-27,323.1
225,130,2026-05-27,1891.12
226,130,2026-06-25,1157.24
227,130,2026-05-29,1225.03
228,131,2026-05-30,1526.84
229,131,2026-02-24,1504.64
230,132,2026-04-20,1163.16
231,134,2026-04-25,58.81
232,134,2026-04-08,234.78
233,134,2026-06-12,1187.55
234,134,2026-03-27,1272.66
235,135,2026-04-14,1020.46
236,135,2026-03-31,294.61
237,135,2026-06-03,540.44
238,137,2026-02-19,19.65
239,137,2026-04-11,40.72
240,137,2026-05-09,66.34
241,137,2026-05-21,43.49
242,138,2026-06-24,732.36
243,138,2026-06-25,543.97
244,140,2026-04-26,62.45
245,140,2026-06-10,484.8
246,141,2026-06-03,199.06
247,143,2026-06-05,1196.44
248,143,2026-06-18,2394.24
249,146,2026-06-07,497.63
250,146,2026-05-17,1803.02
251,148,2026-03-01,682.37
252,148,2026-06-18,2228.66
253,148,2026-06-24,180.72
254,148,2026-05-27,1830.79
255,149,2026-03-27,26.5
256,149,2026-06-08,69.24
257,149,2026-02-19,52.54
258,149,2026-03-11,99.87
259,150,2026-06-18,743.03
260,150,2026-03-28,481.56
261,150,2026-04-22,1519.66
262,151,2026-05-23,1249.9
263,152,2026-05-11,135.06
264,152,2026-06-18,269.45
265,152,2026-03-29,438.19
266,152,2026-04-23,574.83
267,153,2026-05-14,1871.79
268,153,2026-06-24,2686.19
269,154,2026-05-18,721.06
270,154,2026-06-26,962.01
271,154,2026-05-28,1548.57
272,155,2026-06-19,2757.17
273,155,2026-05-08,446.47
274,155,2026-06-10,1386.0
275,156,2026-05-06,354.13
276,157,2026-06-22,364.19
277,157,2026-04-16,1423.71
278,157,2026-06-09,1558.82
279,158,2026-04-23,911.47
280,159,2026-05-20,1001.84
281,159,2026-05-02,699.38
282,159,2026-05-22,1116.87
283,161,2026-04-02,1836.97
284,161,2026-04-08,875.72
285,161,2026-04-16,2221.3
286,162,2026-06-22,665.56
287,163,2026-05-24,433.44
288,163,2026-06-29,834.65
289,164,2026-06-13,1051.88
290,164,2026-06-03,283.08
291,166,2026-04-10,361.5
292,167,2026-06-30,948.91
293,167,2026-05-01,363.19
294,167,2026-05-31,113.51
295,168,2026-06-08,719.89
296,168,2026-05-16,605.17
297,169,2026-03-05,299.57
298,169,2026-02-26,1381.53
299,170,2026-02-28,261.15
300,170,2026-06-29,51.7
301,170,2026-05-13,851.15
302,171,2026-06-23,706.81
303,171,2026-04-26,116.56
304,171,2026-04-26,806.66
305,171,2026-06-22,575.96
306,172,2026-06-26,1504.29
307,173,2026-06-07,282.89
308,173,2026-06-22,482.89
309,173,2026-06-18,1333.02
310,174,2026-04-24,1604.91
311,174,2026-06-02,1486.25
312,175,2026-06-17,11.33
313,175,2026-05-20,21.06
314,175,2026-05-20,10.53
315,175,2026-05-09,28.17
316,176,2026-04-09,337.49
317,176,2026-04-26,345.86
318,176,2026-05-22,130.46
319,176,2026-04-05,755.88
320,177,2026-05-22,107.96
321,177,2026-02-28,215.72
322,178,2026-05-19,108.02
323,178,2026-05-06,339.25
324,178,2026-04-14,110.39
325,178,2026-06-04,267.47
326,179,2026-06-08,1038.12
327,179,2026-05-19,2758.56
328,179,2026-05-08,1280.42
329,179,2026-06-22,1405.95
330,180,2026-03-25,587.32
331,181,2026-04-11,46.0
332,181,2026-04-02,301.7
333,182,2026-06-28,75.76
334,182,2026-06-01,212.49
335,183,2026-06-24,69.01
336,183,2026-05-01,27.67
337,184,2026-05-19,1322.42
338,185,2026-02-23,601.35
339,185,2026-04-26,905.97
340,186,2026-04-11,1596.93
341,186,2026-05-08,1187.47
342,187,2026-04-02,750.35
343,188,2026-04-04,289.89
344,190,2026-04-15,29.67
345,190,2026-04-02,551.38
346,190,2026-03-28,889.93
347,192,2026-04-22,2314.52
348,192,2026-03-25,1606.74
349,193,2026-05-31,42.65
350,193,2026-06-26,604.64
351,193,2026-06-18,274.67
352,194,2026-03-04,485.71
353,194,2026-05-20,696.57
354,194,2026-03-23,680.65
355,195,2026-04-25,541.76
356,196,2026-05-02,1583.13
357,196,2026-06-27,651.5
358,196,2026-05-19,1444.82
359,196,2026-06-11,1634.67
360,197,2026-04-01,760.1
361,197,2026-05-18,606.82
362,197,2026-03-10,56.97
363,197,2026-05-08,402.29
364,199,2026-06-01,217.41
365,199,2026-06-21,354.32
366,199,2026-06-07,418.44
367,199,2026-06-24,95.0
368,200,2026-04-18,1479.09
369,200,2026-04-15,39.61
370,201,2026-05-10,518.6
371,202,2026-06-04,794.71
372,202,2026-06-11,1910.45
373,202,2026-06-03,837.07
374,202,2026-04-30,1414.79
375,203,2026-05-18,445.07
376,203,2026-03-09,501.2
377,203,2026-04-29,818.14
378,203,2026-04-18,92.91
379,204,2026-05-18,817.81
380,204,2026-06-24,1793.18
381,204,2026-06-04,1637.17
382,204,2026-05-06,761.27
383,205,2026-05-15,1405.32
384,205,2026-03-25,1166.35
385,206,2026-03-20,234.49
386,207,2026-06-26,302.18
387,208,2026-05-14,318.37
388,208,2026-05-09,156.66
389,208,2026-05-16,414.31
390,209,2026-04-28,749.92
391,210,2026-03-21,1093.81
392,210,2026-03-22,1637.58
393,210,2026-02-28,1446.41
394,210,2026-04-27,1274.51
395,211,2026-04-30,463.73
396,212,2026-06-27,504.78
397,212,2026-02-22,10.12
398,212,2026-02-23,443.11
399,212,2026-06-01,306.86
400,213,2026-05-08,1069.57
401,213,2026-04-29,781.18
402,213,2026-04-28,977.89
403,213,2026-06-06,12.21
404,214,2026-04-19,1875.87
405,214,2026-04-19,1074.39
406,216,2026-06-21,1201.16
407,217,2026-06-12,2543.71
408,217,2026-06-26,603.3
409,217,2026-05-25,2534.61
410,217,2026-06-22,754.94
411,219,2026-02-22,1525.56
412,219,2026-01-23,1511.71
413,219,2026-06-18,774.81
414,221,2026-03-26,1281.18
415,222,2026-05-31,207.5
416,222,2026-05-07,163.13
417,222,2026-05-31,265.63
418,223,2026-06-26,410.08
419,223,2026-03-21,572.53
420,223,2026-03-21,229.52
421,224,2026-06-26,37.72
422,224,2026-05-18,32.21
423,224,2026-06-09,41.35
424,224,2026-06-16,266.11
425,226,2026-04-14,180.27
426,226,2026-06-19,252.17
427,226,2026-05-25,155.28
428,226,2026-03-29,251.51
429,228,2026-05-21,149.26
430,228,2026-02-23,349.47
431,228,2026-02-15,55.69
432,228,2026-06-23,102.29
433,229,2026-05-20,1263.41
434,229,2026-06-27,1068.83
435,229,2026-04-03,2057.17
436,230,2026-05-29,1708.14
437,230,2026-06-21,472.99
438,232,2026-04-12,304.45
439,232,2026-05-23,34.27
440,232,2026-05-23,46.73
441,232,2026-05-31,38.05
442,233,2026-05-18,620.75
443,233,2026-06-30,106.67
444,233,2026-06-14,381.17
445,233,2026-05-15,1723.98
446,234,2026-04-24,289.32
447,235,2026-04-09,1159.92
448,236,2026-06-08,20.24
449,237,2026-02-28,550.43
450,238,2026-06-12,12.99
451,238,2026-05-20,164.42
452,238,2026-06-10,87.0
453,239,2026-05-22,1459.27
454,240,2026-03-17,294.86
455,241,2026-05-17,223.62
456,241,2026-04-23,140.25
457,241,2026-02-27,160.77
458,241,2026-03-29,223.73
459,242,2026-03-06,1279.84
460,242,2026-03-30,1152.59
461,242,2026-06-17,576.66
462,242,2026-05-31,476.77
463,243,2026-04-14,586.33
464,243,2026-03-10,1592.39
465,244,2026-05-14,741.82
466,244,2026-06-10,1923.69
467,244,2026-05-29,1939.84
468,245,2026-06-28,70.08
469,245,2026-06-23,12.75
470,245,2026-06-21,53.5
471,246,2026-03-23,775.01
472,246,2026-05-18,606.16
473,246,2026-06-18,191.69
474,246,2026-04-12,541.31
475,248,2026-01-28,1857.78
476,248,2026-03-04,1479.99
477,248,2026-04-06,372.82
478,248,2026-05-29,635.56
479,249,2026-06-30,360.43
480,249,2026-06-25,901.58
481,250,2026-05-29,354.07
482,250,2026-05-22,2410.57
483,252,2026-04-29,1111.34
484,252,2026-03-21,66.31
485,253,2026-06-25,2789.59
486,253,2026-06-13,2344.42
487,253,2026-06-27,1604.26
488,253,2026-05-25,701.82
489,254,2026-02-23,820.85
490,255,2026-05-07,709.45
491,258,2026-05-27,1029.47
492,258,2026-06-25,1675.96
493,258,2026-02-05,2692.02
494,259,2026-05-16,1063.4
495,259,2026-03-05,388.31
496,259,2026-05-11,1066.01
497,260,2026-06-17,85.71
498,261,2026-06-04,252.43
499,261,2026-05-07,83.57
500,261,2026-05-06,269.26
501,261,2026-05-22,60.47
502,264,2026-03-29,137.7
503,264,2026-05-29,774.57
504,265,2026-05-04,217.23
505,265,2026-05-19,187.9
506,266,2026-04-01,550.0
507,266,2026-01-30,223.68
508,266,2026-02-12,295.57
509,267,2026-04-18,47.69
510,267,2026-04-19,301.44
511,270,2026-06-11,46.65
512,270,2026-06-23,578.84
513,270,2026-05-27,512.13
514,270,2026-06-26,460.29
515,271,2026-06-10,172.02
516,271,2026-06-14,154.59
517,272,2026-05-07,195.86
518,272,2026-03-31,403.47
519,272,2026-05-04,460.26
520,273,2026-05-08,1771.85
521,273,2026-05-30,1049.05
522,273,2026-06-13,1380.12
523,274,2026-05-26,140.47
524,274,2026-06-28,141.24
525,275,2026-05-12,576.42
526,275,2026-06-05,1324.33
527,275,2026-05-19,2617.14
528,276,2026-05-27,60.04
529,276,2026-06-25,41.56
530,277,2026-06-08,1295.16
531,277,2026-06-10,695.93
532,277,2026-06-27,910.76
533,278,2026-05-20,519.97
534,278,2026-05-30,153.36
535,280,2026-04-22,946.81
536,280,2026-01-21,930.83
537,281,2026-05-27,107.98
538,281,2026-05-18,1734.29
539,282,2026-05-30,274.44
540,282,2026-04-06,842.88
541,282,2026-04-24,712.32
542,284,2026-06-22,361.18
543,284,2026-06-21,708.24
544,284,2026-06-09,1018.09
545,285,2026-06-30,207.22
546,286,2026-03-10,261.54
547,289,2026-06-04,330.54
548,289,2026-06-21,873.2
549,289,2026-05-30,1032.23
550,289,2026-05-28,1118.52
551,293,2026-06-02,1890.58
552,293,2026-06-27,2308.37
553,294,2026-05-05,1723.2
554,294,2026-06-13,153.39
555,294,2026-05-29,283.14
556,294,2026-05-27,973.32
557,295,2026-03-19,693.35
558,296,2026-04-20,42.62
559,297,2026-06-23,387.43
560,297,2026-05-31,657.71
561,298,2026-04-20,47.71
562,299,2026-05-23,1015.31
563,300,2026-04-16,64.98
564,300,2026-06-04,20.83
565,300,2026-06-09,13.36
566,301,2026-05-09,577.44
567,301,2026-05-07,351.31
568,301,2026-05-02,420.6
569,301,2026-05-31,177.6
570,302,2026-06-11,1664.35
571,303,2026-06-14,944.59
572,303,2026-05-31,1480.24
573,303,2026-05-31,1209.98
574,304,2026-03-22,246.78
575,304,2026-04-17,676.81
576,306,2026-02-25,349.0
577,306,2026-06-15,137.61
578,306,2026-03-25,751.74
579,306,2026-01-20,155.58
580,311,2026-05-30,704.87
581,311,2026-05-14,500.71
582,311,2026-04-27,495.19
583,312,2026-05-22,2119.31
584,312,2026-04-30,239.73
585,312,2026-04-15,364.19
586,313,2026-03-16,1224.84
587,313,2026-05-26,1252.53
588,314,2026-05-25,35.72
589,314,2026-04-02,777.06
590,314,2026-04-15,273.89
591,316,2026-05-16,585.93
592,316,2026-06-18,2426.27
593,316,2026-05-05,353.82
594,316,2026-05-29,1905.28
595,317,2026-02-07,1469.69
596,318,2026-04-10,93.8
597,318,2026-05-27,895.35
598,318,2026-06-20,308.76
599,318,2026-04-17,604.25
600,319,2026-06-07,37.5
601,319,2026-03-12,79.08
602,319,2026-02-28,422.82
603,319,2026-03-22,580.73
604,321,2026-05-16,1115.51
605,321,2026-06-10,371.74
606,321,2026-06-08,1093.72
607,321,2026-06-22,1212.59
608,323,2026-04-19,912.18
609,323,2026-06-24,743.42
610,324,2026-05-04,800.44
611,325,2026-05-31,754.29
612,325,2026-06-19,253.32
613,325,2026-06-06,1456.47
614,325,2026-06-08,1376.65
615,328,2026-06-11,1492.67
616,328,2026-05-18,1754.62
617,328,2026-06-03,2223.79
618,328,2026-04-01,622.99
619,330,2026-04-20,214.66
620,330,2026-05-30,1784.24
621,330,2026-06-15,1065.79
622,331,2026-06-04,2397.77
623,332,2026-03-12,588.47
624,332,2026-04-25,1947.69
625,332,2026-06-23,221.19
626,333,2026-05-08,148.2
627,333,2026-06-30,109.99
628,333,2026-05-18,102.89
629,333,2026-06-26,69.99
630,334,2026-03-13,598.61
631,334,2026-02-25,436.26
632,334,2026-05-13,546.9
633,335,2026-02-23,745.37
634,335,2026-06-15,853.99
635,336,2026-05-20,2645.27
636,336,2026-06-30,640.63
637,336,2026-05-30,2798.47
638,337,2026-04-22,805.41
639,337,2026-05-26,536.64
640,337,2026-05-13,68.96
641,337,2026-03-14,1139.8
642,339,2026-05-04,139.42
643,339,2026-05-16,196.72
644,339,2026-04-27,434.95
645,341,2026-06-04,543.35
646,341,2026-06-29,988.59
647,341,2026-06-10,450.89
648,341,2026-06-22,1419.11
649,342,2026-05-15,1486.08
650,342,2026-05-16,798.1
651,342,2026-06-24,1046.26
652,342,2026-05-19,332.37
653,344,2026-06-12,479.19
654,344,2026-04-25,242.24
655,344,2026-06-22,173.53
656,344,2026-05-18,495.59
657,345,2026-06-29,91.97
658,345,2026-04-13,37.93
659,347,2026-05-06,707.84
660,347,2026-01-13,424.5
661,347,2026-03-02,523.61
662,348,2026-03-29,1142.32
663,348,2026-06-14,1563.28
664,348,2026-04-27,886.35
665,351,2026-06-25,870.34
666,351,2026-02-22,514.57
667,351,2026-01-29,279.19
668,351,2026-02-12,1570.21
669,353,2026-06-20,825.76
670,353,2026-03-11,391.74
671,354,2026-06-20,920.66
672,354,2026-05-16,796.12
673,354,2026-05-17,768.13
674,355,2026-06-06,1935.67
675,355,2026-06-12,2507.15
676,355,2026-06-11,879.04
677,356,2026-06-10,754.75
678,357,2026-06-22,506.66
679,358,2026-04-10,1742.53
680,358,2026-06-30,1391.3
681,359,2026-06-13,106.39
682,359,2026-04-14,58.68
683,359,2026-03-10,90.99
684,359,2026-06-13,216.26
685,360,2026-06-01,255.27
686,360,2026-05-30,350.06
687,360,2026-05-21,127.3
688,360,2026-06-03,255.02
689,361,2026-03-29,990.69
690,362,2026-06-01,706.31
691,363,2026-03-29,1204.02
692,363,2026-03-26,631.74
693,364,2026-05-17,379.42
694,364,2026-06-01,539.28
695,365,2026-05-31,1110.34
696,366,2026-05-24,147.35
697,366,2026-06-08,304.89
698,366,2026-05-15,29.72
699,367,2026-04-21,2207.53
700,369,2026-06-06,193.44
701,369,2026-05-26,160.61
702,369,2026-04-10,1369.29
703,369,2026-05-20,460.43
704,370,2026-06-16,668.6
705,371,2026-06-29,1035.21
706,371,2026-05-10,469.08
707,372,2026-06-11,727.68
708,373,2026-05-07,118.02
709,373,2026-06-08,145.9
710,373,2026-06-03,39.25
711,374,2026-03-09,2253.35
712,374,2026-01-28,1049.85
713,374,2026-03-24,38.14
714,375,2026-05-14,1732.34
715,375,2026-06-28,1880.61
716,375,2026-05-07,1157.46
717,375,2026-06-20,1244.14
718,376,2026-06-06,211.19
719,376,2026-05-03,479.35
720,378,2026-02-05,534.25
721,379,2026-05-16,30.7
722,380,2026-06-04,855.88
723,380,2026-03-01,1653.08
724,381,2026-05-12,25.7
725,381,2026-05-21,288.87
726,382,2026-06-23,2084.24
727,382,2026-03-18,1502.13
728,382,2026-06-27,670.44
729,382,2026-05-12,258.36
730,383,2026-06-05,2401.02
731,383,2026-05-10,1186.79
732,383,2026-06-12,1349.62
733,383,2026-04-21,1954.62
734,384,2026-05-03,1173.2
735,384,2026-04-20,361.97
736,384,2026-02-18,842.4
737,384,2026-05-25,1375.43
738,385,2026-02-26,1660.93
739,385,2026-06-17,179.38
740,385,2026-03-06,1298.81
741,386,2026-05-31,418.24
742,386,2026-06-02,955.91
743,386,2026-06-17,331.02
744,387,2026-04-04,1000.16
745,387,2026-06-13,1243.94
746,387,2026-06-30,1118.07
747,388,2026-05-21,752.45
748,388,2026-03-04,1270.5
749,388,2026-03-20,883.55
750,389,2026-03-09,435.62
751,389,2026-05-10,2010.02
752,389,2026-04-18,679.14
753,389,2026-05-24,1345.9
754,390,2026-04-11,676.6
755,391,2026-04-30,1118.72
756,392,2026-03-30,413.83
757,392,2026-05-31,230.72
758,392,2026-04-11,12.06
759,393,2026-05-10,992.12
760,395,2026-04-08,173.42
761,395,2026-04-25,94.23
762,395,2026-06-26,48.88
763,396,2026-04-08,48.07
764,396,2026-03-11,2736.68
765,396,2026-05-03,2557.65
766,396,2026-06-05,1777.0
767,397,2026-06-29,12.1
768,398,2026-03-29,1740.74
769,398,2026-05-25,18.2
770,398,2026-03-07,854.58
771,400,2026-06-24,1747.07
772,400,2026-06-05,641.5
773,400,2026-05-31,564.8
774,401,2026-03-14,298.85
775,401,2026-05-09,882.85
776,402,2026-06-27,349.04
777,403,2026-06-19,133.31
778,403,2026-05-28,86.09
779,403,2026-04-01,251.0
780,403,2026-05-03,215.37
781,404,2026-04-30,287.67
782,404,2026-06-15,249.22
783,404,2026-05-26,92.77
784,405,2026-04-04,381.44
785,405,2026-06-10,989.18
786,405,2026-06-27,1122.96
787,405,2026-06-14,1094.95
788,406,2026-06-11,1263.78
789,406,2026-05-25,575.45
790,406,2026-06-21,774.13
791,406,2026-03-30,997.51
792,407,2026-05-26,1038.35
793,407,2026-06-17,1117.39
794,407,2026-05-27,1251.04
795,407,2026-05-30,1996.3
796,408,2026-05-17,1168.37
797,410,2026-03-25,327.76
798,410,2026-05-29,215.44
799,410,2026-02-23,90.28
800,412,2026-06-20,484.73
801,412,2026-06-23,1279.27
802,412,2026-06-04,792.14
803,412,2026-06-16,270.67
804,413,2026-05-23,1542.81
805,413,2026-06-21,1881.05
806,413,2026-02-28,335.29
807,413,2026-02-05,1736.43
808,414,2026-04-02,221.3
809,415,2026-05-22,1650.68
810,415,2026-06-02,1856.1
811,415,2026-05-21,2831.76
812,416,2026-04-03,373.58
813,416,2026-06-05,965.65
814,417,2026-04-04,253.88
815,419,2026-06-18,1919.26
816,419,2026-05-12,813.6
817,419,2026-03-10,1293.5
818,419,2026-04-11,1396.63
819,420,2026-05-02,678.84
820,420,2026-06-25,59.79
821,420,2026-06-29,2702.56
822,420,2026-06-22,825.22
823,421,2026-05-31,489.99
824,421,2026-06-03,937.99
825,421,2026-05-11,1326.56
826,422,2026-02-07,387.03
827,423,2026-06-19,94.37
828,423,2026-06-20,97.22
829,423,2026-06-01,30.42
830,424,2026-04-21,66.53
831,424,2026-02-28,96.52
832,424,2026-04-02,83.5
833,424,2026-04-16,95.77
834,425,2026-04-10,306.83
835,425,2026-03-18,1790.12
836,426,2026-02-11,937.7
837,426,2026-04-14,23.51
838,428,2026-06-07,17.61
839,428,2026-05-07,270.13
840,428,2026-05-29,258.46
841,430,2026-06-21,2641.18
842,430,2026-05-14,2048.68
843,430,2026-05-12,585.31
844,431,2026-04-30,78.2
845,432,2026-06-06,280.17
846,432,2026-05-26,1326.83
847,432,2026-04-02,484.97
848,433,2026-03-04,129.19
849,435,2026-04-20,274.14
850,435,2026-03-28,494.54
851,435,2026-04-11,1297.87
852,435,2026-04-03,886.3
853,436,2026-06-29,703.19
854,436,2026-06-06,497.05
855,438,2026-05-28,261.27
856,439,2026-05-11,104.91
857,440,2026-06-28,1977.98
858,440,2026-05-28,1017.02
859,440,2026-04-28,1060.8
860,441,2026-06-26,786.89
861,442,2026-05-20,285.21
862,443,2026-06-22,1080.44
863,444,2026-06-14,1359.22
864,444,2026-04-28,1090.86
865,444,2026-03-29,1166.78
866,445,2026-06-27,544.51
867,446,2026-05-03,143.93
868,449,2026-06-06,832.45
869,449,2026-05-04,171.31
870,450,2026-01-27,753.62
871,450,2026-02-02,1186.04
872,450,2026-05-16,1198.43
873,452,2026-05-02,466.63
874,452,2026-06-21,365.32
875,453,2026-05-08,104.8
876,453,2026-05-11,221.71
877,454,2026-05-30,1014.49
878,455,2026-01-29,185.1
879,455,2026-03-31,88.08
880,455,2026-02-05,482.98
881,457,2026-06-28,1971.11
882,458,2026-05-05,565.24
883,458,2026-03-16,736.34
884,458,2026-05-17,759.81
885,459,2026-06-11,60.59
886,459,2026-05-23,322.87
887,459,2026-05-31,275.48
888,459,2026-04-19,118.01
889,460,2026-06-18,133.03
890,460,2026-02-05,142.2
891,461,2026-05-26,12.77
892,461,2026-05-22,256.31
893,462,2026-05-27,59.03
894,462,2026-05-18,221.31
895,462,2026-05-14,617.0
896,462,2026-05-14,830.44
897,463,2026-05-27,1787.44
898,466,2026-06-14,385.68
899,466,2026-05-10,546.12
900,467,2026-06-29,35.92
901,467,2026-05-28,75.41
902,467,2026-06-17,46.54
903,468,2026-05-07,605.82
904,468,2026-05-14,724.44
905,469,2026-05-24,191.55
906,470,2026-05-25,633.24
907,470,2026-06-26,912.86
908,470,2026-06-15,220.61
909,471,2026-05-02,91.82
910,472,2026-06-20,62.34
911,472,2026-05-16,17.98
912,472,2026-06-30,27.9
913,473,2026-05-06,94.88
914,473,2026-06-26,1619.38
915,474,2026-06-08,1126.33
916,474,2026-05-19,307.21
917,474,2026-06-20,1212.77
918,474,2026-05-19,988.11
919,475,2026-05-23,1120.81
920,475,2026-06-13,2393.56
921,475,2026-05-16,2007.95
922,476,2026-05-15,53.84
923,476,2026-06-04,60.36
924,477,2026-05-06,2264.54
925,478,2026-04-25,843.89
926,478,2026-02-25,1078.3
927,479,2026-03-14,18.28
928,479,2026-05-11,158.67
929,479,2026-04-11,71.13
930,481,2026-02-20,70.8
931,482,2026-04-30,874.63
932,483,2026-05-16,647.5
933,483,2026-06-07,164.95
934,484,2026-05-26,611.82
935,484,2026-06-02,164.65
936,485,2026-06-01,1455.71
937,485,2026-05-08,781.54
938,486,2026-06-05,565.4
939,486,2026-04-30,366.08
940,486,2026-04-03,826.46
941,488,2026-03-19,216.07
942,489,2026-05-03,102.97
943,489,2026-06-02,48.11
944,489,2026-05-11,20.85
945,490,2026-06-20,140.18
946,491,2026-05-01,1392.84
947,491,2026-06-09,894.44
948,491,2026-05-03,52.65
949,491,2026-05-05,1241.79
950,492,2026-04-30,548.67
951,492,2026-05-03,1184.48
952,493,2026-03-25,67.68
953,494,2026-04-23,1217.68
954,495,2026-06-28,640.51
955,495,2026-06-17,1262.85
956,495,2026-05-27,745.42
957,495,2026-06-16,2035.43
958,496,2026-03-31,88.99
959,496,2026-05-28,27.2
960,496,2026-05-02,293.29
961,497,2026-06-04,2031.52
962,497,2026-04-01,2702.03
963,498,2026-06-12,603.28
964,498,2026-05-13,358.09
965,498,2026-05-08,731.29
966,498,2026-06-22,474.55
967,499,2026-05-12,137.09
968,499,2026-05-26,134.15
969,499,2026-06-20,125.76
970,501,2026-03-03,460.84
971,501,2026-03-22,121.56
972,502,2026-05-19,37.29
973,502,2026-05-06,355.81
974,504,2026-05-28,1749.08
975,504,2026-05-12,674.63
976,505,2026-05-31,767.05
977,506,2026-06-15,1746.41
978,506,2026-05-31,2197.82
979,507,2026-06-25,1232.42
980,508,2026-06-07,50.87
981,508,2026-04-07,117.35
982,509,2026-03-27,383.93
983,509,2026-02-25,1142.59
984,510,2026-04-05,1525.63
985,510,2026-04-20,532.99
986,511,2026-06-26,1981.14
987,512,2026-06-16,38.97
988,512,2026-06-07,56.06
989,512,2026-06-18,109.08
990,514,2026-04-13,348.33
991,515,2026-06-10,145.79
992,517,2026-04-03,2155.77
993,518,2026-06-14,972.95
994,518,2026-05-28,731.37
995,518,2026-06-16,1021.4
996,520,2026-06-21,1033.99
997,520,2026-03-26,174.53
998,520,2026-03-20,1729.45
999,520,2026-05-07,932.39
1000,521,2026-06-21,922.51
1001,521,2026-05-19,1068.46
1002,521,2026-05-16,127.77
1003,521,2026-05-29,427.27
1004,522,2026-06-19,1016.85
1005,523,2026-04-06,1680.89
1006,525,2026-05-20,1505.19
1007,526,2026-06-12,668.98
1008,526,2026-05-23,948.22
1009,528,2026-06-21,1195.31
1010,528,2026-01-25,931.55
1011,528,2026-02-03,463.3
1012,528,2026-05-02,1255.06
1013,530,2026-04-25,666.6
1014,530,2026-05-25,2247.83
1015,530,2026-02-03,732.31
1016,531,2026-02-19,1159.64
1017,532,2026-06-03,279.82
1018,532,2026-06-29,477.87
1019,533,2026-03-17,2649.5
1020,533,2026-04-17,293.1
1021,533,2026-06-02,2163.95
1022,533,2026-04-08,2559.12
1023,534,2026-05-23,960.15
1024,534,2026-05-29,57.01
1025,535,2026-06-03,493.46
1026,535,2026-04-15,1405.89
1027,535,2026-05-18,1741.2
1028,536,2026-06-01,1559.16
1029,536,2026-06-09,81.68
1030,537,2026-05-13,355.69
1031,538,2026-03-27,42.34
1032,538,2026-05-23,814.5
1033,538,2026-04-22,1742.18
1034,538,2026-06-28,703.41
1035,540,2026-06-07,733.89
1036,540,2026-05-30,1307.42
1037,541,2026-05-31,64.99
1038,541,2026-03-09,950.25
1039,543,2026-06-11,197.15
1040,543,2026-03-30,752.08
1041,543,2026-05-16,74.73
1042,544,2026-05-17,344.75
1043,544,2026-06-04,523.45
1044,546,2026-04-01,484.32
1045,546,2026-06-01,471.35
1046,546,2026-05-07,110.19
1047,549,2026-03-16,242.23
1048,549,2026-04-14,273.66
1049,549,2026-03-14,202.27
1050,550,2026-06-26,1555.49
1051,551,2026-06-19,1343.44
1052,552,2026-04-25,385.38
1053,553,2026-04-17,766.22
1054,554,2026-06-24,36.04
1055,554,2026-03-27,362.52
1056,554,2026-06-11,14.36
1057,554,2026-02-12,555.59
1058,556,2026-04-16,674.61
1059,557,2026-06-19,1743.11
1060,557,2026-06-21,103.41
1061,557,2026-01-12,1654.39
1062,557,2026-02-14,654.64
1063,558,2026-03-22,60.07
1064,558,2026-03-18,68.16
1065,558,2026-04-18,13.17
1066,558,2026-03-29,66.35
1067,559,2026-05-12,784.41
1068,559,2026-05-13,583.91
1069,559,2026-06-23,1989.08
1070,560,2026-06-04,1278.09
1071,561,2026-05-28,232.71
1072,562,2026-04-15,1415.12
1073,563,2026-04-29,483.18
1074,563,2026-06-24,1859.16
1075,563,2026-02-15,342.73
1076,564,2026-02-15,231.69
1077,564,2026-03-24,1494.2
1078,564,2026-03-05,137.11
1079,565,2026-02-08,1098.89
1080,565,2026-06-21,48.64
1081,565,2026-02-27,408.05
1082,565,2026-03-24,1035.3
1083,567,2026-04-30,577.82
1084,567,2026-06-01,1184.72
1085,567,2026-04-16,140.5
1086,567,2026-04-29,1226.95
1087,568,2026-06-08,1251.29
1088,568,2026-05-09,619.3
1089,568,2026-05-22,1303.46
1090,568,2026-05-25,1089.66
1091,569,2026-06-04,1697.35
1092,570,2026-04-04,1308.09
1093,570,2026-06-24,1651.45
1094,570,2026-06-07,376.64
1095,571,2026-05-18,1114.24
1096,571,2026-04-27,719.56
1097,571,2026-06-05,2759.25
1098,573,2026-04-02,443.89
1099,573,2026-06-08,90.09
1100,573,2026-06-05,624.32
1101,574,2026-05-08,105.75
1102,574,2026-06-17,70.17
1103,574,2026-05-20,135.66
1104,575,2026-04-20,2017.74
1105,575,2026-06-20,1463.52
1106,575,2026-04-04,2492.01
1107,575,2026-03-09,891.32
1108,576,2026-04-19,1162.61
1109,576,2026-05-01,1752.84
1110,576,2026-03-19,867.44
1111,576,2026-01-31,1321.7
1112,577,2026-05-24,570.72
1113,577,2026-05-31,1671.38
1114,577,2026-06-10,384.56
1115,577,2026-06-11,1479.28
1116,579,2026-06-26,97.89
1117,579,2026-06-26,730.76
1118,580,2026-05-29,596.06
1119,580,2026-05-31,472.44
1120,580,2026-05-28,580.76
1121,580,2026-06-15,64.27
1122,581,2026-01-20,1619.57
1123,582,2026-03-01,65.02
1124,582,2026-01-27,300.58
1125,583,2026-05-29,1835.28
1126,583,2026-06-22,1494.23
1127,583,2026-05-31,241.11
1128,583,2026-06-04,247.4
1129,584,2026-01-26,613.38
1130,584,2026-03-25,333.39
1131,585,2026-06-06,725.12
1132,586,2026-06-28,1188.79
1133,586,2026-06-18,1664.19
1134,586,2026-05-08,456.88
1135,586,2026-05-30,1544.12
1136,587,2026-04-10,1023.72
1137,587,2026-04-11,348.44
1138,587,2026-04-17,623.0
1139,587,2026-03-29,51.21
1140,588,2026-05-12,812.88
1141,588,2026-06-05,1233.79
1142,589,2026-06-20,672.1
1143,590,2026-06-16,446.16
1144,590,2026-06-30,1574.6
1145,590,2026-06-05,530.25
1146,590,2026-06-18,350.5
1147,591,2026-05-21,443.43
1148,591,2026-03-02,12.21
1149,591,2026-03-09,535.35
1150,592,2026-06-22,271.91
1151,592,2026-06-17,1451.34
1152,593,2026-06-07,566.52
1153,593,2026-05-30,526.22
1154,594,2026-04-09,493.82
1155,595,2026-04-19,481.53
1156,595,2026-04-01,405.17
1157,595,2026-04-14,825.5
1158,596,2026-06-02,93.06
1159,596,2026-06-11,122.44
1160,596,2026-06-15,11.89
1161,596,2026-06-04,117.12
1162,598,2026-05-19,114.44
1163,598,2026-06-12,2285.13
1164,600,2026-06-27,649.89
1165,600,2026-06-18,1501.77
1166,600,2026-04-30,116.53
1167,600,2026-06-07,866.13
1168,601,2026-05-20,286.9
1169,601,2026-03-26,24.66
1170,602,2026-06-01,1249.72
1171,602,2026-06-05,1155.42
1172,602,2026-06-05,496.83
1173,602,2026-06-30,1324.81
1174,604,2026-05-22,1093.93
1175,604,2026-05-17,780.59
1176,604,2026-06-09,842.0
1177,604,2026-06-02,440.9
1178,605,2026-06-29,216.06
1179,605,2026-06-20,1285.43
1180,605,2026-04-20,915.18
1181,605,2026-06-16,554.08
1182,606,2026-06-08,625.3
1183,606,2026-05-07,1419.26
1184,606,2026-05-06,1002.02
1185,607,2026-06-18,2113.0
1186,608,2026-05-06,832.96
1187,608,2026-05-20,2107.43
1188,608,2026-06-21,27.49
1189,609,2026-03-19,1320.4
1190,609,2026-02-28,2484.18
1191,611,2026-06-07,170.47
1192,612,2026-06-22,1373.3
1193,612,2026-06-22,644.29
1194,612,2026-06-10,134.36
1195,613,2026-06-19,440.26
1196,613,2026-06-13,103.02
1197,613,2026-06-28,531.37
1198,614,2026-04-10,1843.85
1199,614,2026-04-12,1499.58
1200,614,2026-03-12,1568.25
1201,615,2026-06-25,2986.06
1202,616,2026-05-20,204.46
1203,616,2026-04-09,25.81
1204,617,2026-05-19,1709.68
1205,617,2026-06-08,1386.87
1206,617,2026-06-08,469.76
1207,618,2026-04-27,1207.32
1208,618,2026-06-26,1916.1
1209,618,2026-05-23,182.17
1210,618,2026-05-14,528.2
1211,619,2026-04-04,1456.97
1212,619,2026-06-03,249.49
1213,620,2026-05-14,635.58
1214,620,2026-06-02,138.8
1215,620,2026-01-29,1034.21
1216,620,2026-06-27,427.93
1217,621,2026-05-21,396.25
1218,621,2026-06-25,402.09
1219,621,2026-04-25,206.58
1220,621,2026-06-18,391.23
1221,622,2026-04-29,1586.41
1222,622,2026-04-05,1301.33
1223,622,2026-06-28,871.5
1224,624,2026-04-15,1607.83
1225,624,2026-06-14,1506.86
1226,625,2026-05-30,630.98
1227,625,2026-04-12,363.08
1228,625,2026-06-13,354.52
1229,625,2026-05-18,407.95
1230,626,2026-05-14,2009.35
1231,626,2026-06-27,24.87
1232,626,2026-03-29,1069.27
1233,627,2026-02-27,1477.93
1234,627,2026-06-14,573.55
1235,627,2026-04-29,1328.43
1236,627,2026-02-03,728.17
1237,628,2026-05-20,664.95
1238,628,2026-06-09,1600.44
1239,628,2026-05-06,993.08
1240,629,2026-05-11,592.12
1241,629,2026-06-15,714.03
1242,630,2026-04-27,746.41
1243,631,2026-05-02,1237.68
1244,631,2026-05-19,1217.96
1245,632,2026-01-21,2302.22
1246,632,2026-04-06,2653.52
1247,632,2026-03-26,2589.54
1248,632,2026-06-24,1759.82
1249,633,2026-05-28,564.63
1250,633,2026-06-21,386.12
1251,633,2026-06-04,409.79
1252,633,2026-05-27,502.77
1253,634,2026-04-14,108.94
1254,634,2026-05-24,1190.85
1255,634,2026-05-02,2249.49
1256,635,2026-06-03,248.0
1257,635,2026-05-30,44.37
1258,636,2026-03-29,365.3
1259,636,2026-06-06,294.73
1260,636,2026-03-03,475.75
1261,638,2026-05-11,561.36
1262,639,2026-05-17,1158.11
1263,639,2026-04-22,30.77
1264,639,2026-06-08,966.33
1265,640,2026-02-25,553.78
1266,640,2026-03-01,559.5
1267,640,2026-05-28,238.9
1268,640,2026-03-03,208.41
1269,641,2026-02-13,21.21
1270,641,2026-01-19,143.58
1271,641,2026-04-14,186.77
1272,642,2026-03-24,346.06
1273,642,2026-04-04,1425.54
1274,643,2026-06-05,1065.71
1275,644,2026-05-20,886.02
1276,644,2026-05-11,691.46
1277,644,2026-06-27,766.5
1278,645,2026-01-12,487.55
1279,646,2026-06-12,40.76
1280,646,2026-05-14,104.56
1281,647,2026-05-05,182.27
1282,647,2026-06-12,522.46
1283,647,2026-04-30,289.52
1284,647,2026-05-13,366.06
1285,648,2026-05-24,412.43
1286,648,2026-06-19,581.68
1287,650,2026-05-26,2793.28
1288,651,2026-06-08,1377.73
1289,651,2026-06-20,1259.23
1290,651,2026-03-27,853.89
1291,652,2026-05-30,856.83
1292,653,2026-05-02,1006.91
1293,653,2026-03-10,24.11
1294,654,2026-05-18,1998.25
1295,654,2026-06-02,598.86
1296,654,2026-05-05,280.13
1297,655,2026-03-23,944.96
1298,655,2026-03-25,43.88
1299,657,2026-06-06,1892.95
1300,657,2026-04-16,114.5
1301,657,2026-06-11,1706.3
1302,659,2026-06-21,461.03
1303,659,2026-06-11,242.96
1304,660,2026-05-14,929.06
1305,660,2026-05-20,1157.58
1306,660,2026-03-29,1988.58
1307,661,2026-05-22,408.11
1308,661,2026-05-15,499.49
1309,661,2026-05-26,2131.46
1310,661,2026-06-24,774.23
1311,663,2026-02-27,391.09
1312,664,2026-06-20,771.39
1313,664,2026-06-19,832.15
1314,664,2026-06-11,988.83
1315,664,2026-06-18,936.34
1316,665,2026-05-12,2504.23
1317,665,2026-03-18,1653.56
1318,665,2026-06-05,1204.45
1319,665,2026-06-04,1836.31
1320,666,2026-05-19,756.78
1321,666,2026-06-17,46.14
1322,668,2026-04-26,221.29
1323,668,2026-06-17,336.1
1324,668,2026-04-25,245.06
1325,669,2026-06-27,517.83
1326,669,2026-05-31,544.21
1327,669,2026-05-15,631.81
1328,670,2026-05-06,256.48
1329,670,2026-03-02,685.72
1330,670,2026-03-07,1599.01
1331,672,2026-03-17,213.28
1332,672,2026-04-30,1644.02
1333,672,2026-05-15,575.05
1334,672,2026-06-27,955.9
1335,673,2026-06-21,315.08
1336,673,2026-04-05,1463.48
1337,673,2026-04-28,896.94
1338,674,2026-05-06,2745.06
1339,674,2026-04-08,1063.46
1340,674,2026-03-01,1689.38
1341,674,2026-03-17,2358.3
1342,676,2026-01-25,1795.55
1343,676,2026-02-08,572.28
1344,677,2026-04-07,608.66
1345,677,2026-01-13,1063.71
1346,677,2026-02-07,418.75
1347,678,2026-04-15,998.62
1348,678,2026-06-23,506.75
1349,678,2026-05-12,2052.69
1350,679,2026-03-07,330.16
1351,680,2026-04-25,695.5
1352,680,2026-06-01,323.0
1353,680,2026-04-23,539.86
1354,680,2026-06-14,1464.24
1355,682,2026-06-05,239.41
1356,682,2026-02-19,84.5
1357,683,2026-06-18,43.17
1358,683,2026-03-07,587.41
1359,683,2026-05-15,332.14
1360,684,2026-05-06,86.56
1361,684,2026-06-21,1017.54
1362,684,2026-03-25,166.81
1363,684,2026-02-05,1008.99
1364,685,2026-05-05,519.15
1365,686,2026-05-19,84.37
1366,686,2026-05-07,50.96
1367,686,2026-05-20,78.19
1368,686,2026-05-23,147.99
1369,687,2026-05-24,569.71
1370,687,2026-06-03,380.49
1371,688,2026-04-07,1456.23
1372,688,2026-05-06,1739.23
1373,689,2026-05-26,1285.81
1374,690,2026-05-10,469.32
1375,690,2026-04-15,804.92
1376,691,2026-05-15,1249.45
1377,691,2026-03-22,1260.11
1378,691,2026-02-12,2021.0
1379,692,2026-02-15,205.93
1380,692,2026-03-09,886.74
1381,692,2026-04-10,841.28
1382,694,2026-06-16,37.99
1383,694,2026-04-08,60.36
1384,694,2026-03-13,1007.9
1385,694,2026-04-28,1242.39
1386,695,2026-04-09,709.06
1387,695,2026-06-23,1189.31
1388,697,2026-02-07,111.16
1389,697,2026-06-18,35.59
1390,698,2026-05-27,1866.6
1391,699,2026-03-24,528.31
1392,700,2026-05-01,222.89
1393,702,2026-05-18,305.42
1394,702,2026-05-20,324.86
1395,703,2026-06-28,1109.94
1396,703,2026-06-23,74.17
1397,703,2026-06-18,375.51
1398,704,2026-04-27,206.47
1399,704,2026-04-08,452.12
1400,704,2026-06-24,38.41
1401,705,2026-03-29,102.71
1402,705,2026-06-03,349.97
1403,706,2026-06-06,457.08
1404,706,2026-06-06,177.94
1405,707,2026-06-24,310.05
1406,707,2026-06-12,787.04
1407,707,2026-04-26,320.66
1408,707,2026-06-06,650.4
1409,709,2026-06-09,1382.32
1410,710,2026-02-13,162.35
1411,710,2026-06-16,156.36
1412,711,2026-05-24,100.53
1413,711,2026-04-11,70.42
1414,712,2026-06-14,156.43
1415,712,2026-05-16,355.68
1416,712,2026-03-22,177.45
1417,712,2026-04-02,376.76
1418,714,2026-04-25,606.1
1419,714,2026-03-01,158.14
1420,715,2026-03-18,2500.27
1421,718,2026-03-28,1193.97
1422,718,2026-06-10,1177.96
1423,719,2026-06-07,578.34
1424,719,2026-05-12,72.42
1425,720,2026-04-07,953.67
1426,720,2026-06-30,610.15
1427,720,2026-05-13,522.16
1428,722,2026-06-07,72.49
1429,722,2026-02-06,36.13
1430,722,2026-04-17,18.77
1431,724,2026-06-20,465.42
1432,724,2026-04-08,189.0
1433,724,2026-06-22,24.78
1434,724,2026-02-14,324.39
1435,726,2026-03-26,541.36
1436,726,2026-03-27,73.99
1437,726,2026-03-18,503.01
1438,727,2026-05-29,718.79
1439,727,2026-06-29,430.36
1440,727,2026-06-15,464.54
1441,727,2026-06-26,238.01
1442,728,2026-06-10,600.83
1443,728,2026-06-24,716.75
1444,728,2026-06-27,225.32
1445,729,2026-06-10,845.86
1446,729,2026-04-24,741.49
1447,730,2026-06-27,1447.73
1448,730,2026-05-05,1045.36
1449,731,2026-05-07,15.91
1450,733,2026-06-01,796.99
1451,733,2026-06-05,1026.45
1452,733,2026-05-27,556.43
1453,733,2026-06-19,1133.34
1454,735,2026-05-30,465.23
1455,735,2026-06-08,1332.02
1456,735,2026-04-10,492.6
1457,736,2026-06-09,80.96
1458,736,2026-05-07,144.54
1459,736,2026-06-13,13.37
1460,737,2026-06-15,1837.48
1461,737,2026-06-30,1027.58
1462,739,2026-05-26,490.6
1463,739,2026-06-19,36.91
1464,739,2026-06-24,492.72
1465,741,2026-04-05,327.22
1466,743,2026-05-27,24.67
1467,743,2026-02-24,88.63
1468,743,2026-04-30,157.78
1469,744,2026-06-26,390.58
1470,744,2026-04-06,873.67
1471,744,2026-05-05,2177.97
1472,744,2026-04-10,1191.44
1473,745,2026-05-29,1376.44
1474,745,2026-06-29,1313.2
1475,745,2026-06-07,206.75
1476,745,2026-05-12,1582.39
1477,746,2026-06-02,1241.84
1478,746,2026-05-17,1288.7
1479,747,2026-05-24,751.88
1480,748,2026-04-28,1459.4
1481,748,2026-06-03,545.99
1482,748,2026-06-18,1535.02
1483,748,2026-03-07,464.59
1484,749,2026-04-12,387.75
1485,749,2026-04-28,662.36
1486,750,2026-05-14,88.27
1487,750,2026-05-13,128.68
1488,752,2026-05-31,542.52
1489,752,2026-06-04,430.46
1490,752,2026-06-16,1507.47
1491,754,2026-04-11,1087.25
1492,754,2026-01-25,767.67
1493,754,2026-02-18,1990.04
1494,755,2026-04-19,236.21
1495,755,2026-03-06,259.67
1496,755,2026-04-28,331.75
1497,755,2026-06-28,301.84
1498,757,2026-03-24,202.12
1499,758,2026-02-19,629.3
1500,759,2026-05-14,989.4
1501,759,2026-05-19,55.85
1502,759,2026-06-17,910.69
1503,759,2026-05-31,1437.83
1504,760,2026-06-08,263.46
1505,761,2026-06-11,298.03
1506,762,2026-05-23,1452.61
1507,762,2026-05-05,1913.78
1508,762,2026-05-21,2339.91
1509,763,2026-06-13,161.43
1510,763,2026-04-17,550.55
1511,764,2026-04-20,1160.88
1512,765,2026-05-15,780.57
1513,765,2026-06-04,2162.44
1514,765,2026-05-31,1456.0
1515,765,2026-05-31,116.23
1516,766,2026-03-28,1423.52
1517,767,2026-06-01,538.76
1518,767,2026-06-19,1056.62
1519,767,2026-06-02,613.31
1520,768,2026-06-18,1740.94
1521,768,2026-05-30,1410.4
1522,768,2026-06-02,755.59
1523,770,2026-02-24,11.48
1524,772,2026-04-22,1296.06
1525,772,2026-05-19,126.52
1526,772,2026-04-28,2544.38
1527,772,2026-05-29,1730.47
1528,773,2026-03-18,2444.51
1529,775,2026-05-06,495.46
1530,775,2026-05-21,413.71
1531,777,2026-03-21,239.42
1532,777,2026-04-24,443.11
1533,777,2026-03-28,875.44
1534,777,2026-05-29,112.08
1535,778,2026-05-04,787.74
1536,778,2026-03-09,816.66
1537,779,2026-04-10,1196.22
1538,779,2026-03-28,1343.98
1539,779,2026-06-25,779.79
1540,780,2026-04-13,106.26
1541,781,2026-04-13,1034.44
1542,782,2026-04-17,1844.62
1543,782,2026-04-15,29.5
1544,782,2026-05-17,666.93
1545,782,2026-05-26,254.36
1546,783,2026-04-15,110.74
1547,783,2026-01-10,65.24
1548,784,2026-06-11,368.41
1549,784,2026-06-11,522.08
1550,784,2026-06-17,783.96
1551,784,2026-05-21,812.45
1552,785,2026-05-14,384.79
1553,785,2026-06-29,216.55
1554,785,2026-06-11,156.07
1555,786,2026-04-24,10.73
1556,786,2026-06-30,25.65
1557,786,2026-06-10,34.93
1558,787,2026-06-27,104.22
1559,787,2026-04-19,47.96
1560,787,2026-05-08,313.31
1561,787,2026-06-20,193.74
1562,788,2026-03-16,1099.4
1563,788,2026-03-27,1127.91
1564,789,2026-05-19,646.69
1565,791,2026-06-08,352.15
1566,792,2026-06-21,134.61
1567,793,2026-05-09,1053.92
1568,793,2026-06-04,200.73
1569,794,2026-06-22,25.72
1570,795,2026-03-08,258.76
1571,795,2026-04-25,193.93
1572,796,2026-06-05,513.31
1573,796,2026-05-22,218.6
1574,797,2026-06-08,1523.51
1575,797,2026-04-19,1441.47
1576,797,2026-06-04,1457.99
1577,797,2026-03-24,789.99
1578,798,2026-05-20,276.06
1579,798,2026-03-10,80.05
1580,800,2026-06-28,1070.42
1581,801,2026-05-07,765.78
1582,803,2026-05-22,436.13
1583,803,2026-06-18,506.4
1584,804,2026-04-01,1225.25
1585,804,2026-06-20,170.96
1586,804,2026-06-26,2340.29
1587,806,2026-05-31,732.5
1588,807,2026-03-04,462.13
1589,807,2026-06-19,188.13
1590,808,2026-05-23,2779.95
1591,808,2026-05-24,791.69
1592,808,2026-06-27,1726.39
1593,809,2026-06-09,1039.01
1594,809,2026-05-27,1712.44
1595,809,2026-06-16,1772.38
1596,810,2026-03-14,154.65
1597,811,2026-03-28,1613.72
1598,812,2026-06-29,447.87
1599,812,2026-06-18,26.66
1600,813,2026-06-25,945.59
1601,813,2026-06-07,1468.27
1602,814,2026-03-25,832.89
1603,815,2026-03-02,614.05
1604,815,2026-06-10,877.25
1605,816,2026-06-08,630.92
1606,817,2026-03-06,294.49
1607,817,2026-03-25,2013.87
1608,817,2026-03-03,565.18
1609,818,2026-06-28,422.6
1610,818,2026-06-06,575.14
1611,818,2026-03-28,1123.81
1612,819,2026-06-30,268.6
1613,819,2026-02-15,98.61
1614,819,2026-06-19,127.82
1615,820,2026-03-14,2828.39
1616,820,2026-04-05,1371.35
1617,820,2026-05-12,1751.03
1618,820,2026-06-16,723.97
1619,821,2026-05-29,828.99
1620,822,2026-06-06,456.52
1621,824,2026-06-06,411.62
1622,824,2026-06-15,931.3
1623,824,2026-05-30,2638.86
1624,824,2026-06-21,1656.86
1625,825,2026-04-17,401.31
1626,825,2026-04-07,1351.34
1627,825,2026-05-13,853.16
1628,828,2026-05-27,346.41
1629,829,2026-05-15,841.48
1630,829,2026-06-09,1282.53
1631,832,2026-06-06,171.29
1632,832,2026-03-16,901.1
1633,832,2026-06-07,769.42
1634,832,2026-03-19,1685.31
1635,833,2026-06-18,380.71
1636,836,2026-06-05,2635.02
1637,836,2026-05-10,53.94
1638,836,2026-05-23,979.03
1639,837,2026-06-09,93.82
1640,837,2026-01-11,353.32
1641,837,2026-04-14,170.16
1642,837,2026-05-08,228.79
1643,838,2026-03-17,393.04
1644,838,2026-04-30,313.23
1645,838,2026-05-21,704.53
1646,838,2026-01-25,459.51
1647,839,2026-05-31,449.34
1648,839,2026-05-14,558.23
1649,842,2026-03-13,270.72
1650,842,2026-05-28,27.87
1651,842,2026-06-15,110.92
1652,843,2026-03-02,243.17
1653,843,2026-04-20,545.68
1654,844,2026-05-26,16.49
1655,844,2026-03-01,596.45
1656,844,2026-03-28,459.06
1657,844,2026-05-13,321.19
1658,846,2026-06-12,523.49
1659,846,2026-06-15,389.63
1660,846,2026-05-28,427.31
1661,846,2026-06-08,106.29
1662,847,2026-05-20,294.04
1663,848,2026-04-26,416.32
1664,848,2026-02-14,1688.34
1665,848,2026-05-01,1208.47
1666,849,2026-05-23,959.48
1667,849,2026-05-22,691.56
1668,849,2026-06-09,437.0
1669,849,2026-05-25,862.21
1670,850,2026-05-14,1012.52
1671,850,2026-05-22,913.65
1672,850,2026-02-25,1662.43
1673,850,2026-04-03,2183.73
1674,851,2026-06-05,2019.31
1675,852,2026-05-23,1148.35
1676,852,2026-05-22,2388.53
1677,852,2026-02-26,174.11
1678,852,2026-05-22,316.14
1679,853,2026-06-06,138.38
1680,854,2026-05-12,180.43
1681,854,2026-04-27,461.6
1682,854,2026-05-06,738.05
1683,855,2026-03-02,1062.01
1684,855,2026-06-22,1234.71
1685,856,2026-04-09,83.8
1686,856,2026-05-31,501.74
1687,856,2026-06-23,165.95
1688,857,2026-03-29,528.5
1689,859,2026-05-28,560.32
1690,859,2026-06-21,760.41
1691,859,2026-06-18,455.82
1692,859,2026-06-30,968.43
1693,861,2026-05-06,422.33
1694,863,2026-06-09,109.05
1695,864,2026-04-07,691.51
1696,864,2026-06-16,1780.63
1697,865,2026-05-31,1423.66
1698,867,2026-04-14,1255.08
1699,868,2026-06-11,134.82
1700,868,2026-04-21,213.01
1701,868,2026-05-21,159.63
1702,869,2026-04-05,240.56
1703,869,2026-03-17,500.9
1704,869,2026-02-23,339.26
1705,869,2026-04-18,696.27
1706,870,2026-03-31,225.51
1707,870,2026-05-24,114.34
1708,870,2026-06-23,901.98
1709,871,2026-06-30,460.0
1710,872,2026-05-15,2567.31
1711,872,2026-05-07,1382.09
1712,873,2026-03-10,1522.47
1713,873,2026-06-22,306.73
1714,873,2026-06-22,1580.24
1715,873,2026-03-03,442.05
1716,874,2026-03-22,1199.28
1717,874,2026-05-17,866.6
1718,875,2026-06-25,2355.28
1719,875,2026-05-04,1673.67
1720,875,2026-06-10,94.18
1721,876,2026-02-10,1397.29
1722,876,2026-06-10,1834.72
1723,876,2026-05-11,1382.9
1724,876,2026-01-25,1481.9
1725,877,2026-06-02,727.48
1726,878,2026-05-13,1116.15
1727,878,2026-06-27,841.85
1728,878,2026-04-19,765.06
1729,878,2026-04-13,1326.04
1730,879,2026-06-14,132.06
1731,879,2026-06-01,85.22
1732,880,2026-03-27,324.91
1733,880,2026-04-18,351.95
1734,881,2026-06-21,588.11
1735,881,2026-06-16,393.6
1736,881,2026-05-15,551.69
1737,882,2026-03-28,764.74
1738,882,2026-06-17,192.43
1739,884,2026-06-22,875.38
1740,884,2026-03-16,2128.25
1741,884,2026-04-08,2400.89
1742,884,2026-05-22,957.2
1743,886,2026-06-22,142.13
1744,887,2026-04-07,1625.12
1745,887,2026-03-19,2200.87
1746,887,2026-06-04,2574.3
1747,887,2026-06-06,2437.59
1748,888,2026-04-01,1506.95
1749,889,2026-02-21,140.13
1750,889,2026-03-28,189.56
1751,890,2026-06-22,1827.49
1752,891,2026-06-25,518.36
1753,892,2026-06-09,437.3
1754,892,2026-06-01,1505.57
1755,894,2026-05-24,35.75
1756,895,2026-03-30,875.31
1757,895,2026-03-24,80.12
1758,895,2026-03-17,804.08
1759,896,2026-05-21,51.83
1760,896,2026-04-24,188.24
1761,896,2026-05-19,703.57
1762,896,2026-03-18,335.94
1763,897,2026-02-11,145.82
1764,897,2026-02-18,379.68
1765,897,2026-01-27,141.67
1766,897,2026-01-09,382.83
1767,899,2026-06-09,2613.39
1768,899,2026-06-03,99.59
1769,899,2026-03-25,519.44
1770,899,2026-03-11,2388.87
1771,900,2026-03-28,1121.55
1772,902,2026-06-21,1402.1
1773,902,2026-04-03,290.59
1774,903,2026-06-09,660.62
1775,903,2026-04-20,601.75
1776,903,2026-04-04,564.68
1777,904,2026-05-02,655.12
1778,905,2026-04-27,1457.92
1779,905,2026-05-06,2573.68
1780,905,2026-06-21,2231.96
1781,906,2026-05-26,83.36
1782,906,2026-06-26,34.26
1783,908,2026-05-06,956.65
1784,908,2026-05-01,732.33
1785,909,2026-06-15,2261.73
1786,909,2026-06-02,1340.43
1787,909,2026-04-26,165.62
1788,910,2026-06-11,343.21
1789,910,2026-06-11,525.93
1790,910,2026-03-30,1088.97
1791,912,2026-05-29,875.94
1792,912,2026-03-13,1554.85
1793,913,2026-04-27,107.91
1794,913,2026-05-28,1973.51
1795,914,2026-05-25,1606.06
1796,914,2026-06-16,109.34
1797,914,2026-06-19,790.21
1798,914,2026-04-28,1312.6
1799,915,2026-04-13,91.34
1800,915,2026-04-06,282.27
1801,916,2026-05-12,118.18
1802,916,2026-05-22,14.31
1803,916,2026-05-01,86.55
1804,917,2026-06-17,68.75
1805,917,2026-05-31,1744.04
1806,917,2026-06-03,2147.3
1807,919,2026-06-29,489.74
1808,919,2026-04-28,450.57
1809,919,2026-06-10,2688.57
1810,920,2026-06-17,85.14
1811,920,2026-05-19,48.63
1812,921,2026-04-02,1693.82
1813,921,2026-06-02,474.07
1814,921,2026-06-19,754.79
1815,921,2026-03-27,1473.25
1816,922,2026-05-07,1613.8
1817,922,2026-04-17,77.16
1818,923,2026-05-19,591.96
1819,923,2026-06-05,1411.47
1820,923,2026-06-18,1406.45
1821,923,2026-04-20,607.56
1822,924,2026-03-01,848.98
1823,924,2026-03-12,1085.77
1824,924,2026-05-03,946.81
1825,924,2026-03-19,151.5
1826,925,2026-03-28,67.49
1827,925,2026-04-11,954.54
1828,927,2026-04-24,218.71
1829,927,2026-04-16,720.06
1830,928,2026-05-26,1815.35
1831,928,2026-06-11,868.06
1832,929,2026-01-26,2340.86
1833,929,2026-02-13,930.8
1834,929,2026-05-16,194.5
1835,930,2026-03-20,422.07
1836,930,2026-06-30,548.43
1837,930,2026-02-10,174.84
1838,931,2026-06-01,1617.96
1839,931,2026-06-09,1140.73
1840,931,2026-04-13,1085.99
1841,931,2026-06-01,866.88
1842,932,2026-02-26,1167.27
1843,932,2026-06-12,2665.1
1844,933,2026-05-05,509.72
1845,933,2026-06-11,251.59
1846,933,2026-05-26,451.06
1847,934,2026-03-27,919.7
1848,934,2026-01-30,150.76
1849,934,2026-05-16,1831.35
1850,934,2026-03-16,430.12
1851,935,2026-05-29,824.26
1852,935,2026-05-07,362.15
1853,935,2026-03-05,1617.65
1854,936,2026-05-19,74.89
1855,936,2026-06-08,91.02
1856,936,2026-03-07,30.94
1857,937,2026-05-24,1892.92
1858,938,2026-04-19,573.71
1859,939,2026-05-04,1337.59
1860,939,2026-02-13,1416.95
1861,940,2026-05-08,897.46
1862,940,2026-04-29,525.92
1863,940,2026-05-07,302.03
1864,941,2026-05-21,145.18
1865,941,2026-05-24,445.48
1866,941,2026-06-16,432.74
1867,943,2026-04-11,611.45
1868,943,2026-06-20,611.66
1869,943,2026-03-01,811.06
1870,943,2026-06-17,103.75
1871,945,2026-01-20,290.89
1872,945,2026-04-09,1692.4
1873,945,2026-06-30,641.56
1874,945,2026-02-17,1571.73
1875,946,2026-05-21,2241.29
1876,946,2026-05-11,2776.63
1877,946,2026-06-28,822.66
1878,946,2026-04-15,329.4
1879,947,2026-03-19,124.7
1880,947,2026-03-03,96.63
1881,948,2026-06-08,740.13
1882,948,2026-06-04,229.91
1883,948,2026-05-28,168.76
1884,948,2026-06-02,1079.82
1885,950,2026-05-16,455.91
1886,951,2026-01-09,24.94
1887,951,2026-03-21,40.31
1888,951,2026-06-08,36.98
1889,953,2026-04-03,2002.84
1890,953,2026-05-02,1136.94
1891,953,2026-04-04,1447.16
1892,953,2026-05-19,781.23
1893,955,2026-05-27,25.31
1894,955,2026-04-29,92.9
1895,955,2026-05-13,67.0
1896,956,2026-05-31,1285.74
1897,956,2026-04-14,772.28
1898,956,2026-04-20,1768.89
1899,957,2026-03-06,780.22
1900,957,2026-02-28,598.87
1901,957,2026-05-19,356.46
1902,957,2026-03-20,359.17
1903,958,2026-04-06,341.39
1904,958,2026-06-18,2224.91
1905,958,2026-04-22,381.02
1906,958,2026-05-22,2223.97
1907,959,2026-04-23,1611.76
1908,959,2026-06-13,2336.32
1909,959,2026-06-21,2331.22
1910,959,2026-03-13,743.99
1911,960,2026-05-18,1889.77
1912,960,2026-02-15,640.11
1913,961,2026-04-17,19.66
1914,961,2026-06-18,29.03
1915,962,2026-03-04,366.94
1916,962,2026-01-20,124.95
1917,962,2026-01-30,1222.08
1918,962,2026-06-12,1137.71
1919,963,2026-05-23,1378.13
1920,963,2026-06-08,1093.19
1921,963,2026-06-06,1465.77
1922,963,2026-05-16,569.25
1923,964,2026-05-17,715.71
1924,964,2026-06-30,289.46
1925,965,2026-05-11,100.07
1926,966,2026-05-30,1440.44
1927,966,2026-05-28,112.02
1928,967,2026-05-14,149.12
1929,967,2026-05-13,2149.89
1930,969,2026-06-07,1658.73
1931,969,2026-06-30,82.23
1932,969,2026-05-25,1583.09
1933,970,2026-05-18,125.36
1934,970,2026-05-04,121.73
1935,971,2026-04-15,496.21
1936,971,2026-04-24,423.04
1937,971,2026-03-08,925.71
1938,971,2026-04-01,904.68
1939,972,2026-04-23,751.72
1940,972,2026-01-24,88.01
1941,973,2026-06-28,1726.19
1942,973,2026-05-21,690.6
1943,975,2026-04-04,67.05
1944,975,2026-04-15,15.14
1945,976,2026-06-23,499.94
1946,977,2026-01-23,164.11
1947,977,2026-04-14,1443.23
1948,977,2026-04-27,1889.91
1949,977,2026-03-13,1261.73
1950,978,2026-06-24,1888.67
1951,979,2026-05-24,610.93
1952,979,2026-04-26,1004.52
1953,979,2026-05-17,448.0
1954,981,2026-05-14,491.41
1955,981,2026-06-05,287.26
1956,981,2026-05-10,1418.33
1957,982,2026-05-31,134.84
1958,982,2026-05-29,29.96
1959,983,2026-06-09,192.11
1960,983,2026-05-20,177.25
1961,983,2026-04-19,89.61
1962,983,2026-05-02,59.63
1963,984,2026-04-09,608.39
1964,984,2026-05-08,747.37
1965,985,2026-06-28,67.95
1966,985,2026-03-06,40.56
1967,986,2026-06-27,575.5
1968,987,2026-02-14,330.36
1969,987,2026-03-09,249.88
1970,987,2026-03-12,294.25
1971,987,2026-06-21,83.44
1972,989,2026-06-01,2280.77
1973,989,2026-06-04,1733.22
1974,990,2026-06-21,1385.99
1975,992,2026-06-15,52.78
1976,993,2026-06-07,312.52
1977,993,2026-06-09,608.89
1978,993,2026-06-01,476.43
1979,993,2026-04-24,776.19
1980,994,2026-06-19,1113.81
1981,995,2026-06-04,1470.61
1982,995,2026-06-10,2549.75
1983,995,2026-06-07,2215.77
1984,996,2026-02-27,1595.07
1985,996,2026-03-08,1890.3
1986,997,2026-06-29,910.52
1987,998,2026-02-16,2161.31
1988,998,2026-06-28,1734.94
1989,1000,2026-06-25,137.92
1990,1000,2026-06-16,98.0
1991,1000,2026-06-11,118.4
1992,1002,2026-04-30,757.61
1993,1002,2026-06-01,1956.23
1994,1002,2026-05-09,2009.04
1995,1003,2026-04-08,147.99
1996,1003,2026-06-29,1437.27
1997,1004,2026-04-20,1091.73
1998,1004,2026-04-20,1210.35
1999,1004,2026-06-18,283.28
2000,1004,2026-03-26,57.37
2001,1005,2026-06-19,577.47
2002,1006,2026-06-04,1059.37
2003,1006,2026-05-18,1076.23
2004,1006,2026-06-22,521.12
2005,1007,2026-05-21,409.77
2006,1007,2026-02-14,1417.73
2007,1009,2026-05-05,324.35
2008,1010,2026-05-08,1010.16
2009,1011,2026-02-08,460.84
2010,1012,2026-06-19,1916.26
2011,1012,2026-05-19,1174.23
2012,1013,2026-06-02,129.43
2013,1013,2026-05-25,501.35
2014,1013,2026-06-01,1601.56
2015,1015,2026-04-10,1985.91
2016,1015,2026-03-26,353.47
2017,1015,2026-04-04,560.03
2018,1016,2026-03-08,1493.92
2019,1016,2026-03-14,492.69
2020,1016,2026-05-11,937.3
2021,1016,2026-05-04,159.84
2022,1018,2026-05-21,38.59
2023,1018,2026-02-22,118.31
2024,1018,2026-04-22,93.34
2025,1019,2026-03-05,57.19
2026,1019,2026-05-12,381.08
2027,1021,2026-02-11,68.85
2028,1023,2026-06-07,2213.87
2029,1023,2026-06-25,1253.77
2030,1023,2026-06-25,1100.54
2031,1023,2026-05-28,1628.83
2032,1024,2026-06-21,1771.9
2033,1024,2026-05-20,1679.68
2034,1024,2026-05-07,486.28
2035,1024,2026-04-26,336.86
2036,1026,2026-06-12,2866.08
2037,1026,2026-06-08,2612.62
2038,1027,2026-04-01,96.57
2039,1027,2026-04-30,1076.15
2040,1028,2026-05-21,1714.12
2041,1028,2026-06-04,370.06
2042,1028,2026-05-23,1834.37
2043,1028,2026-05-19,593.89
2044,1029,2026-04-26,451.98
2045,1029,2026-05-08,289.55
2046,1029,2026-04-10,163.85
2047,1030,2026-05-23,2302.86
2048,1030,2026-05-14,1963.83
2049,1031,2026-06-24,716.84
2050,1032,2026-05-09,216.69
2051,1033,2026-06-26,311.84
2052,1034,2026-06-17,1662.28
2053,1034,2026-05-26,1092.12
2054,1035,2026-05-30,595.75
2055,1035,2026-03-22,153.15
2056,1035,2026-06-21,380.76
2057,1035,2026-04-01,942.63
2058,1036,2026-05-09,1536.59
2059,1036,2026-06-21,1656.27
2060,1038,2026-05-08,520.92
2061,1039,2026-04-10,75.69
2062,1039,2026-06-12,127.53
2063,1039,2026-05-17,648.7
2064,1039,2026-03-30,384.92
2065,1040,2026-04-25,1980.29
2066,1040,2026-06-17,1923.21
2067,1040,2026-04-02,1999.08
2068,1042,2026-05-29,2063.4
2069,1042,2026-06-28,967.35
2070,1042,2026-04-30,2148.53
2071,1043,2026-03-22,233.64
2072,1043,2026-03-17,48.06
2073,1043,2026-02-23,365.01
2074,1044,2026-02-25,95.9
2075,1044,2026-03-15,2391.41
2076,1044,2026-03-07,866.72
2077,1044,2026-02-15,1544.45
2078,1046,2026-05-28,834.34
2079,1046,2026-06-20,454.96
2080,1046,2026-05-23,1153.22
2081,1047,2026-06-15,748.58
2082,1047,2026-06-08,1339.41
2083,1047,2026-06-30,658.55
2084,1047,2026-06-11,663.01
2085,1048,2026-01-22,200.93
2086,1048,2026-03-11,422.4
2087,1048,2026-02-20,402.07
2088,1049,2026-04-11,337.38
2089,1049,2026-06-10,740.8
2090,1050,2026-04-05,1805.94
2091,1050,2026-05-06,1559.54
2092,1052,2026-06-30,675.17
2093,1052,2026-01-24,467.91
2094,1052,2026-03-27,812.26
2095,1053,2026-04-11,361.28
2096,1054,2026-04-19,1508.61
2097,1054,2026-05-16,384.0
2098,1054,2026-05-02,2162.26
2099,1054,2026-04-24,230.41
2100,1055,2026-03-05,998.23
2101,1055,2026-04-21,888.77
2102,1055,2026-02-20,1358.39
2103,1056,2026-03-08,345.12
2104,1056,2026-05-14,476.11
2105,1057,2026-05-31,242.86
2106,1057,2026-05-22,668.6
2107,1057,2026-06-09,589.65
2108,1058,2026-05-25,194.69
2109,1058,2026-03-12,1069.93
2110,1058,2026-02-22,244.67
2111,1058,2026-03-21,263.37
2112,1059,2026-05-27,175.76
2113,1059,2026-06-29,152.18
2114,1059,2026-04-25,83.9
2115,1059,2026-05-24,328.24
2116,1060,2026-05-15,136.53
2117,1060,2026-05-20,683.3
2118,1060,2026-04-27,155.35
2119,1060,2026-05-23,84.72
2120,1061,2026-03-28,32.13
2121,1062,2026-05-13,307.71
2122,1063,2026-06-23,578.92
2123,1064,2026-02-25,312.17
2124,1065,2026-05-01,1175.47
2125,1065,2026-05-07,316.12
2126,1065,2026-06-06,1329.02
2127,1065,2026-04-24,300.11
2128,1066,2026-05-17,1409.49
2129,1066,2026-03-23,2012.04
2130,1066,2026-05-09,1613.36
2131,1067,2026-05-02,595.93
2132,1067,2026-02-24,1150.73
2133,1068,2026-06-28,30.88
2134,1068,2026-06-29,38.83
2135,1068,2026-06-18,33.28
2136,1069,2026-05-11,1534.43
2137,1069,2026-03-17,1407.79
2138,1069,2026-04-10,1008.29
2139,1070,2026-02-20,1459.33
2140,1070,2026-06-24,57.39
2141,1072,2026-06-03,1043.24
2142,1072,2026-04-18,1209.56
2143,1072,2026-04-17,71.92
2144,1073,2026-06-12,137.25
2145,1073,2026-06-13,352.17
2146,1075,2026-06-03,150.15
2147,1076,2026-05-06,123.41
2148,1076,2026-04-21,1278.64
2149,1076,2026-05-10,909.0
2150,1076,2026-05-07,1474.4
2151,1077,2026-05-14,2023.57
2152,1077,2026-05-15,492.96
2153,1077,2026-04-23,337.37
2154,1078,2026-04-05,865.26
2155,1078,2026-06-28,262.67
2156,1078,2026-05-22,617.54
2157,1079,2026-03-31,83.86
2158,1079,2026-05-01,981.27
2159,1079,2026-04-16,526.93
2160,1079,2026-04-23,872.99
2161,1080,2026-05-11,658.35
2162,1080,2026-06-19,567.84
2163,1080,2026-06-04,364.81
2164,1081,2026-02-16,1622.04
2165,1081,2026-02-12,1186.04
2166,1082,2026-04-08,206.37
2167,1082,2026-05-24,94.64
2168,1083,2026-06-11,768.6
2169,1083,2026-06-19,106.06
2170,1084,2026-05-11,403.78
2171,1084,2026-04-22,289.91
2172,1084,2026-06-17,346.18
2173,1084,2026-06-25,341.63
2174,1085,2026-05-13,579.89
2175,1085,2026-06-14,424.14
2176,1085,2026-05-22,92.04
2177,1085,2026-05-09,247.94
2178,1086,2026-05-05,741.94
2179,1086,2026-02-19,1311.71
2180,1087,2026-06-19,1550.2
2181,1087,2026-04-10,1545.73
2182,1087,2026-04-11,1817.46
2183,1087,2026-04-13,304.03
2184,1088,2026-04-30,1364.5
2185,1088,2026-05-18,1210.15
2186,1088,2026-03-28,1158.29
2187,1088,2026-05-18,1480.73
2188,1089,2026-02-08,602.25
2189,1089,2026-01-22,615.71
2190,1089,2026-06-16,440.13
2191,1089,2026-04-05,703.52
2192,1090,2026-05-07,165.63
2193,1091,2026-06-19,71.59
2194,1091,2026-06-05,423.69
2195,1091,2026-06-23,744.36
2196,1091,2026-06-09,564.38
2197,1092,2026-05-24,120.31
2198,1093,2026-02-03,114.62
2199,1093,2026-06-17,335.87
2200,1093,2026-06-27,174.69
2201,1093,2026-04-20,631.68
2202,1094,2026-05-19,539.86
2203,1094,2026-01-21,654.96
2204,1094,2026-04-04,1495.86
2205,1094,2026-02-14,329.79
2206,1095,2026-05-22,1819.33
2207,1096,2026-05-26,994.54
2208,1096,2026-05-19,1287.54
2209,1096,2026-06-09,946.03
2210,1097,2026-06-29,1341.84
2211,1098,2026-05-10,783.28
2212,1099,2026-05-19,229.3
2213,1100,2026-05-30,1224.46
2214,1101,2026-05-18,871.53
2215,1102,2026-06-16,175.11
2216,1102,2026-03-19,181.28
2217,1102,2026-05-13,176.21
2218,1102,2026-05-20,77.35
2219,1103,2026-06-15,93.99
2220,1104,2026-04-29,305.04
2221,1104,2026-03-01,97.78
2222,1105,2026-06-18,253.29
2223,1105,2026-06-26,167.41
2224,1106,2026-05-14,475.19
2225,1107,2026-05-24,235.95
2226,1108,2026-02-08,151.43
2227,1108,2026-04-21,235.29
2228,1108,2026-01-26,80.48
2229,1108,2026-01-17,165.61
2230,1109,2026-05-25,138.09
2231,1110,2026-06-27,2504.54
2232,1110,2026-05-21,1650.96
2233,1110,2026-05-26,324.21
2234,1112,2026-05-02,651.93
2235,1112,2026-02-24,151.01
2236,1113,2026-05-16,106.29
2237,1114,2026-02-20,2497.53
2238,1114,2026-06-11,1980.41
2239,1114,2026-02-27,128.5
2240,1115,2026-05-30,403.35
2241,1115,2026-03-02,740.32
2242,1115,2026-04-02,185.55
2243,1116,2026-05-13,2843.73
2244,1116,2026-06-24,1507.02
2245,1116,2026-05-14,2819.45
2246,1117,2026-01-09,1366.95
2247,1117,2026-04-25,1219.64
2248,1117,2026-05-27,474.36
2249,1118,2026-03-22,238.65
2250,1118,2026-05-28,2126.36
2251,1119,2026-04-02,2160.72
2252,1119,2026-05-01,1448.23
2253,1119,2026-02-17,992.99
2254,1119,2026-02-23,61.0
2255,1120,2026-05-19,11.95
2256,1120,2026-05-06,295.48
2257,1121,2026-04-19,131.86
2258,1121,2026-03-08,84.29
2259,1122,2026-06-07,634.48
2260,1122,2026-05-14,23.89
2261,1123,2026-06-24,982.76
2262,1123,2026-06-05,1248.72
2263,1123,2026-02-19,979.94
2264,1124,2026-05-18,321.27
2265,1124,2026-06-09,650.46
2266,1124,2026-05-18,226.22
2267,1125,2026-04-19,192.01
2268,1127,2026-03-15,11.47
2269,1127,2026-05-16,1177.43
2270,1128,2026-05-22,1235.7
2271,1129,2026-05-12,619.19
2272,1129,2026-03-11,374.08
2273,1129,2026-04-23,1726.33
2274,1129,2026-01-29,2969.4
2275,1130,2026-06-20,89.39
2276,1130,2026-06-12,56.96
2277,1130,2026-04-18,38.39
2278,1130,2026-05-07,39.4
2279,1131,2026-05-03,2261.2
2280,1131,2026-04-06,1714.47
2281,1131,2026-04-17,1365.54
2282,1132,2026-04-10,14.48
2283,1133,2026-06-05,14.97
2284,1133,2026-05-13,523.78
2285,1133,2026-04-25,517.8
2286,1134,2026-03-24,1525.66
2287,1135,2026-04-18,668.26
2288,1136,2026-04-30,341.32
2289,1136,2026-04-30,224.46
2290,1136,2026-06-25,346.56
2291,1137,2026-06-07,115.26
2292,1138,2026-05-30,478.63
2293,1138,2026-05-05,179.79
2294,1138,2026-04-03,1364.8
2295,1138,2026-06-09,1547.96
2296,1139,2026-03-30,225.64
2297,1139,2026-02-18,657.84
2298,1140,2026-06-30,273.4
2299,1142,2026-06-14,417.86
2300,1142,2026-05-26,1802.39
2301,1142,2026-06-24,1902.04
2302,1143,2026-03-30,302.88
2303,1143,2026-02-02,227.11
2304,1145,2026-06-10,780.8
2305,1145,2026-05-17,513.57
2306,1145,2026-06-01,640.61
2307,1145,2026-06-04,168.09
2308,1147,2026-05-09,1589.32
2309,1147,2026-05-02,1455.68
2310,1147,2026-04-08,1205.09
2311,1148,2026-02-02,519.07
2312,1151,2026-06-28,1221.56
2313,1152,2026-05-03,1122.76
2314,1152,2026-06-17,849.01
2315,1152,2026-06-27,656.92
2316,1152,2026-05-29,893.32
2317,1154,2026-02-06,1686.38
2318,1154,2026-06-28,1770.15
2319,1154,2026-03-08,1220.73
2320,1155,2026-05-20,106.15
2321,1156,2026-05-31,513.67
2322,1156,2026-06-28,999.19
2323,1157,2026-04-23,881.18
2324,1158,2026-05-03,453.36
2325,1160,2026-05-28,15.78
2326,1160,2026-05-29,135.73
2327,1161,2026-03-02,1260.05
2328,1164,2026-06-20,976.7
2329,1164,2026-06-26,1418.43
2330,1166,2026-04-30,145.41
2331,1167,2026-03-31,1145.68
2332,1167,2026-01-30,1465.44
2333,1167,2026-03-26,1425.39
2334,1168,2026-06-29,1624.23
2335,1168,2026-05-23,1451.9
2336,1169,2026-05-07,246.16
2337,1169,2026-03-19,124.04
2338,1169,2026-06-12,164.49
2339,1170,2026-04-21,476.48
2340,1170,2026-05-27,780.85
2341,1171,2026-06-13,962.59
2342,1171,2026-05-13,66.88
2343,1171,2026-06-30,126.9
2344,1172,2026-05-02,417.65
2345,1173,2026-03-24,27.19
2346,1174,2026-01-24,225.32
2347,1174,2026-04-29,158.13
2348,1175,2026-06-04,98.29
2349,1176,2026-06-21,1585.86
2350,1176,2026-01-29,361.0
2351,1176,2026-02-20,319.07
2352,1176,2026-05-22,646.29
2353,1178,2026-05-14,345.82
2354,1178,2026-04-06,2251.25
2355,1178,2026-04-17,1251.12
2356,1179,2026-02-26,568.0
2357,1179,2026-03-26,597.94
2358,1179,2026-01-28,44.66
2359,1179,2026-06-27,758.52
2360,1181,2026-06-26,560.19
2361,1181,2026-04-07,375.88
2362,1182,2026-06-25,2426.94
2363,1182,2026-03-20,742.2
2364,1182,2026-06-16,2453.9
2365,1182,2026-04-18,675.05
2366,1185,2026-05-13,910.7
2367,1185,2026-06-02,2302.41
2368,1185,2026-05-23,717.66
2369,1185,2026-04-04,911.25
2370,1186,2026-05-30,934.49
2371,1187,2026-04-06,223.02
2372,1188,2026-06-07,1084.55
2373,1189,2026-03-17,495.25
2374,1190,2026-03-09,132.74
2375,1190,2026-05-23,301.23
2376,1190,2026-02-26,17.58
2377,1191,2026-04-23,473.97
2378,1191,2026-06-02,29.3
2379,1191,2026-06-20,309.19
2380,1191,2026-05-17,237.36
2381,1192,2026-05-03,688.88
2382,1192,2026-03-15,1877.91
2383,1192,2026-05-07,1151.04
2384,1192,2026-04-12,369.7
2385,1193,2026-05-14,618.07
2386,1194,2026-02-06,901.76
2387,1194,2026-06-01,1351.12
2388,1195,2026-05-03,236.32
2389,1195,2026-06-19,229.7
2390,1196,2026-03-01,494.6
2391,1196,2026-02-07,506.1
2392,1196,2026-05-26,557.9
2393,1196,2026-01-13,754.25
2394,1197,2026-03-10,1272.77
2395,1197,2026-01-24,467.12
2396,1198,2026-06-07,1204.35
2397,1200,2026-05-23,413.78
2398,1200,2026-06-15,63.75
2399,1200,2026-06-12,605.62
2400,1200,2026-05-26,746.75
2401,1201,2026-03-20,1188.89
2402,1201,2026-06-14,308.7
2403,1202,2026-04-27,1244.7
2404,1202,2026-04-29,1446.53
2405,1202,2026-05-05,489.81
2406,1203,2026-03-23,2184.27
2407,1205,2026-03-08,1089.68
2408,1205,2026-02-06,330.82
2409,1205,2026-03-02,2118.78
2410,1206,2026-05-07,817.02
2411,1206,2026-06-07,891.98
2412,1206,2026-06-30,713.21
2413,1206,2026-06-02,219.37
2414,1208,2026-05-19,1492.63
2415,1208,2026-04-28,1107.19
2416,1210,2026-04-26,83.16
2417,1210,2026-05-07,318.98
2418,1210,2026-04-22,13.65
2419,1210,2026-05-25,257.0
2420,1211,2026-04-08,71.04
2421,1211,2026-03-06,10.96
2422,1211,2026-01-25,304.1
2423,1211,2026-05-15,84.99
2424,1213,2026-05-21,397.95
2425,1216,2026-06-08,38.71
2426,1217,2026-02-20,15.86
2427,1219,2026-05-04,343.37
2428,1220,2026-05-29,697.38
2429,1220,2026-05-15,251.85
2430,1220,2026-06-10,548.35
2431,1220,2026-05-13,822.49
2432,1221,2026-05-31,1539.36
2433,1221,2026-05-03,473.78
2434,1221,2026-05-27,913.74
2435,1221,2026-06-23,1609.79
2436,1222,2026-06-19,1359.43
2437,1222,2026-06-18,1308.74
2438,1222,2026-06-13,500.97
2439,1224,2026-06-24,394.81
2440,1224,2026-04-06,186.52
2441,1224,2026-01-26,604.61
2442,1225,2026-05-30,2841.92
2443,1225,2026-05-17,1725.6
2444,1225,2026-03-20,1567.77
2445,1225,2026-04-24,720.05
2446,1226,2026-03-29,314.25
2447,1226,2026-05-27,757.4
2448,1228,2026-05-16,45.27
2449,1228,2026-05-04,37.29
2450,1228,2026-06-08,22.52
2451,1228,2026-05-26,72.62
2452,1229,2026-05-13,423.85
2453,1229,2026-03-24,137.05
2454,1229,2026-05-25,77.93
2455,1229,2026-05-25,652.5
2456,1230,2026-04-27,417.64
2457,1230,2026-05-13,397.17
2458,1232,2026-05-03,1661.17
2459,1232,2026-06-05,1813.71
2460,1232,2026-05-23,2057.99
2461,1233,2026-04-02,2020.78
2462,1233,2026-02-21,1351.09
2463,1234,2026-05-03,693.07
2464,1234,2026-05-19,1633.07
2465,1234,2026-05-15,1763.94
2466,1236,2026-06-13,781.44
2467,1237,2026-05-22,1781.81
2468,1238,2026-05-02,1287.64
2469,1238,2026-06-15,1335.37
2470,1238,2026-06-04,1596.28
2471,1239,2026-03-10,258.1
2472,1239,2026-04-09,73.07
2473,1239,2026-04-02,362.0
2474,1241,2026-05-03,2041.54
2475,1241,2026-05-03,703.47
2476,1241,2026-03-23,952.68
2477,1242,2026-06-15,1027.8
2478,1243,2026-02-03,1547.84
2479,1244,2026-04-14,95.94
2480,1244,2026-05-29,61.79
2481,1244,2026-06-08,75.54
2482,1244,2026-06-06,160.75
2483,1245,2026-06-28,784.04
2484,1245,2026-06-02,853.26
2485,1245,2026-06-03,2136.82
2486,1246,2026-06-02,52.7
2487,1246,2026-03-29,1480.78
2488,1246,2026-05-29,1446.61
2489,1246,2026-04-27,1030.49
2490,1247,2026-05-23,543.98
2491,1247,2026-05-05,25.82
2492,1249,2026-02-09,1509.67
2493,1249,2026-02-27,988.89
2494,1249,2026-03-31,479.87
2495,1250,2026-03-15,1539.67
2496,1250,2026-06-09,847.07
2497,1250,2026-03-24,1216.47
2498,1251,2026-06-21,2131.35
2499,1251,2026-06-11,1136.21
2500,1252,2026-06-12,1283.42
2501,1253,2026-05-19,388.92
2502,1253,2026-05-14,62.32
2503,1253,2026-06-07,1148.46
2504,1254,2026-05-28,1250.98
2505,1254,2026-05-18,1640.4
2506,1254,2026-06-10,596.76
2507,1255,2026-03-24,505.18
2508,1255,2026-06-06,469.24
2509,1255,2026-04-10,741.12
2510,1255,2026-03-20,372.54
2511,1256,2026-05-12,906.78
2512,1256,2026-05-07,1029.75
2513,1257,2026-06-08,622.68
2514,1257,2026-04-02,296.18
2515,1257,2026-05-26,108.87
2516,1259,2026-04-19,219.58
2517,1259,2026-05-19,62.44
2518,1259,2026-05-12,540.62
2519,1260,2026-05-31,2079.87
2520,1260,2026-06-28,685.51
2521,1260,2026-05-29,1130.0
2522,1260,2026-06-16,1554.75
2523,1261,2026-06-09,1408.97
2524,1262,2026-01-28,52.68
2525,1262,2026-03-14,201.97
2526,1263,2026-06-01,2637.66
2527,1263,2026-06-26,751.04
2528,1263,2026-05-12,685.11
2529,1263,2026-06-01,2370.61
2530,1266,2026-05-28,272.65
2531,1266,2026-05-26,14.85
2532,1266,2026-06-09,284.39
2533,1267,2026-05-07,2269.43
2534,1267,2026-04-02,39.99
2535,1267,2026-05-21,284.21
2536,1268,2026-04-02,142.19
2537,1269,2026-06-28,128.54
2538,1270,2026-06-09,183.57
2539,1270,2026-05-11,1256.83
2540,1270,2026-06-15,1280.85
2541,1272,2026-05-21,1400.53
2542,1272,2026-04-17,376.77
2543,1273,2026-05-08,493.53
2544,1273,2026-06-30,605.75
2545,1273,2026-04-24,352.54
2546,1274,2026-05-24,1111.75
2547,1274,2026-06-24,651.44
2548,1274,2026-05-28,2019.21
2549,1274,2026-06-10,451.22
2550,1275,2026-05-10,2529.54
2551,1275,2026-04-29,2717.18
2552,1275,2026-05-29,527.24
2553,1276,2026-03-02,1322.43
2554,1276,2026-03-01,783.06
2555,1276,2026-04-25,1010.03
2556,1276,2026-06-16,900.99
2557,1277,2026-02-12,668.75
2558,1277,2026-03-21,208.57
2559,1277,2026-06-06,308.84
2560,1277,2026-02-20,900.38
2561,1278,2026-06-18,745.49
2562,1278,2026-05-31,1180.8
2563,1278,2026-04-29,690.23
2564,1278,2026-06-15,1653.95
2565,1279,2026-06-08,162.24
2566,1279,2026-04-04,1533.13
2567,1279,2026-05-27,978.86
2568,1279,2026-06-26,1605.21
2569,1280,2026-05-09,1795.87
2570,1280,2026-05-10,482.92
2571,1280,2026-06-22,1665.69
2572,1281,2026-06-04,434.04
2573,1281,2026-06-17,352.74
2574,1281,2026-06-18,263.6
2575,1281,2026-04-08,523.89
2576,1282,2026-06-19,680.27
2577,1282,2026-06-30,408.18
2578,1285,2026-05-20,712.22
2579,1285,2026-04-20,159.2
2580,1285,2026-05-07,832.85
2581,1286,2026-06-29,74.85
2582,1286,2026-06-30,617.91
2583,1287,2026-04-01,219.93
2584,1287,2026-04-23,585.64
2585,1287,2026-06-03,146.91
2586,1288,2026-05-28,72.82
2587,1288,2026-05-07,553.43
2588,1288,2026-05-18,774.5
2589,1289,2026-05-28,211.64
2590,1290,2026-04-27,1267.01
2591,1290,2026-06-19,163.54
2592,1292,2026-05-30,621.18
2593,1293,2026-05-21,640.48
2594,1293,2026-04-20,465.85
2595,1293,2026-05-02,362.39
2596,1294,2026-05-23,561.78
2597,1295,2026-05-15,286.94
2598,1296,2026-03-25,2000.24
2599,1297,2026-04-25,1686.04
2600,1298,2026-04-22,483.34
2601,1299,2026-05-05,733.49
2602,1299,2026-06-20,1926.83
2603,1301,2026-06-10,82.22
2604,1304,2026-05-16,1047.68
2605,1304,2026-06-01,388.02
2606,1304,2026-05-07,1390.33
2607,1305,2026-05-17,2188.26
2608,1305,2026-05-27,450.92
2609,1307,2026-03-23,181.03
2610,1308,2026-03-19,110.51
2611,1308,2026-06-21,83.27
2612,1308,2026-03-15,43.1
2613,1308,2026-03-10,84.65
2614,1309,2026-05-04,401.12
2615,1309,2026-05-20,590.27
2616,1309,2026-04-18,16.52
2617,1310,2026-06-25,735.42
2618,1311,2026-05-18,555.9
2619,1311,2026-05-14,147.92
2620,1311,2026-05-27,629.61
2621,1312,2026-05-20,896.21
2622,1313,2026-06-25,548.47
2623,1313,2026-06-22,440.6
2624,1314,2026-06-21,451.58
2625,1315,2026-06-12,40.3
2626,1316,2026-01-06,372.99
2627,1316,2026-02-06,374.33
2628,1316,2026-03-13,263.36
2629,1317,2026-04-05,2207.62
2630,1317,2026-05-31,1972.58
2631,1318,2026-06-28,1067.12
2632,1318,2026-05-22,836.55
2633,1318,2026-05-11,24.87
2634,1318,2026-06-26,528.27
2635,1319,2026-04-12,1193.57
2636,1319,2026-06-18,1089.23
2637,1319,2026-05-06,597.71
2638,1321,2026-04-30,1439.98
2639,1321,2026-03-09,242.28
2640,1321,2026-06-13,196.53
2641,1321,2026-04-18,1304.0
2642,1323,2026-05-25,49.01
2643,1323,2026-02-19,188.35
2644,1323,2026-03-01,255.1
2645,1324,2026-04-12,872.78
2646,1324,2026-04-07,1461.01
2647,1324,2026-03-12,418.77
2648,1324,2026-04-14,559.26
2649,1325,2026-05-29,1041.8
2650,1325,2026-02-17,139.6
2651,1327,2026-06-14,2235.95
2652,1327,2026-06-09,976.0
2653,1327,2026-04-20,1007.62
2654,1328,2026-05-31,754.38
2655,1328,2026-06-12,209.58
2656,1330,2026-06-09,733.3
2657,1330,2026-05-19,1388.12
2658,1330,2026-05-23,1126.52
2659,1330,2026-06-07,750.1
2660,1331,2026-06-01,964.36
2661,1331,2026-04-16,786.58
2662,1333,2026-03-03,31.35
2663,1334,2026-05-25,667.32
2664,1335,2026-03-22,738.84
2665,1336,2026-05-14,97.81
2666,1336,2026-06-28,208.35
2667,1336,2026-04-16,47.95
2668,1336,2026-06-26,132.23
2669,1337,2026-03-23,1171.28
2670,1337,2026-06-11,441.83
2671,1338,2026-06-16,144.12
2672,1338,2026-04-02,387.09
2673,1339,2026-06-09,278.69
2674,1339,2026-06-26,198.63
2675,1339,2026-05-19,422.09
2676,1339,2026-05-13,370.84
2677,1340,2026-05-24,18.17
2678,1340,2026-04-27,84.49
2679,1340,2026-05-23,47.81
2680,1340,2026-03-11,57.81
2681,1341,2026-04-13,1458.47
2682,1341,2026-06-28,913.03
2683,1342,2026-06-29,180.33
2684,1343,2026-06-15,558.21
2685,1345,2026-05-02,836.6
2686,1345,2026-06-21,748.69
2687,1346,2026-04-30,373.79
2688,1347,2026-03-03,158.34
2689,1347,2026-02-28,193.19
2690,1347,2026-05-14,101.63
2691,1348,2026-03-05,67.94
2692,1348,2026-04-05,127.69
2693,1348,2026-05-17,67.7
2694,1348,2026-03-28,135.32
2695,1349,2026-04-11,88.43
2696,1349,2026-05-14,79.35
2697,1349,2026-04-06,212.83
2698,1349,2026-06-12,170.36
2699,1351,2026-05-23,1814.22
2700,1351,2026-05-25,726.78
2701,1352,2026-05-28,769.23
2702,1352,2026-05-18,1933.91
2703,1352,2026-05-15,2206.41
2704,1353,2026-06-19,473.45
2705,1353,2026-06-12,1708.96
2706,1354,2026-06-23,82.01
2707,1354,2026-06-01,877.93
2708,1354,2026-05-31,829.13
2709,1354,2026-06-05,214.31
2710,1355,2026-06-15,530.15
2711,1357,2026-03-11,399.29
2712,1357,2026-03-02,201.75
2713,1357,2026-03-15,385.39
2714,1357,2026-04-06,1156.49
2715,1359,2026-05-14,1288.87
2716,1360,2026-05-26,1166.8
2717,1360,2026-06-05,779.4
2718,1360,2026-04-11,1126.36
2719,1360,2026-04-26,441.71
2720,1361,2026-05-28,2808.81
2721,1361,2026-05-04,585.96
2722,1361,2026-06-08,294.35
2723,1362,2026-05-27,684.76
2724,1363,2026-05-22,614.85
2725,1363,2026-06-30,913.83
2726,1363,2026-06-29,885.73
2727,1364,2026-03-29,989.31
2728,1365,2026-05-22,329.97
2729,1365,2026-02-12,301.81
2730,1365,2026-03-31,269.14
2731,1366,2026-05-26,1433.8
2732,1366,2026-06-30,546.32
2733,1368,2026-04-19,1109.18
2734,1368,2026-06-14,1499.65
2735,1372,2026-03-22,140.91
2736,1372,2026-05-15,120.26
2737,1372,2026-02-26,1685.52
2738,1372,2026-06-23,280.29
2739,1373,2026-06-02,700.9
2740,1373,2026-03-03,856.51
2741,1373,2026-02-05,644.03
2742,1373,2026-02-02,581.38
2743,1374,2026-06-09,1507.59
2744,1374,2026-05-29,2176.88
2745,1374,2026-05-25,1159.6
2746,1374,2026-06-15,1528.18
2747,1375,2026-06-21,944.64
2748,1375,2026-01-25,1423.26
2749,1376,2026-06-09,133.55
2750,1377,2026-06-10,947.26
2751,1377,2026-05-29,2024.56
2752,1377,2026-04-14,1173.8
2753,1379,2026-06-27,178.12
2754,1379,2026-05-22,521.09
2755,1381,2026-06-27,1122.49
2756,1381,2026-06-17,916.67
2757,1381,2026-06-05,595.93
2758,1382,2026-06-14,488.1
2759,1382,2026-06-10,468.57
2760,1382,2026-06-17,537.74
2761,1383,2026-04-19,343.4
2762,1384,2026-01-16,1114.5
2763,1386,2026-05-23,2633.5
2764,1386,2026-06-28,1887.77
2765,1386,2026-05-20,477.97
2766,1386,2026-06-02,575.16
2767,1387,2026-06-05,776.78
2768,1387,2026-04-13,754.42
2769,1389,2026-05-29,152.25
2770,1389,2026-02-24,141.57
2771,1389,2026-03-07,68.59
2772,1390,2026-02-08,180.73
2773,1390,2026-01-10,248.26
2774,1390,2026-03-30,275.27
2775,1391,2026-03-16,242.05
2776,1391,2026-04-23,1104.4
2777,1391,2026-05-29,456.67
2778,1393,2026-05-23,148.99
2779,1393,2026-02-27,170.24
2780,1393,2026-04-22,411.65
2781,1393,2026-06-25,335.84
2782,1394,2026-06-29,315.11
2783,1394,2026-06-21,545.02
2784,1394,2026-06-05,47.72
2785,1395,2026-06-09,1215.57
2786,1396,2026-06-13,2356.43
2787,1397,2026-06-07,771.24
2788,1397,2026-05-04,326.98
2789,1398,2026-06-14,50.89
2790,1398,2026-06-10,45.83
2791,1399,2026-06-13,2765.56
2792,1399,2026-05-20,216.45
2793,1400,2026-05-07,1694.43
2794,1401,2026-02-17,1036.09
2795,1401,2026-04-19,1303.43
2796,1401,2026-02-13,458.04
2797,1401,2026-05-07,1062.5
2798,1402,2026-02-26,64.85
2799,1403,2026-05-16,1936.64
2800,1403,2026-04-26,2610.66
2801,1403,2026-06-25,270.56
2802,1404,2026-05-24,1051.37
2803,1404,2026-05-15,2666.44
2804,1404,2026-06-30,1565.42
2805,1404,2026-06-04,1208.73
2806,1405,2026-05-24,1480.24
2807,1405,2026-05-30,670.13
2808,1405,2026-06-26,649.25
2809,1405,2026-06-18,1138.85
2810,1409,2026-06-24,654.18
2811,1410,2026-04-04,2385.31
2812,1410,2026-05-16,2123.2
2813,1410,2026-03-02,301.0
2814,1411,2026-06-16,1199.49
2815,1412,2026-05-18,271.87
2816,1412,2026-05-19,589.68
2817,1412,2026-04-29,514.98
2818,1413,2026-06-23,47.67
2819,1413,2026-06-25,347.56
2820,1413,2026-06-23,165.35
2821,1414,2026-06-03,1557.1
2822,1414,2026-02-17,384.44
2823,1414,2026-05-08,1107.78
2824,1414,2026-02-10,606.54
2825,1415,2026-06-27,484.22
2826,1415,2026-06-26,1539.62
2827,1416,2026-04-26,632.71
2828,1418,2026-06-06,644.13
2829,1418,2026-06-27,165.58
2830,1418,2026-05-17,150.51
2831,1418,2026-05-28,30.7
2832,1419,2026-04-24,1344.92
2833,1420,2026-01-26,308.6
2834,1420,2026-02-24,951.05
2835,1420,2026-05-31,1490.79
2836,1421,2026-04-10,15.6
2837,1421,2026-05-14,60.73
2838,1421,2026-03-30,19.05
2839,1422,2026-05-21,365.01
2840,1422,2026-03-23,73.08
2841,1422,2026-04-18,59.49
2842,1423,2026-05-25,268.19
2843,1423,2026-06-14,890.95
2844,1423,2026-05-28,695.46
2845,1423,2026-06-16,845.15
2846,1424,2026-06-13,812.83
2847,1424,2026-05-30,1284.26
2848,1424,2026-05-14,1273.9
2849,1424,2026-05-05,131.03
2850,1426,2026-06-10,432.06
2851,1426,2026-06-15,1398.47
2852,1426,2026-04-04,1603.48
2853,1426,2026-04-05,1370.74
2854,1427,2026-05-25,567.91
2855,1428,2026-06-23,636.29
2856,1428,2026-06-28,385.51
2857,1428,2026-05-17,70.99
2858,1428,2026-05-15,966.08
2859,1429,2026-03-11,1122.17
2860,1429,2026-01-18,582.55
2861,1429,2026-02-15,788.19
2862,1430,2026-03-24,1350.49
2863,1430,2026-06-27,305.42
2864,1431,2026-04-10,1222.81
2865,1431,2026-05-15,158.4
2866,1431,2026-06-11,1162.85
2867,1431,2026-05-31,1204.52
2868,1432,2026-04-11,302.36
2869,1432,2026-02-10,94.42
2870,1432,2026-02-11,356.32
2871,1432,2026-03-08,504.29
2872,1435,2026-04-28,1411.25
2873,1435,2026-06-09,34.67
2874,1435,2026-06-17,211.77
2875,1435,2026-05-25,563.8
2876,1436,2026-06-20,377.36
2877,1436,2026-04-28,56.55
2878,1436,2026-05-14,386.14
2879,1437,2026-06-16,814.67
2880,1437,2026-04-09,700.59
2881,1437,2026-05-11,360.95
2882,1438,2026-04-13,1586.47
2883,1439,2026-05-30,212.01
2884,1440,2026-04-27,994.97
2885,1441,2026-03-26,522.06
2886,1441,2026-04-23,1329.57
2887,1442,2026-06-14,1133.67
2888,1442,2026-05-20,1744.34
2889,1442,2026-06-26,959.91
2890,1442,2026-06-07,2076.37
2891,1443,2026-05-24,575.68
2892,1444,2026-06-01,457.57
2893,1445,2026-04-28,47.79
2894,1445,2026-05-25,271.82
2895,1446,2026-06-10,930.22
2896,1446,2026-03-28,248.18
2897,1446,2026-06-05,1126.2
2898,1447,2026-04-25,91.09
2899,1447,2026-05-30,41.52
2900,1448,2026-03-29,414.03
2901,1448,2026-06-16,128.77
2902,1449,2026-04-29,2042.57
2903,1450,2026-03-29,117.1
2904,1450,2026-02-19,58.17
2905,1451,2026-04-09,176.72
2906,1451,2026-05-30,342.74
2907,1451,2026-05-21,518.58
2908,1451,2026-05-11,542.1
2909,1452,2026-05-02,1080.6
2910,1452,2026-05-03,123.81
2911,1453,2026-05-12,1116.11
2912,1453,2026-05-02,866.57
2913,1453,2026-06-21,855.98
2914,1455,2026-06-04,1363.78
2915,1455,2026-05-29,95.98
2916,1455,2026-06-04,568.32
2917,1455,2026-06-01,126.64
2918,1457,2026-06-10,210.73
2919,1457,2026-06-05,1918.33
2920,1458,2026-04-24,1709.76
2921,1458,2026-06-13,1767.01
2922,1459,2026-04-24,1422.73
2923,1461,2026-03-31,230.35
2924,1461,2026-04-22,14.02
2925,1462,2026-06-17,504.82
2926,1462,2026-06-13,978.29
2927,1462,2026-04-12,330.6
2928,1462,2026-05-21,147.56
2929,1463,2026-03-04,945.93
2930,1463,2026-04-17,597.84
2931,1463,2026-03-23,1108.64
2932,1464,2026-06-19,1972.58
2933,1464,2026-06-23,1439.28
2934,1464,2026-06-21,1513.94
2935,1468,2026-04-21,906.41
2936,1469,2026-01-24,251.45
2937,1469,2026-01-19,32.98
2938,1469,2026-03-07,251.04
2939,1469,2026-06-02,110.81
2940,1470,2026-05-05,1460.6
2941,1470,2026-02-11,2245.48
2942,1470,2026-04-11,1645.56
2943,1471,2026-05-13,66.21
2944,1471,2026-06-21,12.74
2945,1471,2026-02-24,115.16
2946,1472,2026-05-22,112.09
2947,1473,2026-03-25,455.09
2948,1473,2026-05-01,352.29
2949,1473,2026-06-22,402.2
2950,1473,2026-06-17,406.42
2951,1474,2026-03-25,88.78
2952,1474,2026-04-28,147.34
2953,1474,2026-06-13,23.44
2954,1474,2026-05-11,132.5
2955,1475,2026-06-08,1678.7
2956,1475,2026-05-15,421.74
2957,1475,2026-06-19,1111.2
2958,1476,2026-04-26,154.96
2959,1476,2026-04-18,613.86
2960,1476,2026-03-06,823.73
2961,1476,2026-06-06,291.97
2962,1477,2026-02-28,262.43
2963,1477,2026-02-12,179.81
2964,1478,2026-04-27,542.7
2965,1478,2026-06-09,341.94
2966,1478,2026-04-24,1658.33
2967,1478,2026-04-29,2485.59
2968,1479,2026-04-26,112.21
2969,1481,2026-06-12,848.24
2970,1481,2026-06-09,1076.34
2971,1482,2026-06-03,46.09
2972,1483,2026-04-23,97.81
2973,1483,2026-06-15,275.09
2974,1484,2026-02-28,2009.94
2975,1484,2026-06-06,169.78
2976,1484,2026-04-01,1024.77
2977,1485,2026-05-18,360.39
2978,1485,2026-06-27,816.99
2979,1485,2026-04-27,178.84
2980,1486,2026-06-29,217.01
2981,1487,2026-04-10,71.06
2982,1487,2026-03-19,2292.29
2983,1487,2026-05-12,1673.47
2984,1487,2026-05-22,1920.18
2985,1488,2026-05-26,1644.31
2986,1488,2026-05-24,204.16
2987,1488,2026-06-22,1030.66
2988,1488,2026-06-06,147.53
2989,1489,2026-06-25,641.75
2990,1489,2026-05-20,373.19
2991,1490,2026-05-28,1701.62
2992,1490,2026-05-06,1299.18
2993,1491,2026-05-24,816.42
2994,1492,2026-06-04,340.54
2995,1493,2026-03-26,1387.66
2996,1494,2026-06-15,1157.19
2997,1494,2026-05-20,1419.29
2998,1495,2026-04-06,372.32
2999,1495,2026-06-24,94.37
3000,1495,2026-05-02,843.76
3001,1497,2026-05-17,387.22
3002,1497,2026-06-28,437.43
3003,1498,2026-05-13,887.62
3004,1498,2026-05-04,2010.52
3005,1498,2026-05-24,265.95
3006,1498,2026-06-19,2735.77
3007,1500,2026-04-18,1056.3
3008,1500,2026-04-29,1967.87
3009,1500,2026-06-24,283.48
3010,1500,2026-04-08,916.8
