account_id,contact_date,outcome
2,2026-04-11,No answer
6,2026-06-29,No answer
7,2026-06-25,No answer
19,2026-05-19,No answer
29,2026-06-14,No answer
32,2026-04-28,RPC
33,2026-03-16,RPC
44,2026-06-15,Wrong number
50,2026-06-28,No answer
52,,
53,2026-06-15,No answer
55,2026-06-21,No answer
65,2026-06-16,No answer
68,2026-06-24,RPC
74,2026-06-29,RPC
88,2026-06-25,RPC
91,,
93,2026-06-15,PTP
98,2026-06-17,No answer
105,2026-06-30,No answer
106,2026-05-08,RPC
117,2026-05-29,PTP
118,2026-06-21,RPC
120,2026-06-10,RPC
124,2026-05-30,No answer
131,2026-06-27,No answer
140,2026-06-27,No answer
146,2026-06-29,RPC
155,2026-06-27,No answer
158,2026-06-29,No answer
160,2026-04-27,RPC
162,2026-06-24,No answer
164,2026-06-05,RPC
166,2026-06-07,RPC
170,2026-06-17,RPC
183,2026-06-24,RPC
194,2026-05-19,No answer
203,2026-05-14,RPC
204,2026-06-29,No answer
207,2026-06-16,No answer
213,2026-05-28,RPC
215,2026-06-06,RPC
220,2026-04-19,No answer
230,,
251,2026-05-17,No answer
262,2026-05-31,RPC
279,2026-06-29,No answer
294,2026-06-22,RPC
301,2026-06-25,No answer
303,2026-06-23,RPC
306,2026-06-18,No answer
322,2026-06-25,RPC
336,,
339,2026-06-08,No answer
342,2026-06-28,RPC
347,2026-04-30,RPC
348,2026-05-08,RPC
350,2026-06-19,RPC
354,2026-06-08,No answer
356,2026-06-20,RPC
362,2026-04-25,PTP
373,,
376,2026-06-18,No answer
379,2026-05-09,RPC
381,2026-05-10,No answer
383,2026-06-25,No answer
389,2026-05-07,RPC
395,2026-05-30,No answer
396,2026-06-21,No answer
402,2026-06-21,RPC
403,,
410,2026-04-17,No answer
414,2026-06-14,No answer
419,2026-06-02,No answer
422,2026-04-07,Wrong number
426,2026-04-27,No answer
443,2026-06-24,RPC
453,2026-06-21,No answer
455,2026-05-22,PTP
461,2026-06-21,No answer
462,2026-06-23,No answer
466,2026-06-15,Wrong number
473,2026-06-25,RPC
475,2026-06-08,PTP
478,2026-02-08,No answer
480,2026-02-11,No answer
483,,
497,2026-05-28,No answer
499,2026-06-11,RPC
502,2026-06-26,Wrong number
507,2026-06-17,Wrong number
514,2026-06-28,PTP
519,2026-06-17,RPC
523,2026-04-28,No answer
524,2026-06-11,Wrong number
526,2026-06-24,No answer
531,2026-06-07,RPC
535,,
536,2026-06-24,RPC
540,2026-06-30,RPC
542,2026-05-12,No answer
557,2026-05-17,No answer
563,2026-06-24,RPC
564,2026-04-12,RPC
565,2026-05-31,No answer
568,2026-06-28,No answer
570,2026-06-11,PTP
575,2026-06-19,RPC
576,2026-05-24,No answer
580,2026-05-23,No answer
581,2026-06-15,RPC
583,2026-06-04,No answer
584,2026-04-13,RPC
592,2026-06-22,RPC
604,2026-06-28,No answer
606,2026-06-10,No answer
609,2026-05-15,Wrong number
616,2026-06-30,No answer
622,2026-06-30,No answer
628,2026-05-06,RPC
632,2026-02-01,Wrong number
650,2026-06-30,No answer
651,2026-06-06,No answer
666,2026-06-28,Wrong number
668,,
674,2026-05-15,No answer
684,2026-05-28,PTP
688,2026-06-28,No answer
691,2026-05-30,Wrong number
696,2026-05-26,RPC
704,2026-06-24,No answer
711,2026-06-29,No answer
715,2026-05-02,No answer
719,,
732,2026-06-13,PTP
735,2026-06-30,RPC
737,2026-06-23,Wrong number
751,2026-06-03,RPC
756,2026-06-29,Wrong number
760,2026-06-16,RPC
763,2026-06-22,RPC
769,2026-05-05,No answer
780,2026-06-21,RPC
804,,
812,2026-06-24,No answer
813,,
814,,
817,2026-05-30,No answer
823,2026-06-22,No answer
835,2026-04-03,PTP
839,2026-05-26,PTP
841,,
856,2026-05-11,No answer
859,2026-06-21,No answer
875,2026-06-26,RPC
879,2026-02-04,RPC
891,2026-06-06,RPC
892,,
895,2026-03-23,No answer
903,2026-04-20,No answer
908,2026-05-11,No answer
916,2026-06-29,Wrong number
919,2026-06-11,No answer
924,2026-05-20,RPC
926,2026-06-20,RPC
937,2026-05-26,No answer
953,2026-05-21,Wrong number
958,2026-05-27,No answer
979,,
993,2026-05-30,RPC
994,2026-06-21,No answer
995,2026-06-07,No answer
1002,2026-05-16,No answer
1007,,
1013,2026-06-18,Wrong number
1020,2026-05-27,PTP
1028,2026-06-05,No answer
1035,2026-06-26,No answer
1042,2026-06-26,RPC
1052,2026-06-29,No answer
1059,2026-03-31,No answer
1065,2026-06-12,RPC
1070,2026-04-15,Wrong number
1071,2026-06-28,RPC
1072,2026-06-07,No answer
1073,2026-06-26,RPC
1075,2026-04-23,No answer
1079,2026-04-08,PTP
1081,,
1084,2026-06-28,No answer
1085,2026-06-22,RPC
1090,2026-06-23,No answer
1091,2026-06-30,RPC
1094,2026-05-26,No answer
1096,2026-05-08,No answer
1109,2026-03-30,No answer
1110,2026-06-25,PTP
1112,2026-04-05,No answer
1120,,
1126,2026-06-01,PTP
1130,2026-06-08,No answer
1136,2026-04-09,RPC
1137,2026-05-21,No answer
1140,2026-06-22,RPC
1142,2026-06-21,RPC
1143,,
1150,2026-05-13,RPC
1156,2026-06-29,No answer
1157,2026-06-28,RPC
1163,2026-06-19,RPC
1164,2026-05-29,No answer
1171,,
1181,2026-05-03,No answer
1183,2026-06-30,Wrong number
1186,2026-06-01,No answer
1189,2026-06-24,No answer
1192,2026-05-30,No answer
1209,2026-06-14,No answer
1226,2026-06-13,No answer
1229,2026-06-13,No answer
1237,2026-06-24,No answer
1239,2026-05-23,PTP
1245,2026-06-21,PTP
1247,2026-06-25,No answer
1252,2026-05-28,No answer
1276,2026-06-23,RPC
1280,,
1289,2026-04-30,Wrong number
1290,2026-06-11,No answer
1293,2026-06-30,Wrong number
1308,2026-06-27,No answer
1334,2026-06-09,RPC
1336,2026-06-16,No answer
1379,,
1384,2026-03-30,No answer
1388,2026-06-21,RPC
1393,2026-05-14,No answer
1395,2026-06-21,No answer
1417,2026-04-24,No answer
1418,2026-06-19,No answer
1419,2026-06-28,No answer
1425,2026-06-25,Wrong number
1444,2026-06-14,RPC
1448,2026-03-05,No answer
1459,2026-05-21,RPC
1470,2026-05-21,RPC
1480,2026-03-26,RPC
1483,2026-05-31,RPC
1490,2026-06-25,RPC
12,2026-06-19,No answer
17,2026-05-06,No answer
27,2026-06-27,No answer
42,2026-06-29,RPC
51,,
67,2026-06-16,No answer
70,,
73,2026-06-19,No answer
75,2026-06-05,No answer
83,2026-06-16,No answer
90,2026-06-20,RPC
92,2026-05-07,No answer
94,2026-06-24,No answer
101,2026-06-16,No answer
109,2026-06-23,Wrong number
112,2026-06-21,RPC
134,2026-06-22,No answer
139,2026-05-30,No answer
147,2026-06-25,RPC
159,2026-06-29,RPC
165,2026-06-21,No answer
172,2026-06-21,RPC
179,2026-06-15,No answer
186,2026-05-13,Wrong number
190,2026-06-10,RPC
198,2026-06-28,RPC
205,2026-05-23,Wrong number
212,2026-05-10,No answer
222,2026-05-24,No answer
227,2026-05-12,No answer
235,,
239,2026-06-18,No answer
241,2026-03-31,RPC
242,2026-05-01,No answer
244,2026-06-20,PTP
269,2026-05-22,No answer
273,2026-05-09,No answer
276,2026-06-19,RPC
277,2026-06-24,No answer
281,2026-06-07,RPC
287,2026-05-14,RPC
292,2026-05-16,RPC
297,2026-06-14,No answer
314,2026-06-20,RPC
320,2026-06-14,No answer
329,2026-06-27,No answer
330,2026-06-27,No answer
333,2026-06-27,RPC
337,2026-05-06,No answer
338,2026-06-09,No answer
345,2026-03-11,No answer
352,,
358,2026-06-19,No answer
360,2026-06-27,No answer
365,2026-06-16,RPC
369,2026-06-01,No answer
378,,
384,2026-05-03,No answer
386,2026-06-28,No answer
394,2026-06-17,No answer
400,2026-05-27,No answer
416,2026-06-14,No answer
418,2026-05-14,PTP
428,,
434,2026-06-23,RPC
439,,
447,2026-06-28,No answer
449,,
457,2026-06-25,No answer
459,2026-06-06,No answer
460,2026-06-22,Wrong number
465,2026-06-26,PTP
467,2026-06-22,No answer
470,2026-06-18,RPC
471,2026-06-17,No answer
481,2026-06-06,RPC
482,2026-06-08,PTP
484,2026-06-26,PTP
486,2026-06-09,RPC
488,,
491,2026-06-17,No answer
501,2026-02-12,No answer
506,2026-06-23,Wrong number
510,2026-05-11,Wrong number
517,2026-06-20,No answer
521,2026-06-26,No answer
522,2026-06-30,No answer
525,2026-06-28,No answer
537,2026-06-25,PTP
549,2026-05-27,RPC
554,2026-06-19,No answer
572,,
573,2026-05-31,RPC
574,2026-06-22,No answer
582,2026-06-27,RPC
591,2026-05-15,No answer
596,2026-06-21,PTP
610,2026-06-19,No answer
619,2026-06-01,RPC
620,2026-03-07,No answer
630,2026-06-24,RPC
635,2026-06-19,PTP
636,2026-06-20,RPC
643,2026-06-21,No answer
649,2026-06-26,RPC
652,2026-06-26,No answer
660,2026-05-10,No answer
663,2026-06-15,RPC
672,2026-03-26,PTP
681,2026-05-03,Wrong number
682,2026-06-24,No answer
685,2026-05-28,RPC
692,2026-06-18,No answer
699,2026-06-03,Wrong number
700,2026-06-22,No answer
701,2026-06-18,No answer
703,2026-06-25,No answer
707,2026-06-27,No answer
714,,
717,2026-06-22,No answer
744,2026-05-14,No answer
748,2026-06-12,No answer
752,2026-06-28,RPC
753,2026-06-15,No answer
764,2026-06-08,RPC
766,,
771,2026-06-28,PTP
772,2026-06-08,No answer
773,2026-06-25,Wrong number
776,2026-03-08,No answer
784,2026-06-29,No answer
786,2026-06-29,RPC
788,2026-05-06,No answer
791,2026-05-25,PTP
800,2026-06-20,Wrong number
802,2026-06-07,No answer
811,2026-06-24,No answer
815,2026-05-02,RPC
819,2026-06-21,RPC
826,2026-06-24,PTP
828,2026-05-27,RPC
831,2026-06-28,Wrong number
843,2026-05-17,PTP
844,2026-06-30,No answer
852,2026-05-08,RPC
858,2026-06-17,No answer
869,2026-06-20,No answer
876,2026-05-12,No answer
880,2026-06-18,No answer
893,2026-04-26,No answer
894,2026-06-13,No answer
896,2026-04-23,No answer
901,2026-03-04,No answer
902,2026-06-30,RPC
905,,
911,,
914,2026-06-17,No answer
917,2026-06-27,RPC
918,2026-06-22,No answer
933,,
948,,
949,2026-06-20,RPC
951,2026-06-29,No answer
957,2026-05-14,RPC
959,,
962,2026-06-28,No answer
963,2026-06-26,No answer
967,2026-06-16,No answer
970,,
972,2026-05-08,RPC
973,2026-06-04,No answer
975,2026-06-16,PTP
982,,
986,2026-06-15,RPC
989,2026-06-28,No answer
997,2026-06-18,RPC
998,2026-06-18,No answer
999,2026-06-16,No answer
1003,2026-04-04,RPC
1004,2026-06-24,Wrong number
1009,,
1017,2026-06-21,Wrong number
1029,2026-06-17,No answer
1030,2026-06-30,No answer
1033,,
1038,2026-06-04,Wrong number
1043,,
1049,2026-04-29,No answer
1050,2026-03-20,No answer
1056,2026-06-27,No answer
1077,2026-06-10,No answer
1095,2026-06-28,RPC
1102,2026-06-16,No answer
1108,2026-06-30,No answer
1113,2026-04-30,PTP
1118,2026-06-30,No answer
1119,2026-02-22,No answer
1123,2026-06-28,No answer
1129,2026-06-28,No answer
1145,2026-06-26,No answer
1146,2026-06-05,No answer
1149,2026-06-26,No answer
1152,2026-05-05,Wrong number
1158,2026-06-23,No answer
1167,,
1172,2026-06-25,No answer
1173,2026-05-12,No answer
1180,2026-04-25,RPC
1184,2026-06-22,RPC
1188,,
1190,2026-06-02,RPC
1197,2026-06-01,RPC
1199,2026-06-29,No answer
1207,2026-06-17,No answer
1215,2026-06-24,No answer
1217,2026-06-30,No answer
1218,2026-06-29,No answer
1220,,
1222,2026-06-06,RPC
1223,,
1236,2026-06-23,Wrong number
1244,2026-06-19,No answer
1248,2026-06-17,No answer
1250,2026-06-14,RPC
1265,,
1269,2026-06-19,No answer
1272,2026-06-25,No answer
1285,2026-06-30,No answer
1299,2026-05-04,RPC
1300,2026-06-13,RPC
1309,2026-06-28,RPC
1318,2026-06-17,RPC
1323,,
1324,2026-06-02,No answer
1328,2026-06-18,No answer
1332,2026-06-09,No answer
1335,2026-06-11,No answer
1355,2026-06-27,No answer
1359,2026-06-06,RPC
1361,2026-06-18,No answer
1363,,
1369,2026-05-05,No answer
1383,2026-05-11,No answer
1386,2026-06-30,PTP
1392,2026-06-30,No answer
1397,2026-06-10,RPC
1405,2026-06-30,No answer
1421,2026-06-23,No answer
1430,2026-06-11,PTP
1434,2026-03-27,Wrong number
1439,2026-06-28,RPC
1445,2026-06-25,RPC
1460,2026-01-19,RPC
1477,2026-03-31,PTP
1479,,
1482,2026-05-25,RPC
1485,2026-06-19,PTP
1492,2026-06-21,RPC
1499,2026-06-27,RPC
5,2026-06-15,No answer
21,2026-06-01,No answer
25,2026-06-24,No answer
35,2026-06-28,RPC
47,2026-06-25,Wrong number
48,2026-06-27,No answer
54,2026-05-29,No answer
63,2026-05-10,No answer
69,2026-06-17,RPC
71,,
79,2026-03-24,No answer
82,2026-06-27,RPC
87,2026-06-24,No answer
97,2026-03-23,RPC
103,2026-06-22,No answer
111,2026-06-07,RPC
114,,
125,2026-04-25,No answer
126,2026-06-23,Wrong number
138,2026-06-29,No answer
143,,
148,2026-06-28,No answer
152,2026-06-25,No answer
161,,
169,,
176,2026-05-03,RPC
178,2026-06-11,No answer
180,2026-04-14,RPC
182,,
187,2026-06-06,PTP
217,2026-06-29,RPC
221,2026-05-24,RPC
225,2026-03-05,PTP
231,2026-06-28,No answer
248,2026-06-26,No answer
250,2026-06-11,RPC
253,2026-06-02,PTP
254,2026-05-05,No answer
255,2026-04-02,No answer
261,2026-06-17,RPC
263,2026-06-17,No answer
264,2026-05-25,No answer
272,2026-06-01,No answer
275,2026-05-08,RPC
285,2026-06-10,No answer
288,2026-06-12,PTP
295,2026-06-29,No answer
300,2026-05-18,PTP
302,2026-06-14,PTP
304,2026-03-25,No answer
305,2026-06-19,No answer
309,,
311,2026-06-17,No answer
312,2026-05-10,No answer
316,2026-05-22,RPC
318,2026-06-12,No answer
328,2026-05-28,RPC
332,2026-05-16,No answer
344,2026-06-26,PTP
357,2026-04-02,PTP
366,2026-06-10,RPC
382,2026-06-30,RPC
392,2026-06-27,No answer
401,2026-06-27,No answer
407,2026-06-24,Wrong number
412,2026-06-30,No answer
431,2026-06-12,No answer
436,2026-06-29,No answer
442,2026-03-13,RPC
446,2026-06-04,PTP
450,2026-05-05,RPC
451,2026-05-08,Wrong number
469,2026-06-25,No answer
476,2026-06-04,No answer
487,2026-06-28,No answer
490,2026-06-30,RPC
493,2026-06-22,PTP
498,2026-06-22,Wrong number
505,2026-06-28,No answer
509,2026-05-14,No answer
518,2026-06-01,No answer
527,2026-06-30,No answer
533,2026-03-30,PTP
534,2026-06-24,RPC
538,2026-05-07,No answer
547,2026-06-28,No answer
552,2026-06-14,Wrong number
561,,
587,2026-06-07,RPC
588,2026-06-22,RPC
600,,
607,2026-06-14,No answer
614,2026-03-26,Wrong number
615,2026-06-30,No answer
626,2026-06-28,No answer
629,2026-04-22,PTP
634,2026-06-25,PTP
641,2026-06-11,RPC
655,2026-06-28,Wrong number
658,2026-06-23,PTP
661,2026-06-30,No answer
662,2026-06-30,No answer
669,2026-06-07,No answer
698,2026-06-21,RPC
705,2026-05-14,No answer
713,2026-06-15,No answer
720,2026-06-22,No answer
722,2026-06-27,No answer
723,2026-06-16,No answer
727,2026-06-20,RPC
728,,
736,2026-06-19,No answer
743,2026-06-22,No answer
747,2026-06-23,No answer
759,,
779,2026-04-26,RPC
794,2026-06-26,RPC
795,2026-05-12,No answer
796,2026-06-20,No answer
805,2026-05-20,No answer
807,2026-05-21,No answer
809,2026-06-29,No answer
827,2026-06-30,No answer
830,2026-05-06,No answer
836,,
837,2026-06-15,RPC
845,2026-06-25,PTP
855,2026-06-01,No answer
867,,
872,,
874,2026-04-18,RPC
900,2026-05-25,PTP
904,2026-06-10,No answer
920,2026-06-22,Wrong number
928,2026-06-29,No answer
929,2026-05-03,RPC
940,2026-06-27,RPC
950,2026-06-19,Wrong number
952,2026-06-07,Wrong number
965,2026-05-26,RPC
969,2026-06-20,RPC
974,2026-06-29,No answer
981,2026-06-21,No answer
983,2026-06-06,No answer
987,2026-06-13,No answer
992,2026-06-09,No answer
1000,2026-06-28,RPC
1005,2026-06-17,No answer
1016,2026-04-24,No answer
1019,2026-06-09,Wrong number
1024,,
1031,2026-06-09,RPC
1034,2026-06-02,RPC
1036,2026-06-13,No answer
1041,2026-03-04,No answer
1044,2026-06-21,No answer
1045,2026-06-30,No answer
1051,2026-05-29,PTP
1058,,
1061,2026-06-18,RPC
1076,2026-06-25,RPC
1078,2026-06-29,No answer
1087,2026-06-22,Wrong number
1089,2026-04-13,RPC
1099,2026-06-26,Wrong number
1101,2026-06-19,No answer
1106,2026-06-14,RPC
1107,2026-03-05,Wrong number
1114,2026-04-22,RPC
1125,2026-06-08,Wrong number
1139,2026-05-24,No answer
1141,2026-06-03,RPC
1154,2026-05-17,RPC
1160,2026-06-17,Wrong number
1166,2026-04-09,Wrong number
1168,2026-06-28,No answer
1175,2026-05-28,RPC
1176,2026-05-12,No answer
1178,2026-06-05,RPC
1196,2026-06-28,No answer
1201,2026-05-11,No answer
1203,2026-05-25,Wrong number
1208,,
1224,2026-06-14,No answer
1232,2026-05-31,RPC
1235,2026-03-23,RPC
1238,2026-06-25,RPC
1240,2026-06-09,PTP
1241,2026-06-15,No answer
1243,2026-03-06,No answer
1246,2026-06-29,RPC
1256,2026-06-17,RPC
1259,2026-06-19,RPC
1264,2026-06-30,Wrong number
1267,2026-05-29,No answer
1278,2026-06-28,Wrong number
1286,2026-06-27,RPC
1287,2026-05-29,No answer
1295,2026-06-08,RPC
1298,,
1301,2026-06-21,No answer
1302,2026-04-05,No answer
1305,2026-05-15,No answer
1307,2026-03-11,RPC
1311,2026-06-23,RPC
1313,2026-06-30,No answer
1316,2026-04-13,RPC
1347,2026-06-18,RPC
1348,2026-05-05,No answer
1356,,
1370,2026-06-25,RPC
1371,2026-05-28,No answer
1372,2026-06-28,RPC
1376,2026-06-29,No answer
1377,2026-05-28,No answer
1385,2026-06-22,Wrong number
1398,2026-06-16,Wrong number
1406,,
1407,2026-06-29,PTP
1408,2026-05-13,No answer
1410,2026-06-07,RPC
1411,,
1414,2026-03-15,RPC
1416,2026-06-08,No answer
1423,2026-06-16,RPC
1426,2026-06-08,No answer
1429,2026-05-15,No answer
1446,2026-04-25,No answer
1452,2026-06-27,RPC
1463,2026-06-09,No answer
1469,2026-06-06,Wrong number
1472,2026-05-16,No answer
1475,2026-06-26,RPC
1484,2026-06-17,RPC
1486,2026-06-04,RPC
1496,2026-06-23,No answer
1,2026-06-13,RPC
3,2026-05-20,PTP
10,2026-06-28,Wrong number
14,2026-06-23,RPC
20,2026-06-28,RPC
22,2026-06-13,No answer
24,2026-06-25,No answer
26,2026-06-17,No answer
28,2026-06-19,RPC
30,2026-05-31,RPC
31,2026-06-13,No answer
38,2026-05-16,RPC
39,2026-02-12,No answer
60,2026-06-14,Wrong number
76,2026-03-25,Wrong number
78,2026-06-14,RPC
81,2026-06-23,No answer
84,,
89,,
104,2026-05-04,No answer
107,2026-06-27,No answer
110,,
119,2026-02-22,No answer
129,2026-06-20,Wrong number
132,2026-05-04,No answer
133,2026-06-26,No answer
142,2026-04-12,Wrong number
144,2026-06-20,RPC
151,2026-06-25,Wrong number
157,2026-06-14,RPC
163,,
168,2026-06-19,RPC
174,2026-06-28,No answer
185,2026-05-29,PTP
191,2026-06-24,No answer
192,2026-06-16,PTP
193,2026-06-05,No answer
196,2026-06-24,RPC
199,2026-06-18,RPC
200,2026-05-16,RPC
208,2026-06-27,RPC
209,2026-06-08,No answer
234,2026-06-28,No answer
237,2026-06-28,RPC
243,2026-06-25,PTP
245,2026-06-22,PTP
252,2026-05-19,RPC
256,2026-06-28,Wrong number
258,2026-05-16,RPC
260,2026-04-30,No answer
267,2026-06-30,No answer
271,2026-06-26,No answer
278,2026-06-11,Wrong number
280,2026-03-27,Wrong number
286,2026-06-17,RPC
289,2026-06-01,No answer
290,2026-06-06,No answer
296,2026-06-25,RPC
298,2026-06-09,RPC
313,,
317,,
325,2026-06-21,Wrong number
340,2026-06-24,No answer
341,2026-06-25,No answer
361,2026-06-07,No answer
368,2026-06-27,No answer
374,2026-02-22,No answer
375,2026-06-21,No answer
377,,
387,2026-06-24,No answer
388,2026-06-22,RPC
397,2026-06-10,No answer
398,2026-06-24,No answer
399,2026-06-16,RPC
405,,
408,2026-06-10,No answer
409,2026-05-09,PTP
415,2026-06-29,No answer
423,,
425,2026-06-27,Wrong number
429,2026-04-13,No answer
430,,
433,2026-06-29,No answer
435,2026-03-08,RPC
440,2026-04-14,Wrong number
445,2026-06-18,No answer
472,2026-06-09,RPC
474,2026-06-21,RPC
485,2026-06-19,RPC
503,2026-06-28,No answer
504,2026-06-28,RPC
508,2026-05-12,RPC
513,2026-06-28,RPC
516,2026-06-18,RPC
528,2026-06-06,No answer
530,2026-05-22,Wrong number
539,2026-03-21,RPC
550,2026-05-11,RPC
551,2026-06-16,Wrong number
553,2026-04-13,RPC
555,2026-04-12,RPC
558,2026-06-11,No answer
562,2026-06-06,RPC
566,2026-06-29,No answer
569,2026-06-22,No answer
578,2026-06-21,No answer
585,2026-06-22,No answer
593,2026-05-06,No answer
595,2026-06-26,No answer
597,2026-06-29,No answer
598,2026-06-24,No answer
601,2026-05-28,PTP
605,2026-06-28,No answer
608,2026-06-12,RPC
612,2026-06-19,RPC
618,2026-06-24,RPC
621,2026-06-19,RPC
623,2026-06-23,Wrong number
627,2026-03-10,No answer
637,2026-06-21,RPC
642,2026-05-03,No answer
653,2026-06-08,No answer
664,2026-06-22,No answer
675,2026-06-24,RPC
686,2026-06-21,No answer
689,2026-05-31,No answer
718,2026-06-19,No answer
725,,
730,2026-06-04,PTP
734,2026-06-26,No answer
738,2026-06-18,RPC
741,2026-06-26,No answer
749,2026-05-20,Wrong number
750,2026-06-23,RPC
755,2026-05-17,RPC
761,2026-06-20,No answer
765,2026-05-15,No answer
774,2026-05-06,RPC
775,2026-06-22,PTP
778,2026-06-30,No answer
785,2026-06-28,No answer
787,2026-06-10,No answer
793,2026-05-30,RPC
798,2026-06-02,PTP
824,2026-06-30,No answer
825,,
834,2026-05-27,Wrong number
851,2026-06-18,Wrong number
853,2026-06-14,No answer
860,2026-06-28,No answer
864,2026-06-26,No answer
865,,
866,2026-06-28,No answer
871,2026-06-29,No answer
881,,
884,2026-06-20,No answer
897,2026-06-27,No answer
912,2026-06-19,No answer
915,2026-06-17,RPC
921,2026-05-26,Wrong number
922,2026-05-18,No answer
927,2026-06-08,RPC
932,,
935,2026-06-28,RPC
941,2026-06-06,No answer
942,2026-06-30,RPC
944,2026-06-19,RPC
954,2026-06-25,No answer
961,2026-06-29,No answer
964,2026-05-14,No answer
996,2026-06-24,RPC
1001,2026-06-26,RPC
1006,,
1014,2026-06-16,RPC
1015,2026-06-07,Wrong number
1026,2026-06-30,No answer
1037,2026-06-02,Wrong number
1040,2026-04-11,No answer
1047,2026-06-25,RPC
1048,2026-06-20,RPC
1060,2026-06-18,No answer
1062,2026-06-29,PTP
1063,2026-06-17,RPC
1066,2026-03-15,No answer
1069,2026-05-24,Wrong number
1086,2026-06-24,No answer
1088,2026-06-11,RPC
1098,2026-06-16,PTP
1115,2026-06-12,RPC
1133,2026-05-19,Wrong number
1134,2026-05-08,PTP
1148,,
1151,2026-05-15,No answer
1153,2026-06-13,No answer
1155,2026-05-31,No answer
1162,2026-06-14,No answer
1165,2026-02-25,No answer
1169,2026-06-13,No answer
1170,2026-06-13,RPC
1177,2026-06-05,No answer
1182,2026-03-19,RPC
1191,2026-06-15,RPC
1194,2026-06-05,No answer
1195,2026-05-22,No answer
1205,,
1211,,
1214,2026-06-18,No answer
1221,2026-06-25,RPC
1225,,
1227,2026-05-10,RPC
1228,2026-06-20,RPC
1231,,
1242,2026-04-05,No answer
1249,2026-06-25,No answer
1257,2026-06-11,No answer
1261,2026-05-21,RPC
1271,2026-06-29,RPC
1275,2026-04-30,RPC
1282,2026-06-25,RPC
1283,2026-06-06,No answer
1284,2026-05-21,Wrong number
1291,2026-05-21,PTP
1296,2026-06-23,Wrong number
1303,2026-06-24,Wrong number
1306,2026-06-21,No answer
1310,2026-06-22,RPC
1312,2026-06-16,PTP
1314,2026-05-26,No answer
1317,2026-05-06,RPC
1330,2026-06-23,RPC
1331,2026-05-25,RPC
1333,2026-06-30,RPC
1340,2026-06-12,RPC
1343,2026-06-01,No answer
1344,2026-06-25,No answer
1346,2026-06-05,No answer
1349,2026-02-23,No answer
1357,2026-06-02,No answer
1364,2026-06-01,Wrong number
1373,2026-04-13,Wrong number
1380,2026-04-01,RPC
1399,2026-06-26,No answer
1409,2026-06-13,No answer
1412,2026-06-16,No answer
1413,2026-06-13,RPC
1420,2026-06-21,RPC
1428,2026-06-21,RPC
1431,2026-06-22,PTP
1432,2026-02-19,Wrong number
1435,2026-06-13,PTP
1436,2026-06-30,RPC
1437,,
1440,,
1441,2026-04-04,No answer
1443,2026-05-26,RPC
1449,2026-06-16,RPC
1453,2026-06-05,No answer
1454,2026-06-17,RPC
1455,,
1457,2026-06-28,No answer
1466,2026-06-01,No answer
1478,2026-05-12,RPC
1487,2026-06-24,No answer
1491,2026-06-24,No answer
1497,2026-03-01,PTP
4,2026-06-24,Wrong number
11,,
15,2026-06-27,RPC
23,2026-06-30,No answer
34,2026-05-25,PTP
36,,
40,2026-04-24,RPC
41,2026-06-18,No answer
43,2026-05-30,No answer
45,2026-06-12,RPC
46,2026-04-28,Wrong number
56,2026-06-12,RPC
57,,
59,2026-05-07,RPC
61,2026-06-24,No answer
62,2026-06-08,No answer
64,2026-06-23,RPC
77,2026-06-30,RPC
80,2026-06-21,RPC
85,2026-06-25,PTP
95,,
108,2026-06-30,RPC
115,2026-06-06,Wrong number
121,2026-06-30,No answer
122,,
123,2026-06-28,No answer
128,2026-06-28,Wrong number
135,2026-06-24,No answer
136,2026-06-28,Wrong number
145,2026-06-19,PTP
153,2026-06-03,RPC
181,2026-06-03,No answer
184,2026-06-21,No answer
189,2026-06-25,RPC
210,2026-04-16,No answer
211,2026-06-19,No answer
218,2026-06-05,RPC
223,2026-06-10,RPC
228,2026-06-04,No answer
229,2026-06-22,RPC
232,2026-05-07,RPC
247,2026-06-13,PTP
265,2026-05-17,RPC
266,2026-05-27,RPC
270,2026-06-21,RPC
282,2026-06-09,No answer
283,2026-06-30,No answer
284,,
310,2026-06-28,RPC
315,2026-06-18,No answer
319,2026-06-05,RPC
331,,
334,2026-05-27,RPC
346,2026-06-28,No answer
349,2026-06-27,RPC
353,2026-06-25,RPC
355,2026-06-13,PTP
359,2026-06-25,No answer
363,2026-06-20,RPC
370,2026-06-27,No answer
380,2026-05-30,No answer
385,2026-03-16,PTP
390,2026-03-02,RPC
404,2026-05-28,RPC
406,2026-06-30,No answer
413,2026-06-08,RPC
420,2026-05-03,No answer
427,2026-06-12,RPC
438,2026-06-27,RPC
441,2026-06-21,No answer
454,2026-06-25,No answer
458,2026-03-08,No answer
479,2026-05-16,RPC
500,2026-06-21,RPC
512,2026-06-25,Wrong number
515,,
520,2026-06-19,RPC
543,2026-05-28,No answer
544,2026-06-22,No answer
545,2026-06-09,RPC
559,2026-06-04,RPC
571,,
577,2026-06-27,RPC
579,2026-06-24,No answer
586,2026-06-19,No answer
590,,
594,2026-06-21,No answer
611,2026-05-09,RPC
617,2026-06-27,RPC
624,2026-06-26,No answer
625,2026-05-14,RPC
633,2026-06-28,No answer
646,2026-06-15,RPC
648,2026-06-07,No answer
654,2026-06-13,PTP
656,2026-04-23,PTP
657,2026-06-21,Wrong number
665,2026-06-20,No answer
667,,
671,2026-06-15,No answer
680,2026-04-28,Wrong number
687,2026-06-12,RPC
690,2026-06-21,No answer
693,2026-06-09,RPC
694,2026-06-01,RPC
695,2026-06-23,PTP
702,2026-06-01,No answer
706,2026-06-30,No answer
712,2026-05-19,No answer
716,2026-06-21,No answer
721,,
731,2026-06-01,No answer
740,2026-04-15,RPC
742,2026-06-26,No answer
746,2026-06-24,RPC
754,2026-06-30,RPC
757,2026-05-18,RPC
758,2026-04-01,Wrong number
762,2026-06-18,No answer
768,2026-06-29,No answer
770,2026-06-11,RPC
790,2026-06-28,No answer
792,2026-05-20,RPC
797,2026-06-16,PTP
808,2026-06-28,No answer
820,2026-06-19,RPC
838,2026-05-03,No answer
840,2026-06-26,RPC
842,2026-05-12,PTP
846,2026-06-03,No answer
847,2026-06-27,PTP
848,,
857,2026-05-11,RPC
862,2026-05-31,RPC
863,,
870,2026-06-25,No answer
877,2026-06-30,Wrong number
878,2026-06-14,PTP
882,2026-03-23,RPC
883,2026-06-15,No answer
887,2026-06-11,No answer
888,2026-06-28,No answer
890,2026-06-23,RPC
899,2026-06-23,No answer
906,,
909,2026-06-10,No answer
910,2026-05-21,Wrong number
923,2026-06-27,No answer
925,2026-05-09,No answer
930,2026-06-13,No answer
936,2026-03-01,Wrong number
945,2026-06-03,No answer
955,2026-06-13,RPC
956,2026-06-24,Wrong number
960,2026-06-10,PTP
966,2026-06-28,No answer
968,,
976,2026-06-09,No answer
977,,
978,2026-06-19,No answer
984,2026-06-28,RPC
988,2026-06-28,RPC
991,2026-06-22,RPC
1010,2026-06-30,RPC
1011,2026-06-24,RPC
1012,2026-06-07,No answer
1021,2026-06-11,No answer
1023,2026-06-23,No answer
1025,2026-06-14,RPC
1032,,
1039,2026-06-01,RPC
1046,2026-05-28,No answer
1053,2026-06-30,No answer
1067,2026-06-23,No answer
1068,2026-06-25,RPC
1074,2026-06-28,No answer
1082,2026-06-29,No answer
1093,2026-04-22,No answer
1100,2026-06-30,No answer
1103,2026-04-02,No answer
1104,2026-06-06,No answer
1105,2026-06-13,Wrong number
1111,2026-06-17,RPC
1116,2026-05-27,RPC
1117,2026-05-29,No answer
1121,2026-06-11,No answer
1122,2026-06-06,Wrong number
1127,2026-06-13,RPC
1132,2026-06-16,PTP
1135,2026-06-21,RPC
1144,2026-06-15,No answer
1147,2026-06-01,No answer
1159,2026-06-21,RPC
1161,2026-06-21,No answer
1174,2026-06-06,RPC
1185,2026-06-22,RPC
1200,,
1206,2026-06-06,No answer
1213,2026-06-26,PTP
1216,2026-06-17,RPC
1230,2026-06-20,No answer
1233,2026-05-13,Wrong number
1234,2026-06-15,RPC
1251,2026-06-26,Wrong number
1254,2026-05-21,No answer
1262,2026-06-11,RPC
1266,2026-06-22,PTP
1268,2026-06-27,No answer
1279,2026-06-06,No answer
1281,2026-06-11,No answer
1288,2026-06-28,No answer
1297,2026-06-28,No answer
1319,2026-06-21,No answer
1320,2026-06-05,RPC
1321,,
1322,2026-06-19,RPC
1325,2026-04-15,PTP
1329,2026-06-30,No answer
1338,2026-04-03,RPC
1341,2026-06-11,No answer
1345,,
1351,2026-06-14,RPC
1352,2026-06-29,RPC
1354,2026-06-25,No answer
1358,2026-06-22,RPC
1360,2026-06-20,No answer
1365,2026-06-22,No answer
1366,2026-06-25,Wrong number
1368,,
1374,2026-05-05,No answer
1375,2026-06-05,RPC
1378,2026-06-28,Wrong number
1390,2026-06-23,PTP
1404,2026-06-26,No answer
1415,2026-06-23,RPC
1422,2026-06-22,No answer
1433,2026-06-30,No answer
1442,2026-06-25,No answer
1447,2026-06-27,No answer
1450,2026-06-30,RPC
1456,2026-06-05,No answer
1458,2026-06-29,Wrong number
1461,2026-06-20,No answer
1464,2026-06-25,No answer
1467,2026-05-29,No answer
1468,2026-06-23,No answer
1473,2026-05-20,No answer
1476,2026-06-15,No answer
1481,2026-06-25,RPC
1489,2026-06-22,RPC
1494,2026-06-27,No answer
1495,2026-06-29,RPC
8,,
9,2026-06-30,RPC
13,2026-06-12,Wrong number
16,2026-06-27,PTP
18,2026-06-18,Wrong number
37,2026-06-20,No answer
49,2026-05-30,RPC
58,2026-01-27,PTP
66,2026-06-11,RPC
72,2026-06-01,No answer
86,2026-06-26,RPC
96,2026-06-19,RPC
99,2026-06-21,RPC
100,2026-05-05,RPC
102,2026-05-16,RPC
113,2026-06-13,No answer
116,2026-03-26,No answer
127,,
130,2026-06-23,RPC
137,2026-03-29,No answer
141,2026-06-21,No answer
149,2026-06-08,No answer
150,2026-05-03,RPC
154,2026-06-26,RPC
156,2026-04-14,RPC
167,2026-06-27,No answer
171,2026-04-29,RPC
173,2026-06-25,PTP
175,2026-06-24,No answer
177,2026-06-05,No answer
188,2026-06-05,RPC
195,2026-06-27,No answer
197,2026-06-04,RPC
201,2026-06-23,No answer
202,2026-06-19,PTP
206,2026-06-05,No answer
214,2026-06-17,No answer
216,2026-06-26,RPC
219,,
224,2026-06-26,No answer
226,2026-06-23,PTP
233,2026-06-27,RPC
236,2026-02-05,No answer
238,2026-06-16,No answer
240,2026-06-18,RPC
246,2026-06-16,No answer
249,2026-06-30,Wrong number
257,2026-06-24,No answer
259,2026-06-25,No answer
268,2026-06-01,Wrong number
274,2026-06-29,PTP
291,2026-06-17,No answer
293,2026-06-27,No answer
299,2026-05-05,PTP
307,2026-06-25,No answer
308,2026-06-19,No answer
321,2026-06-22,PTP
323,2026-06-08,No answer
324,,
326,,
327,2026-06-02,No answer
335,2026-03-13,PTP
343,2026-06-24,No answer
351,2026-06-21,No answer
364,,
367,2026-06-28,Wrong number
371,2026-05-14,No answer
372,2026-06-15,No answer
391,2026-06-21,RPC
393,2026-06-20,PTP
411,2026-06-10,No answer
417,2026-06-13,No answer
421,2026-05-29,Wrong number
424,2026-03-24,Wrong number
432,2026-04-29,No answer
437,2026-05-16,No answer
444,2026-04-26,No answer
448,2026-06-21,RPC
452,2026-06-07,No answer
456,2026-05-11,No answer
463,2026-06-23,RPC
464,2026-04-29,Wrong number
468,2026-06-12,RPC
477,2026-06-27,No answer
489,2026-06-16,No answer
492,,
494,2026-06-21,RPC
495,2026-05-31,Wrong number
496,2026-06-09,PTP
511,2026-06-17,No answer
529,2026-06-12,No answer
532,2026-05-31,RPC
541,,
546,2026-06-30,No answer
548,2026-06-28,No answer
556,2026-06-01,RPC
560,2026-05-23,No answer
567,2026-06-18,No answer
589,2026-06-29,No answer
599,2026-06-27,No answer
602,,
603,2026-06-28,RPC
613,2026-06-29,RPC
631,2026-06-24,No answer
638,2026-06-07,No answer
639,2026-05-17,RPC
640,2026-04-21,PTP
644,2026-06-11,RPC
645,2026-06-20,No answer
647,2026-05-26,PTP
659,2026-06-29,Wrong number
670,2026-06-17,No answer
673,2026-05-29,No answer
676,2026-06-09,RPC
677,2026-06-11,No answer
678,2026-06-08,RPC
679,2026-06-27,RPC
683,2026-05-30,PTP
697,2026-06-30,RPC
708,2026-06-23,RPC
709,2026-05-19,RPC
710,2026-06-11,No answer
724,2026-05-05,No answer
726,2026-05-22,RPC
729,2026-06-22,RPC
733,,
739,2026-05-23,No answer
745,2026-06-25,RPC
767,2026-06-13,Wrong number
777,2026-03-21,RPC
781,2026-06-30,No answer
782,2026-06-25,No answer
783,2026-05-13,RPC
789,2026-06-05,PTP
799,2026-06-26,RPC
801,2026-05-15,No answer
803,2026-05-30,RPC
806,2026-06-09,Wrong number
810,2026-06-18,No answer
816,,
818,2026-06-29,No answer
821,2026-05-24,RPC
822,2026-05-30,RPC
829,2026-06-16,No answer
832,2026-06-17,RPC
833,2026-03-18,No answer
849,2026-06-18,No answer
850,,
854,2026-06-24,PTP
861,2026-05-31,PTP
868,,
873,2026-05-15,Wrong number
885,2026-06-28,RPC
886,2026-06-18,RPC
889,2026-04-16,RPC
898,,
907,2026-06-07,No answer
913,2026-06-04,No answer
931,2026-06-02,No answer
934,2026-03-13,No answer
938,2026-06-24,RPC
939,,
943,2026-05-04,No answer
946,2026-05-07,Wrong number
947,2026-06-27,Wrong number
971,,
980,2026-04-29,No answer
985,2026-06-13,PTP
990,2026-05-09,No answer
1008,2026-06-05,RPC
1018,2026-06-09,RPC
1022,2026-06-27,No answer
1027,2026-06-16,No answer
1054,2026-06-29,RPC
1055,2026-06-30,RPC
1057,2026-06-27,RPC
1064,2026-06-26,Wrong number
1080,2026-06-23,No answer
1083,2026-06-29,Wrong number
1092,,
1097,2026-05-04,No answer
1124,2026-06-23,RPC
1128,2026-06-17,PTP
1131,2026-06-29,No answer
1138,2026-06-17,RPC
1179,2026-06-12,PTP
1187,2026-05-22,RPC
1193,2026-06-19,No answer
1198,2026-06-29,No answer
1202,2026-06-29,No answer
1204,2026-06-25,No answer
1210,2026-06-22,RPC
1212,2026-06-27,No answer
1219,2026-06-23,PTP
1253,2026-05-23,No answer
1255,2026-06-28,Wrong number
1258,2026-06-28,RPC
1260,2026-06-23,No answer
1263,2026-06-30,RPC
1270,2026-06-21,No answer
1273,2026-05-14,RPC
1274,,
1277,,
1292,2026-05-05,No answer
1294,2026-06-26,RPC
1304,2026-04-21,No answer
1315,2026-06-11,No answer
1326,2026-06-23,No answer
1327,2026-06-11,No answer
1337,2026-06-18,No answer
1339,2026-06-23,Wrong number
1342,2026-06-21,No answer
1350,2026-06-28,No answer
1353,2026-05-06,No answer
1362,2026-06-19,No answer
1367,2026-06-04,No answer
1381,2026-06-23,RPC
1382,2026-06-07,Wrong number
1387,2026-06-24,PTP
1389,,
1391,,
1394,2026-06-30,No answer
1396,2026-06-13,PTP
1400,2026-06-12,No answer
1401,2026-03-28,No answer
1402,2026-06-23,RPC
1403,2026-06-02,PTP
1424,,
1427,2026-06-20,Wrong number
1438,2026-04-17,Wrong number
1451,2026-06-15,No answer
1462,2026-06-08,PTP
1465,2026-06-19,No answer
1471,2026-04-07,No answer
1474,2026-06-03,No answer
1488,2026-05-19,RPC
1493,2026-06-22,Wrong number
1498,2026-06-23,RPC
1500,2026-05-11,No answer
