month,net_sales_usd,mom_pct
2024-01-01,1442783.09,
2024-02-01,1382017.36,-4.21
2024-03-01,1494314.12,8.13
2024-04-01,1450569.56,-2.93
2024-05-01,1469723.06,1.32
2024-06-01,1421142.22,-3.31
2024-07-01,1460149.85,2.74
2024-08-01,1468330.71,0.56
2024-09-01,1373222.78,-6.48
2024-10-01,1409109.5,2.61
2024-11-01,2357908.92,67.33
2024-12-01,2435660.29,3.3
2025-01-01,1472260.4,-39.55
2025-02-01,1261378.31,-14.32
2025-03-01,1466390.59,16.25
2025-04-01,1474248.89,0.54
2025-05-01,1502583.28,1.92
2025-06-01,1426305.48,-5.08
2025-07-01,1420021.65,-0.44
2025-08-01,1477013.39,4.01
2025-09-01,1364509.66,-7.62
2025-10-01,1464503.04,7.33
2025-11-01,2283292.55,55.91
2025-12-01,2403498.76,5.26
