category_name,product_name,rank,sales_usd
Apparel,Apparel Item 33,1,107396.04
Apparel,Apparel Item 28,2,103697.29
Apparel,Apparel Item 07,3,102713.8
Beauty,Beauty Item 08,1,67843.05
Beauty,Beauty Item 21,2,67648.38
Beauty,Beauty Item 28,3,65723.84
Electronics,Electronics Item 42,1,844315.16
Electronics,Electronics Item 43,2,807371.27
Electronics,Electronics Item 29,3,784083.84
Grocery,Grocery Item 49,1,35684.81
Grocery,Grocery Item 43,2,35543.56
Grocery,Grocery Item 31,3,34958.54
Home,Home Item 10,1,198344.02
Home,Home Item 03,2,196689.08
Home,Home Item 47,3,192769.91
Toys,Toys Item 31,1,142634.81
Toys,Toys Item 18,2,137929.78
Toys,Toys Item 05,3,131486.91
