product_id,sales_usd,cumulative_sales_pct
242,844315.16,2.21
243,807371.27,4.33
229,784083.84,6.38
206,755740.63,8.36
222,755034.29,10.34
237,741598.87,12.28
234,733655.61,14.2
225,711724.72,16.06
223,705242.8,17.91
230,703496.51,19.75
238,690728.52,21.56
224,688330.9,23.37
232,686480.86,25.16
221,665757.93,26.91
249,635306.62,28.57
246,620722.29,30.2
228,614915.29,31.81
208,594032.66,33.36
203,583801.77,34.89
240,555284.93,36.35
204,511880.57,37.69
239,490415.39,38.97
236,487370.33,40.25
247,458078.15,41.45
211,444335.31,42.61
213,431233.22,43.74
241,418780.9,44.84
248,417354.2,45.93
205,415335.25,47.02
207,414107.05,48.1
231,392965.78,49.13
215,377087.65,50.12
245,357847.5,51.06
214,349171.86,51.97
209,338710.61,52.86
233,321848.94,53.7
235,307556.16,54.51
227,292647.41,55.27
212,265472.05,55.97
250,265117.41,56.66
160,198344.02,57.18
153,196689.08,57.7
197,192769.91,58.2
177,190577.98,58.7
156,187719.71,59.19
171,181709.74,59.67
167,176958.12,60.13
166,175734.19,60.59
244,175170.63,61.05
218,173479.0,61.51
201,172706.48,61.96
188,171403.19,62.41
165,169774.55,62.85
199,168356.0,63.29
162,168284.31,63.73
226,167952.77,64.17
175,165199.5,64.61
152,159608.78,65.03
172,158981.25,65.44
151,157347.99,65.85
179,156184.93,66.26
196,150328.41,66.66
181,149169.39,67.05
168,148484.73,67.44
281,142634.81,67.81
155,138238.71,68.17
268,137929.78,68.53
163,137176.69,68.89
186,132937.65,69.24
255,131486.91,69.59
182,129728.81,69.92
266,129197.78,70.26
300,128724.81,70.6
220,127822.2,70.94
287,125546.2,71.26
169,121823.09,71.58
286,121596.03,71.9
251,119181.29,72.21
219,117100.33,72.52
183,113529.12,72.82
294,112141.9,73.11
210,110324.43,73.4
154,108408.81,73.68
133,107396.04,73.97
272,107346.29,74.25
263,105802.53,74.52
189,104605.52,74.8
262,104088.27,75.07
128,103697.29,75.34
107,102713.8,75.61
291,101946.55,75.88
149,101666.87,76.14
110,100707.69,76.41
261,99720.84,76.67
148,98598.24,76.93
202,98573.0,77.19
299,98037.07,77.44
126,98035.91,77.7
115,97767.4,77.96
114,95617.45,78.21
254,95201.86,78.46
118,94410.45,78.7
258,94137.13,78.95
191,93071.39,79.19
106,91782.87,79.43
185,91584.55,79.67
257,91388.14,79.91
158,90016.9,80.15
159,88928.32,80.38
119,88746.3,80.61
192,88391.91,80.85
282,86382.18,81.07
289,85524.98,81.3
298,84021.14,81.52
265,82549.71,81.73
297,81387.62,81.94
134,81064.03,82.16
164,80973.44,82.37
269,80317.96,82.58
293,80090.53,82.79
150,80050.02,83.0
193,77345.95,83.2
278,77027.15,83.4
112,76986.97,83.6
145,76166.59,83.8
194,75334.06,84.0
190,75000.26,84.2
109,71692.0,84.39
144,70154.74,84.57
135,69616.38,84.75
174,68881.58,84.93
139,68085.05,85.11
58,67843.05,85.29
71,67648.38,85.47
170,67516.75,85.64
78,65723.84,85.81
117,65383.77,85.99
275,64732.54,86.16
52,64726.21,86.32
79,64646.82,86.49
101,64046.29,86.66
67,63583.7,86.83
103,63438.82,86.99
136,62822.46,87.16
296,62646.25,87.32
94,62384.62,87.49
111,62309.44,87.65
280,61592.67,87.81
116,61588.97,87.97
97,61068.52,88.13
131,60308.2,88.29
64,59645.84,88.45
256,59031.99,88.6
259,58633.3,88.75
80,58615.79,88.91
84,58112.71,89.06
96,57938.58,89.21
123,56829.89,89.36
83,55711.51,89.51
276,55507.86,89.65
132,55502.31,89.8
125,54763.92,89.94
180,54737.47,90.08
120,54523.54,90.23
157,54505.21,90.37
68,54362.9,90.51
95,53227.86,90.65
195,52565.67,90.79
141,51331.44,90.92
295,49944.95,91.05
104,49882.05,91.19
93,49350.8,91.31
53,48810.2,91.44
76,48584.59,91.57
129,47917.92,91.7
288,47762.28,91.82
88,47573.04,91.94
99,47053.23,92.07
274,46830.57,92.19
285,46339.44,92.31
102,45782.03,92.43
217,45550.08,92.55
98,44957.83,92.67
66,44935.53,92.79
200,43990.12,92.9
178,41941.65,93.01
105,41497.76,93.12
138,41490.78,93.23
187,41332.93,93.34
137,40617.58,93.44
60,39743.43,93.55
290,38603.76,93.65
267,38584.78,93.75
146,38539.4,93.85
264,38495.24,93.95
63,38385.98,94.05
277,37485.51,94.15
216,37264.33,94.25
253,36854.94,94.34
147,35840.42,94.44
49,35684.81,94.53
43,35543.56,94.63
55,35496.21,94.72
108,35103.71,94.81
85,35016.78,94.9
31,34958.54,94.99
121,34941.43,95.08
81,34926.2,95.18
8,34115.3,95.27
9,33537.01,95.35
62,33413.98,95.44
89,33335.71,95.53
72,33236.07,95.62
39,33188.16,95.7
74,33025.93,95.79
32,32337.71,95.87
173,32285.87,95.96
36,31963.31,96.04
100,31893.83,96.13
33,31429.43,96.21
19,31172.13,96.29
51,30140.85,96.37
34,29150.09,96.44
24,29118.64,96.52
270,28601.2,96.6
113,28518.31,96.67
23,28508.77,96.75
35,28447.85,96.82
82,28220.04,96.89
77,28175.48,96.97
69,28097.43,97.04
13,27923.19,97.11
87,26221.48,97.18
122,25655.59,97.25
161,25351.58,97.32
292,25158.18,97.38
176,25124.0,97.45
40,24738.98,97.51
198,24522.18,97.58
46,24383.18,97.64
283,24270.23,97.7
42,23930.4,97.77
5,23837.8,97.83
260,22886.43,97.89
140,22800.7,97.95
44,22595.47,98.01
14,22482.69,98.07
91,22440.43,98.13
41,22366.8,98.18
1,21624.01,98.24
124,20160.67,98.29
143,19694.97,98.35
11,19575.36,98.4
59,19572.5,98.45
65,19170.33,98.5
271,18898.25,98.55
29,18817.06,98.6
86,18313.77,98.65
38,18262.23,98.69
27,18218.26,98.74
130,17967.26,98.79
48,17597.42,98.83
279,17441.47,98.88
61,17057.24,98.92
142,16615.37,98.97
184,16287.89,99.01
50,16243.81,99.05
47,16123.87,99.1
26,15554.93,99.14
57,15497.22,99.18
16,15418.64,99.22
73,15137.91,99.26
54,14856.6,99.3
17,14830.69,99.33
127,13920.82,99.37
2,13650.5,99.41
3,13038.24,99.44
6,12712.77,99.47
92,12665.14,99.51
252,12495.68,99.54
21,12273.16,99.57
7,12130.32,99.6
90,11442.37,99.63
284,11252.65,99.66
70,11009.0,99.69
10,10907.11,99.72
25,10850.84,99.75
12,10610.23,99.78
37,9693.64,99.8
273,9643.34,99.83
45,9091.12,99.85
56,8367.16,99.87
75,8156.08,99.89
15,8123.15,99.92
22,7149.03,99.93
30,6817.28,99.95
28,5597.07,99.97
4,4306.56,99.98
20,4243.19,99.99
18,4039.25,100.0
