store_id,store_name,state,floor_sqft,orders,sales_usd,sales_per_sqft_usd
23,Synthetic Store 23,WA,89000,6074,1965455.92,22.08
16,Synthetic Store 16,IL,82000,5171,1693737.39,20.66
22,Synthetic Store 22,CA,94000,5853,1901573.13,20.23
24,Synthetic Store 24,AZ,101000,6201,2022818.45,20.03
18,Synthetic Store 18,OH,92000,5326,1704396.07,18.53
21,Synthetic Store 21,GA,103000,5778,1878809.2,18.24
17,Synthetic Store 17,MN,101000,5491,1790991.02,17.73
15,Synthetic Store 15,MA,97000,5157,1705872.69,17.59
19,Synthetic Store 19,TX,104000,5611,1799919.3,17.31
14,Synthetic Store 14,NJ,96000,5060,1648048.13,17.17
10,Synthetic Store 10,CA,88000,4607,1500569.99,17.05
8,Synthetic Store 08,FL,86000,4347,1404124.46,16.33
2,Synthetic Store 02,NJ,76000,3819,1225659.92,16.13
20,Synthetic Store 20,FL,120000,5673,1861364.83,15.51
7,Synthetic Store 07,TX,94000,4282,1437004.11,15.29
13,Synthetic Store 13,NY,116000,4985,1652152.23,14.24
1,Synthetic Store 01,NY,92000,3688,1233360.6,13.41
11,Synthetic Store 11,WA,120000,4685,1517929.39,12.65
5,Synthetic Store 05,MN,105000,4047,1303433.03,12.41
3,Synthetic Store 03,MA,108000,3838,1270739.0,11.77
12,Synthetic Store 12,AZ,146000,4878,1598232.67,10.95
9,Synthetic Store 09,GA,130000,4446,1417227.49,10.9
4,Synthetic Store 04,IL,120000,3860,1261771.2,10.51
6,Synthetic Store 06,OH,136000,4203,1385747.24,10.19
