customer_id,completed_orders,observed_spend_usd,last_order_date
9604,115,46410.08,2025-12-13
1449,112,43460.46,2025-12-23
6951,99,42779.6,2025-12-21
7340,115,42623.43,2025-12-29
3032,123,41173.43,2025-12-24
4755,107,38901.14,2025-12-28
7606,121,38385.98,2025-11-21
175,119,38375.91,2025-12-25
4193,123,37827.67,2025-12-24
2949,99,37227.98,2025-11-30
1813,121,36897.65,2025-12-29
1645,110,36818.37,2025-12-24
3295,112,36654.95,2025-12-19
205,97,36556.41,2025-12-30
4024,87,36498.17,2025-12-31
6852,110,36136.75,2025-12-16
1256,89,36103.07,2025-12-26
4350,94,36084.83,2025-12-31
798,97,35994.69,2025-11-27
8171,103,35782.24,2025-12-30
