cohort,cohort_customers,retained_month_one,month_one_retention_pct
2024-01-01,386,386,100.0
2024-02-01,337,333,98.81
2024-03-01,346,309,89.31
2024-04-01,355,296,83.38
2024-05-01,368,271,73.64
2024-06-01,364,256,70.33
2024-07-01,347,233,67.15
2024-08-01,400,242,60.5
2024-09-01,335,182,54.33
2024-10-01,388,272,70.1
2024-11-01,497,343,69.01
2024-12-01,440,206,46.82
2025-01-01,273,116,42.49
2025-02-01,305,120,39.34
2025-03-01,351,131,37.32
2025-04-01,354,129,36.44
2025-05-01,380,128,33.68
2025-06-01,349,110,31.52
2025-07-01,416,134,32.21
2025-08-01,376,121,32.18
2025-09-01,343,97,28.28
2025-10-01,394,158,40.1
2025-11-01,553,233,42.13
