month,sales_usd,trailing_three_month_avg_usd
2024-01-01,1442783.09,
2024-02-01,1382017.36,
2024-03-01,1494314.12,1439704.86
2024-04-01,1450569.56,1442300.35
2024-05-01,1469723.06,1471535.58
2024-06-01,1421142.22,1447144.95
2024-07-01,1460149.85,1450338.38
2024-08-01,1468330.71,1449874.26
2024-09-01,1373222.78,1433901.11
2024-10-01,1409109.5,1416887.66
2024-11-01,2357908.92,1713413.73
2024-12-01,2435660.29,2067559.57
2025-01-01,1472260.4,2088609.87
2025-02-01,1261378.31,1723099.67
2025-03-01,1466390.59,1400009.77
2025-04-01,1474248.89,1400672.6
2025-05-01,1502583.28,1481074.25
2025-06-01,1426305.48,1467712.55
2025-07-01,1420021.65,1449636.8
2025-08-01,1477013.39,1441113.51
2025-09-01,1364509.66,1420514.9
2025-10-01,1464503.04,1435342.03
2025-11-01,2283292.55,1704101.75
2025-12-01,2403498.76,2050431.45
