account_id,snapshot_date,balance,risk_probability,review_flag
10210,2026-06-30,20917.28,0.9094668433084303,True
10122,2026-06-30,4381.56,0.8936768534975047,True
10368,2026-06-30,22345.87,0.8740550738573947,True
10367,2026-06-30,21895.8,0.8724836258824685,True
10019,2026-06-30,11762.06,0.8694377266891903,True
10144,2026-06-30,14485.59,0.8646307587451438,True
10027,2026-06-30,17190.01,0.8601771975260967,True
10253,2026-06-30,24900.01,0.8581824047980905,True
10083,2026-06-30,2459.53,0.854115916586882,True
10412,2026-06-30,14876.65,0.8531075590099029,True
10038,2026-06-30,23408.56,0.8520241380175345,True
10150,2026-06-30,22276.35,0.8466216098660395,True
10242,2026-06-30,12400.92,0.8458561602891663,True
10499,2026-06-30,12357.5,0.8423073265372957,True
10294,2026-06-30,13400.18,0.8394335846980643,True
10233,2026-06-30,24900.29,0.8265793841669113,True
10487,2026-06-30,21446.79,0.8233313129014862,True
10264,2026-06-30,16119.85,0.822653625759131,True
10446,2026-06-30,4683.8,0.8211633654415696,True
10118,2026-06-30,11183.12,0.8193703716597384,True
10202,2026-06-30,24777.22,0.8193465135826987,True
10459,2026-06-30,12006.36,0.8181660735539168,True
10419,2026-06-30,11358.39,0.8176082747922329,True
10054,2026-06-30,18643.06,0.8159212236342831,True
10424,2026-06-30,8296.86,0.8156906305477837,True
10392,2026-06-30,1346.84,0.8149933605438674,True
10076,2026-06-30,19827.37,0.8130617153763289,True
10197,2026-06-30,4335.47,0.8123241335579217,True
10079,2026-06-30,12065.59,0.8110870613474409,True
10386,2026-06-30,18774.27,0.808375506698671,True
10344,2026-06-30,16630.81,0.8065791791581521,True
10192,2026-06-30,19847.69,0.806336033329423,True
10103,2026-06-30,13247.1,0.8037486173965082,True
10238,2026-06-30,22720.54,0.8034593159740323,True
10211,2026-06-30,16161.58,0.8032225081518767,True
10028,2026-06-30,14822.97,0.8018507560902889,True
10102,2026-06-30,22022.46,0.8007868849243588,True
10208,2026-06-30,9421.74,0.8001995214164486,True
10016,2026-06-30,15033.11,0.7972997813314987,True
10139,2026-06-30,6061.68,0.7966136051399395,True
10354,2026-06-30,23164.03,0.796213187031622,True
10170,2026-06-30,20412.17,0.7933565361549887,True
10496,2026-06-30,12135.74,0.7917031447598137,True
10375,2026-06-30,12407.32,0.7911381017057586,True
10172,2026-06-30,11221.21,0.7899157059610646,True
10219,2026-06-30,18566.8,0.7863061744313834,True
10460,2026-06-30,16775.2,0.7856094251644543,True
10256,2026-06-30,7028.4,0.7845810545648473,True
10033,2026-06-30,9139.68,0.7843539763267521,True
10364,2026-06-30,15085.92,0.7797814073721532,True
10151,2026-06-30,22861.16,0.7753475497804984,True
10035,2026-06-30,13283.56,0.7710912853729461,True
10451,2026-06-30,18203.36,0.7708447133357339,True
10021,2026-06-30,21430.91,0.7707892549089035,True
10396,2026-06-30,22345.42,0.7687340626141863,True
10297,2026-06-30,23925.21,0.7669955706466703,True
10252,2026-06-30,19082.43,0.7660736474534373,True
10047,2026-06-30,11435.86,0.765477016237908,True
10337,2026-06-30,21695.22,0.7621577162652156,True
10245,2026-06-30,16256.58,0.7619697193303107,True
10268,2026-06-30,24433.99,0.761663876995958,True
10423,2026-06-30,16723.04,0.7589554344043616,True
10463,2026-06-30,1252.77,0.7562504023590346,True
10385,2026-06-30,17957.07,0.7555959148495983,True
10477,2026-06-30,2937.26,0.7555911663227332,True
10282,2026-06-30,22032.05,0.7543667776502905,True
10409,2026-06-30,18149.2,0.7516750323426211,True
10065,2026-06-30,4946.73,0.7513879030050743,True
10317,2026-06-30,5564.49,0.7477573883175735,True
10250,2026-06-30,22867.03,0.7456590338647722,True
10214,2026-06-30,16488.6,0.7451793256597714,True
10417,2026-06-30,8705.78,0.7421287664224846,True
10143,2026-06-30,9388.31,0.7415618624283041,True
10075,2026-06-30,17827.78,0.739668983214067,True
10087,2026-06-30,13387.91,0.7395220548552358,True
10018,2026-06-30,22690.59,0.7378058989473354,True
10450,2026-06-30,22760.56,0.7370680124790231,True
10135,2026-06-30,8813.07,0.7357008075608761,True
10051,2026-06-30,17957.61,0.7350965473077069,True
10131,2026-06-30,16797.24,0.7347821214969601,True
10277,2026-06-30,4505.33,0.728862713434657,True
10130,2026-06-30,4953.49,0.7276713874180399,True
10476,2026-06-30,11627.9,0.7269788216805921,True
10454,2026-06-30,2124.36,0.726399452815757,True
10323,2026-06-30,23351.12,0.7260228888146747,True
10300,2026-06-30,9669.42,0.7247678014532454,True
10327,2026-06-30,7624.3,0.7239817993258374,True
10009,2026-06-30,23528.73,0.7222649329731288,True
10003,2026-06-30,9974.82,0.7219298494788606,True
10382,2026-06-30,21405.45,0.7210515517979411,True
10081,2026-06-30,18326.28,0.7206239100831414,True
10115,2026-06-30,22808.46,0.7177314468561657,True
10247,2026-06-30,14591.56,0.714228538705308,True
10261,2026-06-30,16826.84,0.7119705905121603,True
10404,2026-06-30,14684.42,0.7114075865357997,True
10397,2026-06-30,22699.91,0.7113459703452473,True
10316,2026-06-30,24228.14,0.7105866039363425,True
10180,2026-06-30,18179.78,0.7099658905388726,True
10427,2026-06-30,12825.43,0.7052270116549051,True
10168,2026-06-30,19793.11,0.7009504043348549,True
10442,2026-06-30,11508.05,0.7006402234433524,True
10415,2026-06-30,2626.13,0.7000993694215644,True
10116,2026-06-30,11997.4,0.6996225270358014,True
10041,2026-06-30,7141.53,0.699564557543355,True
10468,2026-06-30,5220.77,0.6952329951354543,True
10154,2026-06-30,12404.4,0.6944337683555686,True
10039,2026-06-30,9475.98,0.6926499916451343,True
10146,2026-06-30,14039.98,0.6924457367439394,True
10343,2026-06-30,11926.39,0.6904979701751991,True
10475,2026-06-30,23563.84,0.6903023119660787,True
10099,2026-06-30,3780.73,0.6883434080426588,True
10108,2026-06-30,11518.31,0.6882866601070237,True
10011,2026-06-30,10676.93,0.686878016619618,True
10482,2026-06-30,13247.23,0.6854366829140923,True
10230,2026-06-30,13857.39,0.6852429507665199,True
10023,2026-06-30,15460.82,0.6845260183374721,True
10333,2026-06-30,23762.31,0.6842980349178711,True
10414,2026-06-30,14261.54,0.6831618800863634,True
10341,2026-06-30,11064.99,0.6772529042156181,True
10216,2026-06-30,24875.98,0.6757827030346264,True
10305,2026-06-30,20319.21,0.6745254486301169,True
10310,2026-06-30,12574.63,0.6720674992295519,True
10315,2026-06-30,12293.44,0.6716048285114301,True
10086,2026-06-30,18333.13,0.6713911753699683,True
10236,2026-06-30,23029.62,0.6699971597286875,True
10287,2026-06-30,10092.08,0.6691121016741194,True
10269,2026-06-30,14127.17,0.6690250585347467,True
10272,2026-06-30,16307.68,0.6689247255388264,True
10329,2026-06-30,23462.99,0.6685492305364625,True
10444,2026-06-30,19566.04,0.6621601608981023,True
10405,2026-06-30,21268.83,0.6602220439049559,True
10374,2026-06-30,18763.23,0.6601134577815013,True
10188,2026-06-30,10937.35,0.654950278226029,True
10187,2026-06-30,3639.43,0.6547245300338691,True
10443,2026-06-30,16738.31,0.6536689894278822,True
10462,2026-06-30,22121.31,0.6520010746873294,True
10152,2026-06-30,10428.27,0.6515700993392622,True
10407,2026-06-30,1705.08,0.6508297077927993,True
10177,2026-06-30,1709.32,0.6506991615405534,True
10342,2026-06-30,10598.57,0.6480011010913419,True
10029,2026-06-30,3254.4,0.647219461136662,True
10307,2026-06-30,21373.94,0.6467209598316659,True
10207,2026-06-30,20257.68,0.6449624993796196,True
10469,2026-06-30,1908.02,0.6346610942903552,True
10010,2026-06-30,15096.72,0.6346439450290384,True
10159,2026-06-30,12852.31,0.6312695289781638,True
10249,2026-06-30,18747.06,0.6291128929763751,True
10485,2026-06-30,6269.08,0.6289442839488487,True
10492,2026-06-30,18263.61,0.6287504275685404,True
10060,2026-06-30,11268.83,0.6276926682117201,True
10106,2026-06-30,1318.11,0.6259838710267911,True
10377,2026-06-30,12132.09,0.6221681037074995,True
10133,2026-06-30,5325.47,0.6205272247281229,True
10349,2026-06-30,14034.47,0.6193121325079036,True
10156,2026-06-30,24497.55,0.6182791695025186,True
10026,2026-06-30,10520.38,0.6171636388290903,True
10265,2026-06-30,8319.54,0.6169296319738204,True
10271,2026-06-30,981.59,0.6135369494604711,True
10129,2026-06-30,11403.92,0.6132857723367703,True
10362,2026-06-30,7228.94,0.6131580200585688,True
10314,2026-06-30,14596.66,0.6128454391120745,True
10166,2026-06-30,10064.04,0.6112479448938576,True
10046,2026-06-30,15856.83,0.610900605686197,True
10034,2026-06-30,11330.53,0.610658216571486,True
10472,2026-06-30,21325.92,0.6104532017994809,True
10363,2026-06-30,12786.11,0.6046016378717141,True
10339,2026-06-30,6647.36,0.6039936980757582,True
10068,2026-06-30,12896.53,0.6027328229063276,True
10306,2026-06-30,23539.65,0.5987193185497746,True
10304,2026-06-30,2611.07,0.5981570763887213,True
10212,2026-06-30,5991.28,0.5951316428059793,True
10458,2026-06-30,21232.16,0.589968104160371,True
10058,2026-06-30,5644.0,0.5893010909555885,True
10225,2026-06-30,11645.21,0.5878274277336111,True
10227,2026-06-30,14196.36,0.5867800808416952,True
10495,2026-06-30,17612.33,0.579023244065857,True
10176,2026-06-30,18423.18,0.5691920154342621,True
10243,2026-06-30,11393.04,0.568984990981757,True
10053,2026-06-30,11373.46,0.5672483894127914,True
10069,2026-06-30,22681.56,0.5661031107934676,True
10478,2026-06-30,23732.1,0.5650262307089263,True
10473,2026-06-30,12626.53,0.5636163541933918,True
10013,2026-06-30,17354.63,0.5629417992112763,True
10301,2026-06-30,14428.4,0.5607766958292414,True
10421,2026-06-30,24353.72,0.558817605166537,True
10024,2026-06-30,5629.8,0.5557062141702587,True
10313,2026-06-30,5816.71,0.5556348456353788,True
10251,2026-06-30,20061.87,0.5514745154762729,True
10432,2026-06-30,17478.73,0.5509357530334598,True
10345,2026-06-30,19592.9,0.5452344436159516,True
10376,2026-06-30,14586.18,0.5451371276697026,True
10040,2026-06-30,1774.7,0.5446112118757911,True
10380,2026-06-30,17187.03,0.5439448378842663,True
10466,2026-06-30,12630.98,0.5433797014927545,True
10195,2026-06-30,4130.67,0.542912559875811,True
10056,2026-06-30,5109.64,0.5394038648602469,True
10433,2026-06-30,20913.8,0.5387139133550871,True
10074,2026-06-30,22221.02,0.5363954249617516,True
10052,2026-06-30,4395.8,0.5362431424993205,True
10061,2026-06-30,3143.82,0.5308760624437178,True
10232,2026-06-30,23482.37,0.53086855030775,True
10148,2026-06-30,5019.05,0.5289012779806563,True
10262,2026-06-30,6101.39,0.5250629142641625,True
10494,2026-06-30,13680.14,0.5249536784773311,True
10048,2026-06-30,16803.69,0.5242949086575676,True
10120,2026-06-30,9447.18,0.5242558525121441,True
10235,2026-06-30,1584.22,0.5208058955789312,True
10286,2026-06-30,8795.51,0.5198325743073399,True
10073,2026-06-30,15663.37,0.5194262530876884,True
10255,2026-06-30,8868.15,0.5184464947112118,True
10359,2026-06-30,6677.51,0.5184243691591122,True
10155,2026-06-30,6741.17,0.516178831871235,True
10491,2026-06-30,21855.0,0.5145849417964276,True
10014,2026-06-30,13717.76,0.514308473476704,True
10153,2026-06-30,16787.82,0.5119343542978482,True
10413,2026-06-30,21856.59,0.5117780519005843,True
10063,2026-06-30,21752.65,0.5100481026972414,True
10283,2026-06-30,3020.29,0.5076330754145574,True
10399,2026-06-30,1923.36,0.506146516842397,True
10220,2026-06-30,7968.75,0.5043520240491584,True
10022,2026-06-30,7304.78,0.5034046768654727,True
10045,2026-06-30,12904.21,0.5022060755842053,True
10480,2026-06-30,20765.83,0.5019621658143244,True
10461,2026-06-30,6590.6,0.5009908614169157,True
10215,2026-06-30,11865.38,0.5002384173211185,True
10338,2026-06-30,8699.19,0.49956952548516,True
10147,2026-06-30,21497.9,0.49953620751100514,True
10393,2026-06-30,12180.54,0.4984703268744682,True
10140,2026-06-30,16649.28,0.49730657307456877,True
10205,2026-06-30,21127.64,0.4935300329752109,True
10334,2026-06-30,21647.81,0.4930353560601719,True
10173,2026-06-30,20146.15,0.4905437266436855,True
10104,2026-06-30,23880.76,0.4897471528314644,True
10067,2026-06-30,21951.56,0.48732170491354515,True
10203,2026-06-30,9333.0,0.4865049239061963,True
10378,2026-06-30,23475.15,0.4853470936351626,True
10248,2026-06-30,13308.2,0.4847317912851958,True
10059,2026-06-30,14533.55,0.47945657031081523,True
10360,2026-06-30,2765.42,0.4765832768871104,True
10395,2026-06-30,17418.42,0.4765810055041243,True
10107,2026-06-30,4298.46,0.47489270544984913,True
10474,2026-06-30,9770.68,0.47097437252548674,True
10254,2026-06-30,22309.35,0.4696121417858747,True
10403,2026-06-30,5820.95,0.46939984961682024,True
10198,2026-06-30,5252.43,0.46922766665967813,True
10088,2026-06-30,21113.77,0.4688453692910309,True
10318,2026-06-30,16454.48,0.46811822795817953,True
10117,2026-06-30,21593.19,0.4676806190552128,True
10418,2026-06-30,4680.19,0.4654600025483702,True
10440,2026-06-30,13658.8,0.46487806713749236,True
10325,2026-06-30,9066.61,0.4645514256725579,True
10439,2026-06-30,15706.92,0.4630967848314046,True
10162,2026-06-30,21330.13,0.4610552392973631,True
10226,2026-06-30,5762.08,0.4565068425531358,True
10266,2026-06-30,20213.07,0.45640029876399985,True
10171,2026-06-30,18082.82,0.4548891076851771,True
10093,2026-06-30,3234.43,0.4548676263599757,True
10426,2026-06-30,5684.76,0.45346824388108525,True
10452,2026-06-30,14730.0,0.4527573095844012,True
10312,2026-06-30,23532.97,0.45207955713420866,True
10049,2026-06-30,4838.67,0.44875829349019253,True
10111,2026-06-30,18522.35,0.4485293146552809,True
10114,2026-06-30,24899.4,0.4484097048902519,True
10370,2026-06-30,18310.78,0.44696112201480426,True
10488,2026-06-30,18882.36,0.4464931261639242,True
10036,2026-06-30,7722.35,0.44552275211737,True
10119,2026-06-30,15226.21,0.44514492389217564,True
10025,2026-06-30,16352.37,0.4427184283860145,True
10193,2026-06-30,19019.65,0.43676166981539866,True
10290,2026-06-30,21636.28,0.4355714677366982,True
10136,2026-06-30,11625.51,0.43550334277669595,True
10132,2026-06-30,13004.04,0.4325409426180603,True
10200,2026-06-30,17471.7,0.4324521096550025,True
10096,2026-06-30,21145.14,0.43214219999787423,True
10178,2026-06-30,5877.34,0.4317141015750843,True
10228,2026-06-30,21168.83,0.42861147952156003,True
10196,2026-06-30,20512.83,0.42714206893695866,True
10142,2026-06-30,19179.14,0.4268245940627641,True
10471,2026-06-30,4743.77,0.4267586987703612,True
10184,2026-06-30,22522.84,0.4251432534586378,True
10161,2026-06-30,2836.62,0.42492120676834716,True
10465,2026-06-30,21231.17,0.42422302896564956,True
10490,2026-06-30,12428.92,0.423750695121245,True
10453,2026-06-30,20701.71,0.4236593820794766,True
10457,2026-06-30,10811.17,0.423247657519865,True
10175,2026-06-30,19496.24,0.4226425137002606,True
10324,2026-06-30,12430.88,0.4191641397872456,True
10124,2026-06-30,16300.18,0.4189656340383865,True
10185,2026-06-30,20295.48,0.4139231237364675,True
10357,2026-06-30,18245.16,0.4129345503245793,True
10467,2026-06-30,5606.15,0.4108189178394308,True
10199,2026-06-30,4957.8,0.40983229554690137,True
10416,2026-06-30,8140.8,0.4093023727327451,True
10455,2026-06-30,17420.38,0.4090519917774724,True
10126,2026-06-30,6660.29,0.4079773393964404,True
10222,2026-06-30,6255.08,0.4071228234102997,True
10470,2026-06-30,15806.95,0.4066159456556409,True
10141,2026-06-30,3378.89,0.40487946035056893,True
10007,2026-06-30,20748.97,0.40486610588443656,True
10005,2026-06-30,17569.65,0.4016687958115162,True
10381,2026-06-30,12629.61,0.40092430055326483,True
10110,2026-06-30,2523.01,0.39913789382962145,True
10436,2026-06-30,6253.74,0.3981768091058517,True
10223,2026-06-30,1459.67,0.39624072897793094,True
10113,2026-06-30,6726.42,0.39621449097060407,True
10288,2026-06-30,23831.7,0.3961995762223986,True
10109,2026-06-30,4885.36,0.39179280168146136,True
10484,2026-06-30,4679.94,0.38817302712794594,True
10319,2026-06-30,13113.35,0.3865701952679751,True
10224,2026-06-30,21136.73,0.3852975316228426,True
10169,2026-06-30,5497.7,0.3840244511051012,True
10127,2026-06-30,20219.17,0.38382807609759684,True
10340,2026-06-30,24031.1,0.3833984128103538,True
10015,2026-06-30,16132.23,0.38283949010618307,True
10430,2026-06-30,20239.3,0.382804615635247,True
10030,2026-06-30,1829.01,0.3824226754879756,True
10372,2026-06-30,15294.67,0.38189739990287935,True
10489,2026-06-30,14385.34,0.380654745378825,True
10402,2026-06-30,17828.35,0.3798019884059152,True
10361,2026-06-30,9369.86,0.3795789910693447,True
10229,2026-06-30,6439.97,0.3795103407425611,True
10434,2026-06-30,10539.49,0.3777130268452109,True
10037,2026-06-30,11752.42,0.3757770145489105,True
10464,2026-06-30,4559.63,0.37500382680810534,True
10204,2026-06-30,12163.65,0.3746146600924712,True
10071,2026-06-30,6295.81,0.3728870349749604,True
10422,2026-06-30,21599.89,0.37215595669679347,True
10231,2026-06-30,5472.08,0.37049559969046675,True
10435,2026-06-30,10605.34,0.3699112540010283,True
10398,2026-06-30,9462.9,0.36786932190500077,True
10279,2026-06-30,11332.94,0.3669743684932101,True
10050,2026-06-30,13364.63,0.36593174554780494,True
10101,2026-06-30,18912.94,0.36406451994875766,True
10330,2026-06-30,14668.38,0.3627736128462704,True
10082,2026-06-30,20105.06,0.36249397809806355,True
10085,2026-06-30,3240.98,0.36108781251176353,True
10189,2026-06-30,14800.99,0.3604538223612598,True
10078,2026-06-30,12596.88,0.3578479239066872,True
10388,2026-06-30,16174.65,0.3569705075158888,True
10449,2026-06-30,8734.08,0.35521214229999104,True
10006,2026-06-30,19985.21,0.35247756861082946,True
10157,2026-06-30,18675.6,0.3517000694526644,True
10095,2026-06-30,12369.13,0.35104947968475575,True
10206,2026-06-30,16722.48,0.3507037930992657,True
10366,2026-06-30,11765.04,0.35046391639608215,True
10456,2026-06-30,13559.96,0.3489421388171537,True
10240,2026-06-30,15905.44,0.3482664298672641,True
10479,2026-06-30,826.04,0.3465617081793302,True
10486,2026-06-30,8791.44,0.34464388529931633,True
10408,2026-06-30,22066.01,0.34310507228616627,True
10190,2026-06-30,12174.49,0.34308526817407603,True
10181,2026-06-30,4406.71,0.34091323187131584,True
10237,2026-06-30,16192.17,0.3389552586426594,True
10441,2026-06-30,4361.07,0.3380378400137135,True
10481,2026-06-30,2264.21,0.33773061571028673,True
10112,2026-06-30,6091.7,0.33658222577046604,True
10263,2026-06-30,5991.57,0.3363789576317885,True
10044,2026-06-30,8059.46,0.3350567743835488,True
10055,2026-06-30,10767.13,0.33447159866018844,True
10350,2026-06-30,12983.17,0.3330138699443509,True
10064,2026-06-30,2387.32,0.3313612153532299,True
10391,2026-06-30,15791.6,0.3306971517228571,True
10497,2026-06-30,2825.87,0.32968169187493973,True
10390,2026-06-30,7641.17,0.32738102088166904,True
10278,2026-06-30,9619.27,0.3267628660741388,True
10493,2026-06-30,1326.21,0.325581409653743,True
10273,2026-06-30,20123.08,0.3245966362243603,True
10091,2026-06-30,3313.14,0.3239239203888558,True
10209,2026-06-30,23542.79,0.32350433525772593,True
10400,2026-06-30,19905.36,0.3216003214785999,True
10320,2026-06-30,17601.17,0.32124473264094666,True
10295,2026-06-30,10379.89,0.320870031331818,True
10299,2026-06-30,6353.4,0.32080866349290216,True
10275,2026-06-30,1798.67,0.32011162677931476,True
10191,2026-06-30,891.6,0.31787437208353075,True
10309,2026-06-30,19499.75,0.31486828605566886,True
10285,2026-06-30,14869.05,0.31090314264157104,True
10351,2026-06-30,19286.74,0.31060289224917886,True
10239,2026-06-30,20079.43,0.309040684404399,True
10296,2026-06-30,1095.07,0.30842160325499995,True
10097,2026-06-30,5144.78,0.3073501820919489,True
10303,2026-06-30,18357.85,0.3065971634546092,True
10158,2026-06-30,17601.99,0.30390382630391943,True
10160,2026-06-30,16594.65,0.30128128243070607,True
10298,2026-06-30,17099.76,0.30079847323603315,True
10012,2026-06-30,16542.33,0.30061146708276015,True
10201,2026-06-30,9669.23,0.300197602365941,True
10379,2026-06-30,19560.56,0.29998282006270865,True
10326,2026-06-30,5531.74,0.29867189116660187,True
10165,2026-06-30,902.13,0.29786386633679446,True
10032,2026-06-30,6004.55,0.29736583094576663,True
10241,2026-06-30,24845.68,0.2962365687837221,True
10174,2026-06-30,20884.33,0.29546577711340133,True
10428,2026-06-30,12068.95,0.29496820355205644,True
10328,2026-06-30,6958.33,0.2949208025740554,True
10042,2026-06-30,10134.31,0.29347194011160604,True
10125,2026-06-30,7107.12,0.2899195057506276,True
10311,2026-06-30,23266.73,0.28939410624674766,True
10062,2026-06-30,15439.59,0.28888527413263987,True
10121,2026-06-30,24966.24,0.28578586127258754,True
10335,2026-06-30,18558.81,0.2854911041148031,True
10308,2026-06-30,11971.02,0.2850914133859531,True
10137,2026-06-30,15053.02,0.2829719115559459,True
10260,2026-06-30,9397.88,0.2823508301507348,True
10369,2026-06-30,15775.44,0.28149708126625717,True
10425,2026-06-30,3084.19,0.28112350310946627,True
10438,2026-06-30,18928.56,0.2809314994966917,True
10498,2026-06-30,22827.2,0.28024130388093815,True
10302,2026-06-30,1058.8,0.2798012873941879,True
10043,2026-06-30,22749.03,0.2794173001299299,True
10358,2026-06-30,5505.95,0.27823201179088125,True
10331,2026-06-30,4607.98,0.27816096474939406,True
10077,2026-06-30,12303.43,0.2754865818770953,True
10057,2026-06-30,21323.85,0.2747556584175406,True
10257,2026-06-30,2808.82,0.2746393826915099,True
10447,2026-06-30,6930.81,0.2735067129600977,True
10292,2026-06-30,8227.52,0.27280801902211943,True
10384,2026-06-30,734.94,0.27005135336406333,True
10098,2026-06-30,7339.66,0.26510915352849607,True
10218,2026-06-30,21258.06,0.26447077337328484,True
10274,2026-06-30,6250.92,0.2623179331541141,True
10437,2026-06-30,3716.55,0.26040456558285374,True
10221,2026-06-30,6885.42,0.26001439607381904,True
10092,2026-06-30,15192.0,0.2575470256214694,False
10373,2026-06-30,5354.83,0.2528073236516401,False
10167,2026-06-30,531.71,0.2515464487844968,False
10483,2026-06-30,24501.33,0.25032694658314475,False
10089,2026-06-30,22834.13,0.250059245442724,False
10080,2026-06-30,18211.4,0.24872199725814917,False
10429,2026-06-30,4254.3,0.24647720924023953,False
10445,2026-06-30,601.58,0.24263730063750724,False
10352,2026-06-30,3357.05,0.24147399448485188,False
10094,2026-06-30,6507.89,0.23857114681887157,False
10293,2026-06-30,3497.73,0.238047526333308,False
10128,2026-06-30,3730.16,0.2367205197353935,False
10100,2026-06-30,797.08,0.2351049199251438,False
10347,2026-06-30,12418.48,0.23496301151566476,False
10001,2026-06-30,23089.93,0.23250653606574392,False
10259,2026-06-30,5975.51,0.2322795200511671,False
10002,2026-06-30,8778.95,0.22944620715108224,False
10145,2026-06-30,14139.67,0.22784213265433184,False
10123,2026-06-30,21134.54,0.2250459838533803,False
10217,2026-06-30,9708.89,0.2238062740619659,False
10090,2026-06-30,6987.47,0.22243873530234648,False
10336,2026-06-30,22269.43,0.2207098123585627,False
10179,2026-06-30,3244.25,0.22061096406721323,False
10258,2026-06-30,14111.2,0.2205402928427214,False
10401,2026-06-30,5140.26,0.21980280592405538,False
10321,2026-06-30,16124.17,0.21918994071019263,False
10280,2026-06-30,8790.6,0.2184666153099653,False
10291,2026-06-30,12051.16,0.21825506813853607,False
10270,2026-06-30,18608.33,0.21772466066116464,False
10183,2026-06-30,859.63,0.21743899754694299,False
10332,2026-06-30,5504.84,0.21480278338761807,False
10008,2026-06-30,9858.08,0.2126033643669095,False
10194,2026-06-30,1889.02,0.21144507801077883,False
10387,2026-06-30,4113.06,0.20736489734273983,False
10182,2026-06-30,2097.76,0.20667405335906622,False
10365,2026-06-30,1813.42,0.19873438980693164,False
10072,2026-06-30,5082.13,0.19672651570679953,False
10394,2026-06-30,4704.66,0.19562338106009491,False
10017,2026-06-30,19015.14,0.1923406519013896,False
10284,2026-06-30,19469.53,0.1887601429324318,False
10371,2026-06-30,6398.83,0.18780494067874287,False
10020,2026-06-30,853.12,0.1877385851318957,False
10346,2026-06-30,1280.94,0.18565409757020093,False
10281,2026-06-30,24790.81,0.17873121399104103,False
10383,2026-06-30,2754.29,0.1759723477376372,False
10448,2026-06-30,18904.51,0.1756774530129023,False
10289,2026-06-30,16351.7,0.1743777466506867,False
10004,2026-06-30,24101.65,0.17154996007954207,False
10149,2026-06-30,8925.41,0.17110628322266902,False
10389,2026-06-30,8871.37,0.17062274074273376,False
10164,2026-06-30,2091.11,0.1704470954667422,False
10322,2026-06-30,20437.89,0.16905517620398597,False
10411,2026-06-30,7330.11,0.1654189129440503,False
10353,2026-06-30,2332.53,0.16488574300526176,False
10246,2026-06-30,16825.28,0.16442461169214992,False
10105,2026-06-30,20861.83,0.16414885177076063,False
10138,2026-06-30,3597.93,0.1625550347245494,False
10267,2026-06-30,14726.75,0.16174502931394827,False
10066,2026-06-30,1028.39,0.15925400311535123,False
10355,2026-06-30,9769.6,0.15648418390978946,False
10084,2026-06-30,19703.24,0.1537949715605777,False
10213,2026-06-30,2066.84,0.15334445855249423,False
10234,2026-06-30,2201.06,0.15316729254090455,False
10134,2026-06-30,22578.04,0.15037316735875747,False
10410,2026-06-30,1789.4,0.14779446056118115,False
10276,2026-06-30,8878.98,0.14454950599588562,False
10406,2026-06-30,4421.16,0.14241140744030603,False
10070,2026-06-30,10513.21,0.141864714727701,False
10500,2026-06-30,13339.22,0.13850692031473782,False
10163,2026-06-30,12943.7,0.136202275489315,False
10356,2026-06-30,9663.19,0.1347147705630091,False
10244,2026-06-30,679.95,0.13164002812343,False
10031,2026-06-30,728.96,0.12525099398454423,False
10348,2026-06-30,2564.35,0.11529809460897518,False
10431,2026-06-30,9046.37,0.10514445219556988,False
10186,2026-06-30,2113.66,0.09511828742667412,False
10420,2026-06-30,1003.14,0.07105400273326162,False
