threshold,validation_f2
0.1,0.835509138381201
0.12000000000000001,0.8366013071895425
0.14,0.8382449246889325
0.16000000000000003,0.8421052631578947
0.18000000000000002,0.8432539682539683
0.2,0.8488681757656458
0.22000000000000003,0.8500669344042838
0.24000000000000002,0.8485463150777552
0.26,0.8509911141490089
0.28,0.8413793103448276
0.30000000000000004,0.8327526132404182
0.32000000000000006,0.8263009845288326
0.3400000000000001,0.8072546230440967
0.3600000000000001,0.7860732232591529
0.38,0.7848837209302325
0.4,0.780791788856305
0.42000000000000004,0.7757352941176471
0.44000000000000006,0.7494407158836689
0.4600000000000001,0.720754716981132
0.4800000000000001,0.6889915319476521
0.5000000000000001,0.6767208043310131
0.5200000000000001,0.6528537920250196
0.54,0.6525157232704403
0.56,0.6294820717131474
0.5800000000000001,0.5906148867313916
0.6000000000000001,0.5701394585726005
0.6200000000000001,0.5440199335548173
0.6400000000000001,0.48986486486486486
0.66,0.4623287671232877
0.68,0.43252595155709345
0.7000000000000001,0.3943908851884312
0.7200000000000001,0.3517364203027605
0.7400000000000001,0.3076923076923077
0.7600000000000001,0.23126734505087881
0.7800000000000001,0.1824134705332086
0.8000000000000002,0.12369172216936251
