account_id,customer_id,snapshot_date,days_past_due,credit_score,monthly_income,balance,utilization,missed_payments_6m,portfolio
10001,10001,2026-06-30,7,682,4924.32,23089.93,0.3484,0,Medical
10002,10002,2026-06-30,35,713,5336.04,8778.95,0.5458,0,Credit Card
10003,10003,2026-06-30,48,489,6076.01,9974.82,0.3403,2,Personal Loan
10004,10004,2026-06-30,9,780,3971.71,24101.65,0.4196,0,Auto
10005,10005,2026-06-30,20,636,6911.69,17569.65,0.6542,1,Medical
10006,10006,2026-06-30,69,720,10324.68,19985.21,0.6754,0,Medical
10007,10007,2026-06-30,9,632,6511.75,20748.97,0.4174,2,Credit Card
10008,10008,2026-06-30,20,774,3076.4,9858.08,0.5717,2,Credit Card
10009,10009,2026-06-30,40,554,2729.07,23528.73,0.7567,1,Auto
10010,10010,2026-06-30,39,511,2766.64,15096.72,0.4401,0,Personal Loan
10011,10011,2026-06-30,48,553,6953.99,10676.93,0.9057,1,Personal Loan
10012,10012,2026-06-30,9,714,5941.62,16542.33,0.6985,2,Medical
10013,10013,2026-06-30,38,613,4220.13,17354.63,0.6483,2,Medical
10014,10014,2026-06-30,89,680,1565.44,13717.76,0.552,0,Auto
10015,10015,2026-06-30,89,779,5447.51,16132.23,0.5477,1,Auto
10016,10016,2026-06-30,58,533,5264.34,15033.11,0.6239,3,Auto
10017,10017,2026-06-30,24,787,4390.19,19015.14,0.574,0,Personal Loan
10018,10018,2026-06-30,48,533,4397.88,22690.59,0.6043,2,Medical
10019,10019,2026-06-30,58,490,3622.43,11762.06,0.4401,5,Auto
10020,10020,2026-06-30,39,756,12544.37,853.12,0.7569,1,Medical
10021,10021,2026-06-30,41,477,4341.86,21430.91,0.7207,1,Medical
10022,10022,2026-06-30,27,506,13802.38,7304.78,0.6697,0,Medical
10023,10023,2026-06-30,6,450,12720.52,15460.82,0.8399,1,Credit Card
10024,10024,2026-06-30,35,573,1587.76,5629.8,0.6101,1,Auto
10025,10025,2026-06-30,52,672,3117.94,16352.37,0.621,1,Medical
10026,10026,2026-06-30,52,586,3226.79,10520.38,0.6072,2,Credit Card
10027,10027,2026-06-30,55,441,6815.84,17190.01,0.8566,2,Medical
10028,10028,2026-06-30,45,543,2072.71,14822.97,0.6031,4,Personal Loan
10029,10029,2026-06-30,45,437,3497.16,3254.4,0.3692,0,Medical
10030,10030,2026-06-30,18,562,9290.47,1829.01,0.4443,1,Credit Card
10031,10031,2026-06-30,42,819,5554.01,728.96,0.2972,1,Personal Loan
10032,10032,2026-06-30,55,718,5605.55,6004.55,0.5474,1,Credit Card
10033,10033,2026-06-30,38,527,5320.97,9139.68,0.6905,4,Personal Loan
10034,10034,2026-06-30,28,552,1562.65,11330.53,0.3343,3,Credit Card
10035,10035,2026-06-30,59,435,6159.25,13283.56,0.6003,0,Credit Card
10036,10036,2026-06-30,42,639,2161.0,7722.35,0.271,2,Personal Loan
10037,10037,2026-06-30,55,658,9087.51,11752.42,0.2302,1,Personal Loan
10038,10038,2026-06-30,63,469,2322.43,23408.56,0.6406,1,Personal Loan
10039,10039,2026-06-30,54,525,3188.5,9475.98,0.7963,0,Auto
10040,10040,2026-06-30,75,590,2188.86,1774.7,0.6673,0,Credit Card
10041,10041,2026-06-30,21,436,3340.88,7141.53,0.8126,0,Credit Card
10042,10042,2026-06-30,56,728,2869.4,10134.31,0.479,0,Personal Loan
10043,10043,2026-06-30,71,807,5962.23,22749.03,0.3035,2,Medical
10044,10044,2026-06-30,89,755,5370.33,8059.46,0.3375,1,Auto
10045,10045,2026-06-30,23,493,5311.94,12904.21,0.2419,0,Medical
10046,10046,2026-06-30,49,559,5017.59,15856.83,0.5823,1,Medical
10047,10047,2026-06-30,52,460,3658.38,11435.86,0.4405,1,Auto
10048,10048,2026-06-30,27,522,5808.74,16803.69,0.3868,0,Credit Card
10049,10049,2026-06-30,22,561,3541.1,4838.67,0.5243,0,Personal Loan
10050,10050,2026-06-30,69,713,2556.31,13364.63,0.6586,0,Medical
10051,10051,2026-06-30,61,572,5418.38,17957.61,0.6684,2,Personal Loan
10052,10052,2026-06-30,1,544,2830.8,4395.8,0.8285,1,Personal Loan
10053,10053,2026-06-30,81,617,4229.42,11373.46,0.4623,1,Credit Card
10054,10054,2026-06-30,61,508,4829.47,18643.06,0.6437,2,Auto
10055,10055,2026-06-30,57,783,3002.72,10767.13,0.8003,2,Credit Card
10056,10056,2026-06-30,29,566,4579.92,5109.64,0.6579,1,Personal Loan
10057,10057,2026-06-30,56,756,2471.9,21323.85,0.4567,0,Credit Card
10058,10058,2026-06-30,48,561,6736.75,5644.0,0.7917,1,Credit Card
10059,10059,2026-06-30,65,754,2699.33,14533.55,0.8584,2,Personal Loan
10060,10060,2026-06-30,60,510,4781.17,11268.83,0.4704,0,Medical
10061,10061,2026-06-30,41,632,4268.56,3143.82,0.7887,2,Auto
10062,10062,2026-06-30,61,814,4407.52,15439.59,0.4972,2,Auto
10063,10063,2026-06-30,84,712,5382.84,21752.65,0.7431,0,Auto
10064,10064,2026-06-30,34,655,2050.41,2387.32,0.5532,1,Medical
10065,10065,2026-06-30,51,434,4046.44,4946.73,0.581,0,Auto
10066,10066,2026-06-30,17,779,5209.99,1028.39,0.826,1,Medical
10067,10067,2026-06-30,66,700,3170.89,21951.56,0.6638,1,Credit Card
10068,10068,2026-06-30,86,578,2981.97,12896.53,0.4463,0,Medical
10069,10069,2026-06-30,7,559,6351.81,22681.56,0.7692,1,Credit Card
10070,10070,2026-06-30,22,775,7354.29,10513.21,0.137,2,Medical
10071,10071,2026-06-30,45,678,8755.31,6295.81,0.5842,2,Credit Card
10072,10072,2026-06-30,37,723,5950.34,5082.13,0.495,0,Credit Card
10073,10073,2026-06-30,15,639,2274.17,15663.37,0.9341,2,Credit Card
10074,10074,2026-06-30,6,607,6343.65,22221.02,0.3753,4,Medical
10075,10075,2026-06-30,58,502,5081.57,17827.78,0.4063,1,Personal Loan
10076,10076,2026-06-30,46,548,7429.81,19827.37,0.9529,3,Personal Loan
10077,10077,2026-06-30,59,712,5718.15,12303.43,0.2267,0,Personal Loan
10078,10078,2026-06-30,13,661,6937.38,12596.88,0.6688,1,Auto
10079,10079,2026-06-30,80,595,5047.41,12065.59,0.6845,5,Credit Card
10080,10080,2026-06-30,39,819,1961.78,18211.4,0.7109,1,Auto
10081,10081,2026-06-30,24,524,2240.38,18326.28,0.8576,1,Personal Loan
10082,10082,2026-06-30,12,701,2252.26,20105.06,0.8704,1,Credit Card
10083,10083,2026-06-30,46,487,730.84,2459.53,0.8508,4,Personal Loan
10084,10084,2026-06-30,5,794,2967.17,19703.24,0.7419,0,Medical
10085,10085,2026-06-30,5,585,4860.08,3240.98,0.3829,1,Auto
10086,10086,2026-06-30,26,539,3831.95,18333.13,0.729,1,Auto
10087,10087,2026-06-30,74,492,2492.77,13387.91,0.3618,1,Medical
10088,10088,2026-06-30,66,681,4746.62,21113.77,0.3231,1,Auto
10089,10089,2026-06-30,39,784,3765.49,22834.13,0.5998,0,Personal Loan
10090,10090,2026-06-30,14,742,5523.31,6987.47,0.841,1,Credit Card
10091,10091,2026-06-30,75,730,4920.75,3313.14,0.8358,0,Medical
10092,10092,2026-06-30,24,739,2966.27,15192.0,0.6064,1,Credit Card
10093,10093,2026-06-30,62,585,7742.44,3234.43,0.5505,0,Medical
10094,10094,2026-06-30,41,752,3735.28,6507.89,0.6148,1,Credit Card
10095,10095,2026-06-30,33,658,3118.37,12369.13,0.6855,0,Medical
10096,10096,2026-06-30,15,635,5133.92,21145.14,0.5061,1,Personal Loan
10097,10097,2026-06-30,87,747,4151.1,5144.78,0.3744,1,Credit Card
10098,10098,2026-06-30,50,660,2784.21,7339.66,0.1388,0,Medical
10099,10099,2026-06-30,12,458,3088.22,3780.73,0.6651,2,Credit Card
10100,10100,2026-06-30,59,761,4247.37,797.08,0.8591,0,Medical
10101,10101,2026-06-30,44,628,2888.47,18912.94,0.1345,0,Credit Card
10102,10102,2026-06-30,54,468,4983.28,22022.46,0.6691,1,Medical
10103,10103,2026-06-30,74,470,2941.0,13247.1,0.8083,0,Credit Card
10104,10104,2026-06-30,79,695,1703.49,23880.76,0.6006,0,Credit Card
10105,10105,2026-06-30,18,773,4492.97,20861.83,0.2524,1,Medical
10106,10106,2026-06-30,8,558,9208.74,1318.11,0.7686,5,Medical
10107,10107,2026-06-30,10,555,4200.39,4298.46,0.7624,1,Medical
10108,10108,2026-06-30,58,505,919.76,11518.31,0.4153,1,Medical
10109,10109,2026-06-30,53,619,9938.72,4885.36,0.4349,1,Medical
10110,10110,2026-06-30,85,663,5551.93,2523.01,0.5241,0,Credit Card
10111,10111,2026-06-30,41,668,3130.71,18522.35,0.7375,0,Auto
10112,10112,2026-06-30,80,738,5627.29,6091.7,0.602,1,Medical
10113,10113,2026-06-30,6,633,4425.9,6726.42,0.8161,1,Auto
10114,10114,2026-06-30,87,815,4574.18,24899.4,0.8804,2,Medical
10115,10115,2026-06-30,63,619,2414.18,22808.46,0.7104,2,Personal Loan
10116,10116,2026-06-30,74,579,3019.56,11997.4,0.613,2,Credit Card
10117,10117,2026-06-30,49,713,8578.52,21593.19,0.8306,2,Credit Card
10118,10118,2026-06-30,15,429,4144.38,11183.12,0.8561,2,Auto
10119,10119,2026-06-30,52,713,5256.16,15226.21,0.7712,2,Credit Card
10120,10120,2026-06-30,20,599,5495.08,9447.18,0.4115,3,Auto
10121,10121,2026-06-30,57,770,8549.94,24966.24,0.4415,1,Credit Card
10122,10122,2026-06-30,89,497,3076.88,4381.56,0.7499,4,Personal Loan
10123,10123,2026-06-30,44,784,2360.79,21134.54,0.5915,0,Medical
10124,10124,2026-06-30,54,714,5198.64,16300.18,0.8777,1,Medical
10125,10125,2026-06-30,12,768,5892.47,7107.12,0.575,5,Medical
10126,10126,2026-06-30,54,723,5023.46,6660.29,0.6805,3,Medical
10127,10127,2026-06-30,37,643,3481.91,20219.17,0.4268,0,Credit Card
10128,10128,2026-06-30,12,737,5138.67,3730.16,0.5233,3,Credit Card
10129,10129,2026-06-30,3,469,2189.99,11403.92,0.5547,1,Medical
10130,10130,2026-06-30,25,491,1745.5,4953.49,0.896,2,Credit Card
10131,10131,2026-06-30,76,544,4656.49,16797.24,0.7167,0,Auto
10132,10132,2026-06-30,36,552,16065.18,13004.04,0.5009,0,Medical
10133,10133,2026-06-30,31,491,3039.78,5325.47,0.5237,1,Credit Card
10134,10134,2026-06-30,11,816,6328.7,22578.04,0.8165,0,Medical
10135,10135,2026-06-30,53,423,2569.78,8813.07,0.439,0,Medical
10136,10136,2026-06-30,67,676,6189.72,11625.51,0.4114,1,Auto
10137,10137,2026-06-30,72,803,5053.99,15053.02,0.6969,1,Medical
10138,10138,2026-06-30,53,795,1514.77,3597.93,0.3463,0,Personal Loan
10139,10139,2026-06-30,56,469,1982.23,6061.68,0.7618,1,Auto
10140,10140,2026-06-30,15,550,3949.81,16649.28,0.3754,1,Credit Card
10141,10141,2026-06-30,7,582,5417.18,3378.89,0.5497,1,Auto
10142,10142,2026-06-30,1,613,3954.83,19179.14,0.5194,1,Auto
10143,10143,2026-06-30,20,476,2938.61,9388.31,0.8369,2,Credit Card
10144,10144,2026-06-30,77,486,3721.87,14485.59,0.5025,3,Personal Loan
10145,10145,2026-06-30,0,675,3185.08,14139.67,0.3478,0,Personal Loan
10146,10146,2026-06-30,6,484,6662.96,14039.98,0.8636,1,Auto
10147,10147,2026-06-30,44,739,5216.73,21497.9,0.5248,4,Personal Loan
10148,10148,2026-06-30,10,476,5418.23,5019.05,0.6202,0,Medical
10149,10149,2026-06-30,36,817,3157.31,8925.41,0.4214,2,Credit Card
10150,10150,2026-06-30,81,508,4454.56,22276.35,0.7431,1,Personal Loan
10151,10151,2026-06-30,70,464,6450.19,22861.16,0.4972,0,Medical
10152,10152,2026-06-30,42,523,3610.15,10428.27,0.4884,1,Personal Loan
10153,10153,2026-06-30,51,648,4290.38,16787.82,0.5638,1,Auto
10154,10154,2026-06-30,59,619,5664.38,12404.4,0.7686,3,Personal Loan
10155,10155,2026-06-30,29,572,5655.6,6741.17,0.5842,1,Auto
10156,10156,2026-06-30,22,488,5755.21,24497.55,0.4062,0,Credit Card
10157,10157,2026-06-30,80,810,1411.22,18675.6,0.5687,2,Medical
10158,10158,2026-06-30,46,777,4237.69,17601.99,0.663,1,Auto
10159,10159,2026-06-30,38,636,2847.42,12852.31,0.7909,3,Auto
10160,10160,2026-06-30,25,742,3095.44,16594.65,0.6565,1,Auto
10161,10161,2026-06-30,60,712,1842.21,2836.62,0.8727,1,Personal Loan
10162,10162,2026-06-30,60,694,4275.78,21330.13,0.6266,1,Credit Card
10163,10163,2026-06-30,27,814,2461.16,12943.7,0.3702,1,Medical
10164,10164,2026-06-30,12,753,4271.01,2091.11,0.9612,0,Medical
10165,10165,2026-06-30,23,687,2943.25,902.13,0.615,2,Medical
10166,10166,2026-06-30,32,477,6725.6,10064.04,0.3231,1,Credit Card
10167,10167,2026-06-30,56,756,5771.38,531.71,0.4951,2,Credit Card
10168,10168,2026-06-30,34,496,3062.53,19793.11,0.813,0,Medical
10169,10169,2026-06-30,71,638,4064.6,5497.7,0.367,0,Medical
10170,10170,2026-06-30,66,579,7813.2,20412.17,0.7099,4,Credit Card
10171,10171,2026-06-30,79,798,4665.82,18082.82,0.8611,2,Auto
10172,10172,2026-06-30,60,560,2851.39,11221.21,0.3003,6,Medical
10173,10173,2026-06-30,24,616,12978.0,20146.15,0.2503,3,Auto
10174,10174,2026-06-30,28,737,3761.32,20884.33,0.6825,0,Auto
10175,10175,2026-06-30,40,770,2742.77,19496.24,0.7071,3,Personal Loan
10176,10176,2026-06-30,74,701,3856.88,18423.18,0.6384,2,Personal Loan
10177,10177,2026-06-30,73,582,5534.69,1709.32,0.9801,1,Credit Card
10178,10178,2026-06-30,43,620,3322.16,5877.34,0.3587,1,Personal Loan
10179,10179,2026-06-30,9,679,2125.93,3244.25,0.2371,1,Personal Loan
10180,10180,2026-06-30,74,508,5637.07,18179.78,0.2779,1,Medical
10181,10181,2026-06-30,70,732,5177.55,4406.71,0.5388,1,Auto
10182,10182,2026-06-30,47,784,3689.26,2097.76,0.699,1,Credit Card
10183,10183,2026-06-30,14,697,4499.57,859.63,0.1794,2,Auto
10184,10184,2026-06-30,68,753,4604.83,22522.84,0.8419,1,Medical
10185,10185,2026-06-30,75,683,4239.79,20295.48,0.3794,0,Credit Card
10186,10186,2026-06-30,0,801,9223.83,2113.66,0.4462,1,Auto
10187,10187,2026-06-30,82,574,2519.59,3639.43,0.9166,0,Credit Card
10188,10188,2026-06-30,62,606,2818.83,10937.35,0.384,3,Auto
10189,10189,2026-06-30,5,670,6996.41,14800.99,0.779,2,Medical
10190,10190,2026-06-30,64,712,3126.71,12174.49,0.6156,0,Credit Card
10191,10191,2026-06-30,70,751,2963.81,891.6,0.8195,1,Medical
10192,10192,2026-06-30,83,590,2925.39,19847.69,0.6092,3,Personal Loan
10193,10193,2026-06-30,78,772,3128.65,19019.65,0.7572,1,Personal Loan
10194,10194,2026-06-30,35,819,2865.62,1889.02,0.7563,2,Auto
10195,10195,2026-06-30,42,496,,4130.67,0.1879,0,Auto
10196,10196,2026-06-30,41,677,3855.23,20512.83,0.6779,0,Auto
10197,10197,2026-06-30,15,440,4384.54,4335.47,0.609,4,Auto
10198,10198,2026-06-30,16,567,3858.31,5252.43,0.7154,1,Medical
10199,10199,2026-06-30,64,673,3969.55,4957.8,0.1973,2,Personal Loan
10200,10200,2026-06-30,71,720,11247.96,17471.7,0.4359,2,Personal Loan
10201,10201,2026-06-30,72,714,7514.56,9669.23,0.2465,1,Credit Card
10202,10202,2026-06-30,44,434,3833.7,24777.22,0.3571,1,Auto
10203,10203,2026-06-30,71,699,4648.7,9333.0,0.7243,2,Credit Card
10204,10204,2026-06-30,53,715,4455.78,12163.65,0.7442,1,Credit Card
10205,10205,2026-06-30,10,584,3630.67,21127.64,0.1657,2,Auto
10206,10206,2026-06-30,63,783,3224.69,16722.48,0.7127,1,Personal Loan
10207,10207,2026-06-30,87,610,6278.43,20257.68,0.5428,1,Medical
10208,10208,2026-06-30,49,552,1508.29,9421.74,0.6695,5,Credit Card
10209,10209,2026-06-30,36,787,5924.94,23542.79,0.6336,2,Personal Loan
10210,10210,2026-06-30,57,430,2597.23,20917.28,0.6351,3,Personal Loan
10211,10211,2026-06-30,61,464,6545.12,16161.58,0.7836,0,Auto
10212,10212,2026-06-30,77,582,4697.83,5991.28,0.7984,0,Medical
10213,10213,2026-06-30,41,804,4545.81,2066.84,0.7955,0,Credit Card
10214,10214,2026-06-30,73,559,3541.15,16488.6,0.6142,2,Credit Card
10215,10215,2026-06-30,56,741,2223.99,11865.38,0.4889,5,Credit Card
10216,10216,2026-06-30,18,514,4405.32,24875.98,0.2643,2,Auto
10217,10217,2026-06-30,63,782,3511.92,9708.89,0.405,1,Medical
10218,10218,2026-06-30,31,781,6459.07,21258.06,0.6476,1,Personal Loan
10219,10219,2026-06-30,88,471,7095.67,18566.8,0.2714,1,Medical
10220,10220,2026-06-30,85,621,6631.79,7968.75,0.3101,1,Credit Card
10221,10221,2026-06-30,66,774,2970.81,6885.42,0.3754,1,Personal Loan
10222,10222,2026-06-30,6,561,2642.25,6255.08,0.2572,1,Personal Loan
10223,10223,2026-06-30,39,590,5508.16,1459.67,0.3929,1,Medical
10224,10224,2026-06-30,51,805,3457.29,21136.73,0.6344,3,Auto
10225,10225,2026-06-30,72,669,3056.53,11645.21,0.6544,2,Auto
10226,10226,2026-06-30,73,722,6238.43,5762.08,0.4799,3,Personal Loan
10227,10227,2026-06-30,24,545,5998.17,14196.36,0.735,1,Credit Card
10228,10228,2026-06-30,26,634,5245.02,21168.83,0.3318,1,Personal Loan
10229,10229,2026-06-30,2,580,5893.87,6439.97,0.8594,0,Medical
10230,10230,2026-06-30,12,421,3965.65,13857.39,0.5776,0,Credit Card
10231,10231,2026-06-30,33,692,5953.9,5472.08,0.6305,2,Auto
10232,10232,2026-06-30,25,551,8421.74,23482.37,0.3291,1,Credit Card
10233,10233,2026-06-30,56,452,1334.05,24900.29,0.4911,1,Credit Card
10234,10234,2026-06-30,27,784,7095.7,2201.06,0.4869,1,Personal Loan
10235,10235,2026-06-30,26,544,6893.68,1584.22,0.7625,1,Credit Card
10236,10236,2026-06-30,24,470,9512.72,23029.62,0.4281,1,Medical
10237,10237,2026-06-30,40,819,7058.1,16192.17,0.4286,5,Auto
10238,10238,2026-06-30,67,474,4010.88,22720.54,0.3028,1,Auto
10239,10239,2026-06-30,36,704,4784.84,20079.43,0.4276,0,Auto
10240,10240,2026-06-30,41,757,4870.05,15905.44,0.8604,1,Auto
10241,10241,2026-06-30,70,794,10153.09,24845.68,0.1518,2,Personal Loan
10242,10242,2026-06-30,72,440,3605.08,12400.92,0.5591,1,Personal Loan
10243,10243,2026-06-30,44,516,3040.05,11393.04,0.2085,0,Auto
10244,10244,2026-06-30,22,762,4301.06,679.95,0.3843,0,Auto
10245,10245,2026-06-30,4,447,3708.95,16256.58,0.8514,1,Auto
10246,10246,2026-06-30,19,798,2449.24,16825.28,0.4961,1,Medical
10247,10247,2026-06-30,74,594,1480.37,14591.56,0.5327,2,Auto
10248,10248,2026-06-30,0,564,1784.83,13308.2,0.7116,1,Medical
10249,10249,2026-06-30,53,562,5876.63,18747.06,0.5429,1,Credit Card
10250,10250,2026-06-30,76,581,8629.02,22867.03,0.7832,1,Personal Loan
10251,10251,2026-06-30,51,655,4257.84,20061.87,0.4742,2,Personal Loan
10252,10252,2026-06-30,53,547,4550.48,19082.43,0.6815,3,Medical
10253,10253,2026-06-30,88,529,2680.29,24900.01,0.7984,1,Auto
10254,10254,2026-06-30,15,552,5255.92,22309.35,0.386,0,Credit Card
10255,10255,2026-06-30,29,546,4617.11,8868.15,0.538,0,Auto
10256,10256,2026-06-30,81,474,1841.05,7028.4,0.2771,2,Credit Card
10257,10257,2026-06-30,48,807,4426.04,2808.82,0.8152,3,Credit Card
10258,10258,2026-06-30,30,799,2141.77,14111.2,0.3796,2,Personal Loan
10259,10259,2026-06-30,3,685,4613.2,5975.51,0.4052,2,Medical
10260,10260,2026-06-30,72,780,6305.7,9397.88,0.6545,1,Credit Card
10261,10261,2026-06-30,65,534,6865.64,16826.84,0.6907,1,Medical
10262,10262,2026-06-30,58,621,3543.77,6101.39,0.5787,1,Personal Loan
10263,10263,2026-06-30,13,682,4769.93,5991.57,0.7845,2,Credit Card
10264,10264,2026-06-30,73,544,6088.84,16119.85,0.6832,3,Personal Loan
10265,10265,2026-06-30,5,426,8735.97,8319.54,0.4821,0,Auto
10266,10266,2026-06-30,74,729,3049.15,20213.07,0.5226,1,Personal Loan
10267,10267,2026-06-30,16,796,3390.49,14726.75,0.3442,2,Medical
10268,10268,2026-06-30,36,550,3435.03,24433.99,0.7684,2,Auto
10269,10269,2026-06-30,31,494,7393.33,14127.17,0.4935,1,Auto
10270,10270,2026-06-30,38,710,12931.21,18608.33,0.3793,0,Medical
10271,10271,2026-06-30,85,638,2666.97,981.59,0.8606,1,Personal Loan
10272,10272,2026-06-30,55,552,3849.88,16307.68,0.9192,0,Medical
10273,10273,2026-06-30,65,796,4012.58,20123.08,0.3493,2,Auto
10274,10274,2026-06-30,67,746,4685.05,6250.92,0.4472,0,Auto
10275,10275,2026-06-30,18,695,5779.35,1798.67,0.8761,2,Credit Card
10276,10276,2026-06-30,13,785,4509.08,8878.98,0.5722,1,Medical
10277,10277,2026-06-30,68,539,5208.28,4505.33,0.7948,2,Credit Card
10278,10278,2026-06-30,40,713,5007.98,9619.27,0.3516,2,Personal Loan
10279,10279,2026-06-30,12,695,1350.62,11332.94,0.8886,1,Personal Loan
10280,10280,2026-06-30,58,787,3308.66,8790.6,0.5287,0,Personal Loan
10281,10281,2026-06-30,27,794,9663.69,24790.81,0.6779,0,Medical
10282,10282,2026-06-30,88,572,9378.45,22032.05,0.637,1,Auto
10283,10283,2026-06-30,54,592,5382.55,3020.29,0.2161,2,Auto
10284,10284,2026-06-30,4,815,8317.39,19469.53,0.429,3,Auto
10285,10285,2026-06-30,57,746,3232.38,14869.05,0.5843,0,Personal Loan
10286,10286,2026-06-30,80,736,9271.25,8795.51,0.9449,3,Credit Card
10287,10287,2026-06-30,24,460,3559.14,10092.08,0.3279,1,Personal Loan
10288,10288,2026-06-30,0,621,5661.28,23831.7,0.3774,1,Personal Loan
10289,10289,2026-06-30,12,797,2253.55,16351.7,0.6997,0,Auto
10290,10290,2026-06-30,37,661,10847.62,21636.28,0.7692,1,Medical
10291,10291,2026-06-30,59,811,4120.11,12051.16,0.3733,2,Medical
10292,10292,2026-06-30,25,752,3558.18,8227.52,0.5832,2,Personal Loan
10293,10293,2026-06-30,53,785,6404.88,3497.73,0.6935,1,Personal Loan
10294,10294,2026-06-30,71,424,2741.8,13400.18,0.7844,0,Medical
10295,10295,2026-06-30,49,670,5740.56,10379.89,0.4914,0,Credit Card
10296,10296,2026-06-30,5,528,3512.41,1095.07,0.1283,0,Medical
10297,10297,2026-06-30,89,617,5483.37,23925.21,0.8412,2,Credit Card
10298,10298,2026-06-30,30,783,5439.65,17099.76,0.2535,4,Personal Loan
10299,10299,2026-06-30,29,638,15267.48,6353.4,0.4661,1,Personal Loan
10300,10300,2026-06-30,79,547,3107.48,9669.42,0.726,1,Credit Card
10301,10301,2026-06-30,1,505,5455.7,14428.4,0.5934,1,Credit Card
10302,10302,2026-06-30,8,630,3561.26,1058.8,0.5456,0,Personal Loan
10303,10303,2026-06-30,72,817,6496.32,18357.85,0.4401,2,Auto
10304,10304,2026-06-30,32,550,4118.08,2611.07,0.5453,3,Medical
10305,10305,2026-06-30,30,509,7256.26,20319.21,0.6943,1,Medical
10306,10306,2026-06-30,0,537,6119.29,23539.65,0.5742,2,Credit Card
10307,10307,2026-06-30,70,601,3941.11,21373.94,0.6234,1,Medical
10308,10308,2026-06-30,8,719,3128.82,11971.02,0.274,3,Personal Loan
10309,10309,2026-06-30,66,800,3785.48,19499.75,0.3301,2,Personal Loan
10310,10310,2026-06-30,54,599,4755.8,12574.63,0.9374,2,Credit Card
10311,10311,2026-06-30,10,752,4941.55,23266.73,0.515,2,Personal Loan
10312,10312,2026-06-30,39,676,12864.41,23532.97,0.8992,1,Credit Card
10313,10313,2026-06-30,23,579,6378.78,5816.71,0.4737,3,Personal Loan
10314,10314,2026-06-30,71,609,4530.84,14596.66,0.6692,1,Credit Card
10315,10315,2026-06-30,64,560,7541.9,12293.44,0.6336,1,Personal Loan
10316,10316,2026-06-30,82,578,4869.49,24228.14,0.5768,0,Auto
10317,10317,2026-06-30,32,461,4106.31,5564.49,0.7894,1,Personal Loan
10318,10318,2026-06-30,52,705,2543.95,16454.48,0.7737,1,Auto
10319,10319,2026-06-30,18,557,2886.63,13113.35,0.1888,0,Credit Card
10320,10320,2026-06-30,72,810,6305.05,17601.17,0.4773,2,Personal Loan
10321,10321,2026-06-30,62,805,2816.7,16124.17,0.4104,0,Auto
10322,10322,2026-06-30,15,801,5504.34,20437.89,0.5566,1,Credit Card
10323,10323,2026-06-30,51,532,5925.35,23351.12,0.9436,0,Credit Card
10324,10324,2026-06-30,51,686,1996.75,12430.88,0.9127,0,Credit Card
10325,10325,2026-06-30,17,554,3055.65,9066.61,0.4823,0,Personal Loan
10326,10326,2026-06-30,11,680,5991.28,5531.74,0.6851,2,Medical
10327,10327,2026-06-30,37,447,3521.29,7624.3,0.607,1,Medical
10328,10328,2026-06-30,5,652,4406.43,6958.33,0.4714,1,Auto
10329,10329,2026-06-30,73,643,3302.24,23462.99,0.4416,3,Credit Card
10330,10330,2026-06-30,21,683,5592.23,14668.38,0.8366,1,Credit Card
10331,10331,2026-06-30,37,775,3841.18,4607.98,0.9036,2,Credit Card
10332,10332,2026-06-30,68,771,8497.33,5504.84,0.4623,0,Personal Loan
10333,10333,2026-06-30,30,559,4057.93,23762.31,0.2869,3,Auto
10334,10334,2026-06-30,42,694,3853.81,21647.81,0.5959,2,Personal Loan
10335,10335,2026-06-30,25,779,5960.61,18558.81,0.8904,1,Auto
10336,10336,2026-06-30,5,786,3699.54,22269.43,0.4445,2,Personal Loan
10337,10337,2026-06-30,59,648,7355.37,21695.22,0.9439,4,Personal Loan
10338,10338,2026-06-30,67,638,2153.2,8699.19,0.5766,1,Medical
10339,10339,2026-06-30,39,607,3201.4,6647.36,0.7606,3,Credit Card
10340,10340,2026-06-30,58,805,3657.49,24031.1,0.6252,3,Credit Card
10341,10341,2026-06-30,53,511,6365.22,11064.99,0.424,1,Personal Loan
10342,10342,2026-06-30,3,435,2643.1,10598.57,0.6797,0,Credit Card
10343,10343,2026-06-30,76,624,6611.85,11926.39,0.8249,2,Auto
10344,10344,2026-06-30,77,485,2478.83,16630.81,0.5675,1,Credit Card
10345,10345,2026-06-30,84,746,3003.93,19592.9,0.6981,2,Personal Loan
10346,10346,2026-06-30,8,719,,1280.94,0.6761,0,Auto
10347,10347,2026-06-30,26,764,1894.45,12418.48,0.5218,1,Personal Loan
10348,10348,2026-06-30,38,798,4425.47,2564.35,0.4434,0,Medical
10349,10349,2026-06-30,20,496,8938.39,14034.47,0.6313,1,Credit Card
10350,10350,2026-06-30,17,683,7928.82,12983.17,0.8518,1,Credit Card
10351,10351,2026-06-30,45,741,9110.46,19286.74,0.7446,0,Personal Loan
10352,10352,2026-06-30,21,785,5869.2,3357.05,0.4379,4,Personal Loan
10353,10353,2026-06-30,56,792,3641.57,2332.53,0.3205,1,Credit Card
10354,10354,2026-06-30,78,504,9779.17,23164.03,0.7165,0,Auto
10355,10355,2026-06-30,26,800,2604.41,9769.6,0.3341,1,Auto
10356,10356,2026-06-30,24,804,6059.62,9663.19,0.5001,1,Medical
10357,10357,2026-06-30,7,591,4415.95,18245.16,0.442,1,Medical
10358,10358,2026-06-30,11,633,4449.25,5505.95,0.5906,0,Credit Card
10359,10359,2026-06-30,70,701,4911.34,6677.51,0.5714,3,Personal Loan
10360,10360,2026-06-30,61,585,5622.99,2765.42,0.3824,1,Medical
10361,10361,2026-06-30,78,764,2262.79,9369.86,0.8713,1,Medical
10362,10362,2026-06-30,89,622,6144.08,7228.94,0.5966,1,Auto
10363,10363,2026-06-30,65,595,3606.0,12786.11,0.3891,2,Credit Card
10364,10364,2026-06-30,73,511,6323.26,15085.92,0.3868,2,Personal Loan
10365,10365,2026-06-30,44,780,3458.77,1813.42,0.4876,1,Personal Loan
10366,10366,2026-06-30,42,795,3375.43,11765.04,0.5262,4,Personal Loan
10367,10367,2026-06-30,72,447,3669.38,21895.8,0.8156,1,Medical
10368,10368,2026-06-30,15,445,2541.73,22345.87,0.6469,4,Personal Loan
10369,10369,2026-06-30,18,751,1284.89,15775.44,0.6947,1,Personal Loan
10370,10370,2026-06-30,55,672,2590.45,18310.78,0.4927,1,Credit Card
10371,10371,2026-06-30,34,782,2667.73,6398.83,0.6544,0,Auto
10372,10372,2026-06-30,13,647,4221.89,15294.67,0.5004,2,Medical
10373,10373,2026-06-30,89,817,4880.52,5354.83,0.4505,1,Personal Loan
10374,10374,2026-06-30,46,585,4068.34,18763.23,0.7605,1,Personal Loan
10375,10375,2026-06-30,50,489,2432.92,12407.32,0.5447,3,Medical
10376,10376,2026-06-30,37,683,1444.69,14586.18,0.4642,4,Personal Loan
10377,10377,2026-06-30,73,607,1215.88,12132.09,0.6488,1,Credit Card
10378,10378,2026-06-30,68,756,2046.22,23475.15,0.5326,3,Credit Card
10379,10379,2026-06-30,20,771,4390.79,19560.56,0.9076,1,Personal Loan
10380,10380,2026-06-30,9,592,3562.13,17187.03,0.576,2,Personal Loan
10381,10381,2026-06-30,5,605,3059.39,12629.61,0.6416,1,Medical
10382,10382,2026-06-30,11,427,8730.64,21405.45,0.5866,0,Personal Loan
10383,10383,2026-06-30,35,796,6542.19,2754.29,0.3922,2,Personal Loan
10384,10384,2026-06-30,49,713,6499.77,734.94,0.6445,1,Medical
10385,10385,2026-06-30,14,488,3991.75,17957.07,0.7296,2,Personal Loan
10386,10386,2026-06-30,43,431,,18774.27,0.6799,0,Personal Loan
10387,10387,2026-06-30,61,792,3909.03,4113.06,0.8015,0,Medical
10388,10388,2026-06-30,85,694,5597.89,16174.65,0.2454,0,Medical
10389,10389,2026-06-30,5,771,4734.34,8871.37,0.5903,1,Personal Loan
10390,10390,2026-06-30,76,686,3259.11,7641.17,0.3267,0,Medical
10391,10391,2026-06-30,54,765,6490.46,15791.6,0.7023,1,Auto
10392,10392,2026-06-30,76,498,5578.19,1346.84,0.8056,3,Medical
10393,10393,2026-06-30,50,712,3910.09,12180.54,0.604,4,Credit Card
10394,10394,2026-06-30,28,697,5255.49,4704.66,0.2278,0,Personal Loan
10395,10395,2026-06-30,33,588,5230.7,17418.42,0.4199,0,Personal Loan
10396,10396,2026-06-30,51,435,4951.14,22345.42,0.4209,0,Credit Card
10397,10397,2026-06-30,79,563,4439.13,22699.91,0.532,0,Auto
10398,10398,2026-06-30,73,660,4087.22,9462.9,0.3326,0,Medical
10399,10399,2026-06-30,68,640,6288.61,1923.36,0.623,2,Credit Card
10400,10400,2026-06-30,77,815,,19905.36,0.8105,0,Personal Loan
10401,10401,2026-06-30,55,767,1504.84,5140.26,0.4397,1,Medical
10402,10402,2026-06-30,16,715,6221.17,17828.35,0.742,3,Medical
10403,10403,2026-06-30,89,709,3740.04,5820.95,0.8527,0,Auto
10404,10404,2026-06-30,73,526,4978.48,14684.42,0.5503,0,Personal Loan
10405,10405,2026-06-30,80,592,4846.89,21268.83,0.5357,0,Personal Loan
10406,10406,2026-06-30,5,734,3012.45,4421.16,0.3648,0,Personal Loan
10407,10407,2026-06-30,46,498,3667.85,1705.08,0.6718,1,Medical
10408,10408,2026-06-30,32,717,4060.59,22066.01,0.4241,2,Medical
10409,10409,2026-06-30,50,461,2516.25,18149.2,0.5873,0,Credit Card
10410,10410,2026-06-30,30,779,3477.33,1789.4,0.4811,1,Medical
10411,10411,2026-06-30,7,752,5638.04,7330.11,0.8378,0,Credit Card
10412,10412,2026-06-30,65,429,4340.78,14876.65,0.5823,1,Auto
10413,10413,2026-06-30,8,633,6211.66,21856.59,0.6885,3,Medical
10414,10414,2026-06-30,5,535,2409.83,14261.54,0.8856,2,Personal Loan
10415,10415,2026-06-30,19,449,1797.17,2626.13,0.8311,1,Medical
10416,10416,2026-06-30,14,671,4684.47,8140.8,0.9724,2,Credit Card
10417,10417,2026-06-30,39,487,3011.94,8705.78,0.6854,2,Credit Card
10418,10418,2026-06-30,46,653,4623.0,4680.19,0.7318,2,Credit Card
10419,10419,2026-06-30,88,557,4558.7,11358.39,0.8657,2,Personal Loan
10420,10420,2026-06-30,2,801,6214.96,1003.14,0.4193,0,Credit Card
10421,10421,2026-06-30,36,546,5106.51,24353.72,0.4283,0,Medical
10422,10422,2026-06-30,29,708,5504.29,21599.89,0.3768,2,Auto
10423,10423,2026-06-30,66,528,7333.75,16723.04,0.4712,2,Personal Loan
10424,10424,2026-06-30,14,421,4031.02,8296.86,0.6162,3,Auto
10425,10425,2026-06-30,11,678,4355.29,3084.19,0.8627,0,Personal Loan
10426,10426,2026-06-30,47,571,5451.17,5684.76,0.2771,1,Medical
10427,10427,2026-06-30,48,510,4755.55,12825.43,0.5406,1,Auto
10428,10428,2026-06-30,36,734,5839.64,12068.95,0.5999,1,Auto
10429,10429,2026-06-30,37,716,5457.13,4254.3,0.8116,0,Medical
10430,10430,2026-06-30,51,778,3287.82,20239.3,0.5951,3,Credit Card
10431,10431,2026-06-30,6,781,4662.4,9046.37,0.2299,1,Medical
10432,10432,2026-06-30,50,583,3592.48,17478.73,0.4334,0,Personal Loan
10433,10433,2026-06-30,33,598,3207.01,20913.8,0.7991,0,Credit Card
10434,10434,2026-06-30,46,617,4105.23,10539.49,0.3806,0,Medical
10435,10435,2026-06-30,76,763,6666.82,10605.34,0.7185,1,Auto
10436,10436,2026-06-30,25,591,7264.59,6253.74,0.7184,0,Credit Card
10437,10437,2026-06-30,12,794,4235.43,3716.55,0.695,4,Personal Loan
10438,10438,2026-06-30,0,652,4435.22,18928.56,0.3817,0,Personal Loan
10439,10439,2026-06-30,80,693,1636.37,15706.92,0.7085,0,Medical
10440,10440,2026-06-30,67,684,3880.7,13658.8,0.7316,0,Personal Loan
10441,10441,2026-06-30,75,698,6997.29,4361.07,0.2334,1,Personal Loan
10442,10442,2026-06-30,34,542,2945.6,11508.05,0.7179,2,Auto
10443,10443,2026-06-30,62,589,2690.04,16738.31,0.7918,0,Auto
10444,10444,2026-06-30,18,530,4095.54,19566.04,0.8643,1,Credit Card
10445,10445,2026-06-30,70,771,7353.6,601.58,0.4469,2,Medical
10446,10446,2026-06-30,58,430,3601.23,4683.8,0.8877,1,Medical
10447,10447,2026-06-30,80,752,11058.63,6930.81,0.2638,2,Medical
10448,10448,2026-06-30,10,808,4401.16,18904.51,0.8135,0,Auto
10449,10449,2026-06-30,20,574,8802.64,8734.08,0.2229,1,Medical
10450,10450,2026-06-30,46,531,2915.85,22760.56,0.5987,1,Auto
10451,10451,2026-06-30,34,437,3027.58,18203.36,0.5792,0,Personal Loan
10452,10452,2026-06-30,54,665,5454.14,14730.0,0.6876,1,Medical
10453,10453,2026-06-30,68,738,4000.81,20701.71,0.7479,1,Medical
10454,10454,2026-06-30,7,477,3172.62,2124.36,0.9424,3,Medical
10455,10455,2026-06-30,6,632,3063.23,17420.38,0.5464,1,Personal Loan
10456,10456,2026-06-30,14,695,8959.46,13559.96,0.9112,1,Auto
10457,10457,2026-06-30,53,618,6589.98,10811.17,0.3533,0,Auto
10458,10458,2026-06-30,7,519,5035.76,21232.16,0.3949,1,Personal Loan
10459,10459,2026-06-30,46,451,6884.67,12006.36,0.4071,3,Auto
10460,10460,2026-06-30,33,459,3272.74,16775.2,0.841,1,Credit Card
10461,10461,2026-06-30,33,605,7414.9,6590.6,0.5409,2,Personal Loan
10462,10462,2026-06-30,52,620,5525.1,22121.31,0.6273,2,Auto
10463,10463,2026-06-30,1,448,2784.67,1252.77,0.7046,4,Credit Card
10464,10464,2026-06-30,64,713,5881.76,4559.63,0.652,1,Personal Loan
10465,10465,2026-06-30,64,819,2800.61,21231.17,0.4633,5,Medical
10466,10466,2026-06-30,62,620,4597.93,12630.98,0.6173,1,Credit Card
10467,10467,2026-06-30,60,691,9109.94,5606.15,0.7262,2,Medical
10468,10468,2026-06-30,6,517,4937.93,5220.77,0.8615,3,Auto
10469,10469,2026-06-30,39,434,4862.03,1908.02,0.3998,0,Credit Card
10470,10470,2026-06-30,77,710,7544.92,15806.95,0.5053,1,Credit Card
10471,10471,2026-06-30,72,730,5222.49,4743.77,0.6601,2,Personal Loan
10472,10472,2026-06-30,59,599,2203.85,21325.92,0.5711,0,Personal Loan
10473,10473,2026-06-30,8,578,4359.12,12626.53,0.9172,2,Medical
10474,10474,2026-06-30,60,620,3943.98,9770.68,0.4193,1,Medical
10475,10475,2026-06-30,87,621,3208.55,23563.84,0.7183,0,Auto
10476,10476,2026-06-30,33,462,4155.28,11627.9,0.7364,0,Auto
10477,10477,2026-06-30,56,452,4991.26,2937.26,0.2889,2,Personal Loan
10478,10478,2026-06-30,28,554,3796.48,23732.1,0.5744,0,Credit Card
10479,10479,2026-06-30,63,705,3021.4,826.04,0.4888,1,Personal Loan
10480,10480,2026-06-30,29,580,3746.25,20765.83,0.5634,0,Credit Card
10481,10481,2026-06-30,19,669,3483.24,2264.21,0.7394,1,Personal Loan
10482,10482,2026-06-30,39,487,5329.43,13247.23,0.8254,0,Medical
10483,10483,2026-06-30,13,725,3460.29,24501.33,0.3666,1,Credit Card
10484,10484,2026-06-30,34,622,5865.41,4679.94,0.3968,1,Personal Loan
10485,10485,2026-06-30,30,510,4272.86,6269.08,0.7766,1,Medical
10486,10486,2026-06-30,33,599,6997.55,8791.44,0.3394,0,Credit Card
10487,10487,2026-06-30,79,446,4856.17,21446.79,0.3239,1,Medical
10488,10488,2026-06-30,76,670,8593.46,18882.36,0.395,0,Personal Loan
10489,10489,2026-06-30,86,678,2055.49,14385.34,0.1722,0,Medical
10490,10490,2026-06-30,43,750,2599.92,12428.92,0.9034,3,Medical
10491,10491,2026-06-30,38,661,4973.39,21855.0,0.7418,1,Auto
10492,10492,2026-06-30,25,519,7082.79,18263.61,0.6963,0,Auto
10493,10493,2026-06-30,73,738,7168.2,1326.21,0.6032,1,Auto
10494,10494,2026-06-30,66,691,3776.69,13680.14,0.8292,1,Auto
10495,10495,2026-06-30,82,702,7717.53,17612.33,0.4672,3,Personal Loan
10496,10496,2026-06-30,77,521,7458.35,12135.74,0.8366,1,Personal Loan
10497,10497,2026-06-30,65,721,9625.13,2825.87,0.595,2,Medical
10498,10498,2026-06-30,8,745,4539.47,22827.2,0.3684,3,Credit Card
10499,10499,2026-06-30,81,452,5107.73,12357.5,0.5392,1,Auto
10500,10500,2026-06-30,5,795,4794.19,13339.22,0.5557,1,Credit Card
